V,Np,B,Tp,Texp/Tp,Pdyn,logBeta,B_rms,Time
337.2268,4.12,12.978601,128867.0,0.20726928,0.94,-0.5850267,0.04,2022-12-20 00:00:00
337.53265,4.1,13.039164,134671.0,0.19889696,0.94,-0.5850267,0.04,2022-12-20 00:05:00
335.43167,3.84,13.028491,114890.0,0.2286538,0.87,-0.63827217,0.02,2022-12-20 00:10:00
334.6927,3.5,13.069281,118510.0,0.22015266,0.78,-0.67778075,0.03,2022-12-20 00:15:00
336.65457,3.28,13.186156,124238.0,0.21385835,0.74,-0.69897,0.04,2022-12-20 00:20:00
341.9485,3.12,13.238885,101377.0,0.2751284,0.73,-0.7695511,0.02,2022-12-20 00:25:00
340.67606,3.15,13.2969055,88414.0,0.3118269,0.73,-0.79588,0.01,2022-12-20 00:30:00
336.85852,3.62,13.275745,118731.0,0.22419985,0.82,-0.67778075,0.04,2022-12-20 00:35:00
314.41092,3.06,13.314218,68502.0,0.31351775,0.61,-0.853872,0.02,2022-12-20 00:40:00
316.36755,4.38,13.320149,82934.0,0.26400986,0.88,-0.65757734,0.06,2022-12-20 00:45:00
318.6136,4.7,13.25255,108242.0,0.20678599,0.95,-0.5850267,0.02,2022-12-20 00:50:00
326.91592,4.52,13.177079,98203.0,0.24692775,0.97,-0.60206,0.05,2022-12-20 00:55:00
331.735,4.16,13.188453,85532.0,0.29672205,0.92,-0.67778075,0.04,2022-12-20 01:00:00
326.86734,4.06,13.19202,100218.0,0.24185114,0.87,-0.65757734,0.02,2022-12-20 01:05:00
322.5637,4.79,13.145201,114756.0,0.20267485,1.0,-0.552842,0.01,2022-12-20 01:10:00
320.3625,4.95,13.131036,122880.0,0.18528341,1.02,-0.52287877,0.05,2022-12-20 01:15:00
332.30173,3.76,13.747018,127514.0,0.20009136,0.83,-0.67778075,0.06,2022-12-20 01:20:00
336.21576,3.11,13.824511,121993.0,0.21691138,0.7,-0.7695511,0.01,2022-12-20 01:25:00
338.9038,3.27,13.860436,113135.0,0.23976523,0.75,-0.7695511,0.02,2022-12-20 01:30:00
339.01816,2.87,13.73727,123983.0,0.21901666,0.66,-0.79588,0.02,2022-12-20 01:35:00
337.73285,2.75,13.482563,105904.0,0.25339124,0.63,-0.82390875,0.05,2022-12-20 01:40:00
337.31964,2.92,13.465482,86445.0,0.30924946,0.66,-0.853872,0.01,2022-12-20 01:45:00
337.7128,3.14,13.417582,104196.0,0.25749725,0.72,-0.7695511,0.02,2022-12-20 01:50:00
338.19153,2.81,13.414026,101205.0,0.26627892,0.64,-0.82390875,0.02,2022-12-20 01:55:00
341.01953,2.76,13.432651,102952.0,0.2686348,0.64,-0.82390875,0.02,2022-12-20 02:00:00
343.84912,2.71,13.477845,104699.0,0.2710354,0.64,-0.853872,0.01,2022-12-20 02:05:00
331.29446,2.92,13.48785,87870.0,0.28763473,0.64,-0.853872,0.01,2022-12-20 02:10:00
333.18295,3.97,13.445966,93197.0,0.27603537,0.88,-0.69897,0.02,2022-12-20 02:15:00
341.41928,3.38,13.382534,102758.0,0.2701253,0.79,-0.7447275,0.02,2022-12-20 02:20:00
336.108,3.34,13.401825,74121.0,0.3566503,0.76,-0.79588,0.03,2022-12-20 02:25:00
336.628,3.98,13.359274,77359.0,0.34337047,0.91,-0.7212464,0.03,2022-12-20 02:30:00
338.22446,4.35,13.37932,71826.0,0.3753088,1.0,-0.69897,0.04,2022-12-20 02:35:00
341.99612,4.75,13.47515,68995.0,0.40443206,1.11,-0.67778075,0.01,2022-12-20 02:40:00
344.78436,4.54,13.408598,66284.0,0.43174964,1.08,-0.69897,0.02,2022-12-20 02:45:00
339.44055,4.77,13.506565,66827.0,0.40791598,1.1,-0.65757734,0.03,2022-12-20 02:50:00
339.63727,4.55,13.462712,61180.0,0.44637153,1.05,-0.69897,0.07,2022-12-20 02:55:00
338.3944,4.79,13.332877,85532.0,0.31566104,1.1,-0.6197888,0.02,2022-12-20 03:00:00
339.13882,4.96,13.35504,74004.0,0.3673374,1.14,-0.63827217,0.05,2022-12-20 03:05:00
336.8813,5.75,13.444441,71250.0,0.3736852,1.3,-0.5850267,0.07,2022-12-20 03:10:00
340.41748,5.38,13.497001,75816.0,0.3627833,1.25,-0.60206,0.01,2022-12-20 03:15:00
340.3799,5.72,13.524577,81754.0,0.3363178,1.33,-0.56863624,0.02,2022-12-20 03:20:00
345.39297,5.06,13.589588,87536.0,0.32872936,1.21,-0.60206,0.07,2022-12-20 03:25:00
341.8272,4.72,13.708297,75143.0,0.37077186,1.1,-0.67778075,0.03,2022-12-20 03:30:00
345.70615,4.41,13.654314,84906.0,0.33986935,1.05,-0.67778075,0.02,2022-12-20 03:35:00
339.12198,4.94,13.6656685,72227.0,0.37631688,1.14,-0.65757734,0.05,2022-12-20 03:40:00
334.75522,5.11,13.610588,66686.0,0.3914685,1.15,-0.65757734,0.02,2022-12-20 03:45:00
335.45697,5.47,13.5945215,50530.0,0.520012,1.23,-0.65757734,0.01,2022-12-20 03:50:00
332.88565,5.69,13.616901,50530.0,0.5077039,1.26,-0.63827217,0.01,2022-12-20 03:55:00
330.55484,5.57,13.619134,47432.0,0.5291622,1.22,-0.65757734,0.02,2022-12-20 04:00:00
330.55484,5.57,13.564309,47432.0,0.5291622,1.22,-0.65757734,0.04,2022-12-20 04:05:00
326.74545,5.95,13.547527,48798.0,0.49612096,1.27,-0.6197888,0.02,2022-12-20 04:10:00
330.98077,5.61,13.562792,51426.0,0.4900253,1.23,-0.63827217,0.02,2022-12-20 04:15:00
329.89777,5.62,13.531271,49185.0,0.50715125,1.23,-0.65757734,0.01,2022-12-20 04:20:00
327.98752,5.78,13.560668,47342.0,0.51745474,1.25,-0.63827217,0.02,2022-12-20 04:25:00
329.97366,5.19,13.656955,49332.0,0.50600237,1.13,-0.69897,0.08,2022-12-20 04:30:00
336.94644,4.01,13.666678,58237.0,0.45746008,0.91,-0.79588,0.07,2022-12-20 04:35:00
338.82516,4.47,13.475418,78200.0,0.3466272,1.03,-0.67778075,0.09,2022-12-20 04:40:00
337.01093,4.72,13.404022,80429.0,0.3314349,1.07,-0.63827217,0.08,2022-12-20 04:45:00
337.7787,4.25,13.464861,74350.0,0.36108246,0.97,-0.69897,0.02,2022-12-20 04:50:00
333.61517,4.71,13.342961,71318.0,0.3621765,1.05,-0.65757734,0.06,2022-12-20 04:55:00
335.83725,5.26,13.256519,72059.0,0.36593685,1.19,-0.60206,0.08,2022-12-20 05:00:00
335.70874,4.45,13.442473,92568.0,0.28452218,1.0,-0.65757734,0.09,2022-12-20 05:05:00
336.1793,4.33,13.682113,84950.0,0.31139183,0.98,-0.67778075,0.04,2022-12-20 05:10:00
338.45776,4.07,13.708322,103194.0,0.26178703,0.93,-0.67778075,0.05,2022-12-20 05:15:00
337.7207,4.47,13.81637,88284.0,0.3039298,1.02,-0.67778075,0.05,2022-12-20 05:20:00
335.34683,4.98,13.565002,83728.0,0.31350756,1.12,-0.6197888,0.16,2022-12-20 05:30:00
335.83417,6.51,13.104889,94886.0,0.27789444,1.47,-0.4685211,0.24,2022-12-20 05:35:00
346.79276,4.18,13.917561,71524.0,0.40741906,0.98,-0.7212464,0.55,2022-12-20 05:40:00
343.28775,3.39,13.995504,152378.0,0.18528375,0.8,-0.67778075,0.1,2022-12-20 05:45:00
342.46823,5.52,13.341807,131748.0,0.21270818,1.29,-0.5086383,0.21,2022-12-20 05:50:00
343.9974,5.59,13.755153,104480.0,0.27196828,1.32,-0.552842,0.28,2022-12-20 05:55:00
352.8097,3.67,14.367501,105405.0,0.29166722,0.92,-0.7695511,0.01,2022-12-20 06:00:00
346.32248,4.59,14.177675,104898.0,0.27662498,1.1,-0.65757734,0.15,2022-12-20 06:05:00
340.29913,6.93,13.871128,89717.0,0.30624098,1.61,-0.4685211,0.32,2022-12-20 06:10:00
341.93463,3.73,14.341221,110558.0,0.2522492,0.87,-0.7447275,0.04,2022-12-20 06:15:00
344.87698,3.73,14.263135,89195.0,0.32111707,0.89,-0.79588,0.17,2022-12-20 06:20:00
349.37408,6.51,13.857666,66284.0,0.44989425,1.59,-0.552842,0.02,2022-12-20 06:25:00
339.61182,6.58,13.892361,61180.0,0.44626734,1.52,-0.56863624,0.01,2022-12-20 06:35:00
340.98822,6.24,13.925405,57916.0,0.47739112,1.45,-0.60206,0.04,2022-12-20 06:40:00
346.5603,4.87,13.989975,53775.0,0.54076207,1.17,-0.7212464,0.01,2022-12-20 06:45:00
344.8215,6.03,13.973664,58132.0,0.49246022,1.43,-0.6197888,0.04,2022-12-20 06:50:00
341.54498,7.17,14.013098,57393.0,0.4841942,1.67,-0.552842,0.02,2022-12-20 06:55:00
343.4948,6.64,14.09236,47735.0,0.59256744,1.57,-0.6197888,0.03,2022-12-20 07:00:00
343.69028,6.7,13.931766,46048.0,0.6153653,1.58,-0.60206,0.19,2022-12-20 07:05:00
350.0768,11.7,12.649886,49724.0,0.6034894,2.87,-0.27572417,0.14,2022-12-20 07:10:00
348.56094,12.64,12.593688,47342.0,0.6253487,3.07,-0.24412516,0.04,2022-12-20 07:15:00
345.6983,13.0,12.828472,47606.0,0.6061192,3.11,-0.23657204,0.02,2022-12-20 07:20:00
342.48773,12.65,12.707612,49141.0,0.5703759,2.97,-0.24412516,0.05,2022-12-20 07:25:00
345.081,12.22,12.835205,43778.0,0.6554619,2.91,-0.27572417,0.02,2022-12-20 07:35:00
344.2283,12.23,12.839587,43166.0,0.659655,2.91,-0.27572417,0.04,2022-12-20 07:40:00
352.16046,13.54,12.701792,48657.0,0.6282224,3.36,-0.21467017,0.09,2022-12-20 07:45:00
350.10117,12.41,12.965624,45196.0,0.6640943,3.04,-0.27572417,0.04,2022-12-20 07:50:00
347.04105,12.38,12.340503,52903.0,0.5520526,3.0,-0.27572417,0.21,2022-12-20 07:55:00
342.03253,9.59,13.523942,51588.0,0.5410761,2.24,-0.40893543,0.02,2022-12-20 08:00:00
339.1181,10.45,13.319122,53965.0,0.5036463,2.4,-0.35654733,0.25,2022-12-20 08:05:00
339.79355,12.33,12.995715,46161.0,0.59245133,2.85,-0.27572417,0.05,2022-12-20 08:10:00
343.17612,10.38,13.189311,63309.0,0.44550684,2.44,-0.32790217,0.38,2022-12-20 08:15:00
350.1607,10.21,13.624516,73557.0,0.40825891,2.51,-0.3372422,0.07,2022-12-20 08:20:00
346.5621,10.67,13.338234,75890.0,0.3831856,2.57,-0.30103,0.29,2022-12-20 08:25:00
349.31943,12.57,14.035754,53903.0,0.5529612,3.07,-0.32790217,0.23,2022-12-20 08:30:00
350.1098,12.93,14.412664,47813.0,0.62779397,3.18,-0.3467875,0.12,2022-12-20 08:35:00
349.70798,13.29,14.770464,49744.0,0.6012705,3.25,-0.3467875,0.08,2022-12-20 08:40:00
345.63,12.34,14.58697,56274.0,0.5124422,2.95,-0.37675074,0.23,2022-12-20 08:45:00
345.14536,12.78,14.5870695,58807.0,0.48823234,3.04,-0.3372422,0.31,2022-12-20 08:50:00
351.69476,13.49,13.348187,70831.0,0.42978013,3.35,-0.24412516,0.49,2022-12-20 08:55:00
354.14044,14.44,12.306824,68363.0,0.45500648,3.63,-0.19382004,0.11,2022-12-20 09:00:00
352.96756,14.83,12.285056,71938.0,0.42795226,3.7,-0.16115092,0.17,2022-12-20 09:05:00
360.84213,15.91,12.295214,76203.0,0.43272477,4.15,-0.10237289,0.06,2022-12-20 09:10:00
358.04944,15.01,12.402117,76982.0,0.41811,3.85,-0.11350928,0.04,2022-12-20 09:15:00
361.04483,15.72,12.6256485,79011.0,0.41807622,4.1,-0.08092192,0.05,2022-12-20 09:20:00
356.2026,15.6,12.539318,81102.0,0.39053205,3.96,-0.06550154,0.13,2022-12-20 09:25:00
354.53165,15.18,12.468909,75388.0,0.4140273,3.82,-0.09151498,0.17,2022-12-20 09:30:00
344.08072,14.93,12.042932,77539.0,0.36674032,3.54,-0.05551733,0.01,2022-12-20 09:45:00
342.53516,17.32,12.172382,85514.0,0.32791036,4.06,0.012837212,0.13,2022-12-20 10:00:00
344.26318,15.07,12.156266,78302.0,0.36376655,3.57,-0.07572073,0.12,2022-12-20 10:05:00
344.61835,15.42,12.076974,83273.0,0.34315115,3.66,-0.036212165,0.04,2022-12-20 10:10:00
349.9599,15.26,11.819937,86245.0,0.34757638,3.74,-0.036212165,0.31,2022-12-20 10:15:00
351.14627,13.06,11.823189,74524.0,0.40650266,3.22,-0.10790541,0.13,2022-12-20 10:20:00
353.5378,14.89,11.896776,81530.0,0.37950602,3.72,-0.045757502,0.08,2022-12-20 10:25:00
348.46017,15.07,11.306308,77445.0,0.38193077,3.65,-0.022276402,0.67,2022-12-20 10:30:00
356.61063,17.64,10.547445,101128.0,0.31431463,4.49,0.15533602,0.09,2022-12-20 10:35:00
362.08917,16.02,10.569797,91979.0,0.36237592,4.23,0.0293838,0.51,2022-12-20 10:40:00
369.54245,15.0,12.356897,70048.0,0.50698894,4.09,-0.09691001,0.05,2022-12-20 10:45:00
365.67123,14.87,12.214946,72869.0,0.47164375,3.98,-0.08092192,0.03,2022-12-20 10:50:00
359.9054,13.87,12.16162,68787.0,0.47551385,3.6,-0.119186416,0.06,2022-12-20 10:55:00
363.4114,14.13,12.263026,65088.0,0.51793474,3.73,-0.12493874,0.02,2022-12-20 11:00:00
363.4114,14.13,12.246669,65088.0,0.51793474,3.73,-0.12493874,0.02,2022-12-20 11:05:00
361.134,15.02,12.269189,81932.0,0.4034812,3.92,-0.05551733,0.04,2022-12-20 11:10:00
354.99622,14.03,12.280399,69118.0,0.4534302,3.54,-0.119186416,0.02,2022-12-20 11:20:00
370.07202,15.84,12.148308,73690.0,0.48408517,4.34,-0.05061,0.02,2022-12-20 11:25:00
350.48386,13.69,11.908396,71191.0,0.42304027,3.36,-0.10790541,0.1,2022-12-20 11:35:00
348.99814,13.78,12.039394,62578.0,0.4749434,3.36,-0.13076828,0.07,2022-12-20 11:40:00
351.86035,13.49,11.457739,65814.0,0.4632205,3.35,-0.13076828,0.11,2022-12-20 11:45:00
364.36523,13.79,11.560787,62573.0,0.5431662,3.66,-0.13667715,0.06,2022-12-20 11:50:00
355.68375,13.66,11.270511,62603.0,0.50364256,3.46,-0.13667715,0.15,2022-12-20 11:55:00
355.40887,14.65,11.614621,71686.0,0.4387711,3.69,-0.10237289,0.2,2022-12-20 12:05:00
360.1894,13.15,11.896928,46405.0,0.70659596,3.41,-0.18045606,0.07,2022-12-20 12:10:00
356.67813,13.59,11.836321,52659.0,0.6039754,3.46,-0.1426675,0.15,2022-12-20 12:15:00
356.8891,12.98,11.417709,62392.0,0.51069605,3.3,-0.14874166,0.14,2022-12-20 12:20:00
360.99203,12.67,11.1528425,53452.0,0.6177053,3.3,-0.16115092,0.33,2022-12-20 12:25:00
357.14487,12.11,11.2661705,51494.0,0.6201593,3.09,-0.18708667,0.11,2022-12-20 12:30:00
360.81555,12.55,11.074046,53923.0,0.61137843,3.27,-0.16115092,0.17,2022-12-20 12:35:00
359.63596,11.78,11.750111,50880.0,0.641372,3.05,-0.19382004,0.05,2022-12-20 12:40:00
361.6045,13.18,11.513032,53366.0,0.6219743,3.45,-0.10790541,0.21,2022-12-20 12:45:00
360.0014,13.94,10.873831,54331.0,0.6025353,3.62,-0.05061,0.01,2022-12-20 12:50:00
361.27255,13.14,11.001586,53710.0,0.6162264,3.43,-0.08618615,0.12,2022-12-20 12:55:00
356.48663,13.17,10.55381,47832.0,0.6638154,3.35,-0.09151498,0.16,2022-12-20 13:00:00
356.90594,13.04,11.208261,44432.0,0.7172313,3.32,-0.119186416,0.12,2022-12-20 13:05:00
354.86026,10.87,10.711102,55912.0,0.55985916,2.74,-0.1426675,0.31,2022-12-20 13:10:00
354.29324,10.1,10.776595,58699.0,0.5306292,2.54,-0.18045606,0.11,2022-12-20 13:15:00
354.78128,9.29,10.83432,63598.0,0.49185762,2.34,-0.22184876,0.07,2022-12-20 13:20:00
351.17267,11.78,9.940227,68046.0,0.44530606,2.91,-0.031517047,0.72,2022-12-20 13:25:00
350.46036,11.05,8.835304,89977.0,0.33464527,2.72,0.025305841,0.16,2022-12-20 13:30:00
356.0165,11.74,8.926953,89413.0,0.35365605,2.98,0.06818584,0.1,2022-12-20 13:35:00
359.47327,12.28,9.500026,88248.0,0.36926696,3.18,0.07554698,0.17,2022-12-20 13:40:00
366.16504,12.61,9.28641,82957.0,0.41603345,3.38,0.10380372,0.13,2022-12-20 13:45:00
360.2369,13.23,8.403838,89328.0,0.36722028,3.44,0.22271647,0.38,2022-12-20 13:50:00
353.20572,14.13,7.958473,96909.0,0.31834745,3.53,0.3201463,0.28,2022-12-20 13:55:00
352.52838,14.59,5.8287992,118898.0,0.25792643,3.63,0.6404815,0.66,2022-12-20 14:00:00
351.8508,14.75,6.5582695,137064.0,0.2224057,3.65,0.7671559,2.28,2022-12-20 14:05:00
354.69748,13.84,3.8482463,147244.0,0.2122882,3.48,1.0244857,0.95,2022-12-20 14:10:00
360.87753,11.48,6.7423735,123602.0,0.2668646,2.98,0.6748612,2.02,2022-12-20 14:15:00
365.18088,9.53,8.494168,105062.0,0.3257594,2.55,0.045322984,0.56,2022-12-20 14:20:00
363.5261,9.93,8.297645,105065.0,0.321177,2.63,0.02118928,1.27,2022-12-20 14:25:00
363.09222,10.07,9.460259,100711.0,0.333819,2.65,0.025305841,0.07,2022-12-20 14:30:00
364.35522,10.64,9.210353,107058.0,0.31744128,2.83,0.08990512,0.11,2022-12-20 14:35:00
364.73996,10.7,9.080584,104728.0,0.3255716,2.85,0.09342169,0.06,2022-12-20 14:40:00
364.36133,10.52,9.130641,99774.0,0.3406339,2.79,0.06818584,0.08,2022-12-20 14:45:00
364.95352,9.98,9.691924,91549.0,0.3731188,2.66,-0.013228253,0.12,2022-12-20 14:50:00
367.1415,9.81,9.728992,94327.0,0.3689316,2.65,-0.017728778,0.16,2022-12-20 14:55:00
366.5239,9.18,9.841844,78408.0,0.4415148,2.47,-0.09151498,0.07,2022-12-20 15:00:00
364.8743,9.15,9.880511,81054.0,0.4211461,2.44,-0.08618615,0.07,2022-12-20 15:05:00
367.8457,9.56,9.770537,83115.0,0.42120457,2.58,-0.05551733,0.15,2022-12-20 15:10:00
368.74127,9.76,9.643785,83771.0,0.4210817,2.66,-0.036212165,0.08,2022-12-20 15:15:00
368.2456,9.3,9.746282,77554.0,0.45293647,2.52,-0.08618615,0.12,2022-12-20 15:20:00
368.07245,9.57,8.951626,94776.0,0.37008992,2.59,0.07188199,0.51,2022-12-20 15:25:00
359.08514,10.43,7.545787,122252.0,0.2656617,2.68,0.2624511,0.5,2022-12-20 15:30:00
349.61392,12.88,5.953503,158338.0,0.18873905,3.15,0.52244425,0.61,2022-12-20 15:35:00
364.48016,9.87,8.592869,120921.0,0.2813483,2.59,0.12710482,1.05,2022-12-20 15:40:00
369.86893,7.21,9.981448,89823.0,0.3964612,1.97,-0.23657204,0.22,2022-12-20 15:45:00
363.8057,9.34,7.2397933,105262.0,0.32134414,2.46,0.13672057,1.57,2022-12-20 15:50:00
350.48303,12.97,6.0504875,142943.0,0.21068844,3.19,0.5403295,0.19,2022-12-20 15:55:00
353.7966,12.32,6.3546677,144573.0,0.21450537,3.08,0.48000696,0.07,2022-12-20 16:00:00
350.40768,11.86,6.6454573,141538.0,0.2126375,2.91,0.4456042,0.24,2022-12-20 16:05:00
361.7836,8.12,9.185744,141841.0,0.23437147,2.1,0.017033322,0.77,2022-12-20 16:10:00
353.6596,8.29,9.720083,161405.0,0.19190434,2.08,0.0293838,0.3,2022-12-20 16:15:00
359.15854,8.12,9.714453,169532.0,0.19169441,2.1,0.02118928,0.64,2022-12-20 16:20:00
356.04425,9.73,7.9858685,155523.0,0.2033726,2.46,0.28103337,0.58,2022-12-20 16:25:00
354.17087,9.64,8.8150835,193581.0,0.1607282,2.42,0.23044895,0.34,2022-12-20 16:30:00
349.20578,4.56,11.646256,194919.0,0.15276134,1.11,-0.30980393,0.81,2022-12-20 16:35:00
351.52118,2.44,12.899155,146067.0,0.20808947,0.61,-0.7695511,0.08,2022-12-20 16:40:00
347.8129,1.84,12.911259,95026.0,0.30947235,0.45,-0.9586073,0.26,2022-12-20 16:45:00
335.1205,1.63,13.266853,88434.0,0.2962011,0.37,-1.0457575,0.08,2022-12-20 16:50:00
328.7084,1.39,13.429454,68644.0,0.35932273,0.3,-1.154902,0.02,2022-12-20 16:55:00
333.55362,1.71,13.512317,77331.0,0.333823,0.38,-1.0969101,0.03,2022-12-20 17:00:00
335.5431,1.64,13.487912,70313.0,0.37400216,0.37,-1.0969101,0.07,2022-12-20 17:05:00
328.9813,1.21,13.274005,42173.0,0.586374,0.26,-1.30103,0.08,2022-12-20 17:10:00
332.79834,1.4,13.444873,42044.0,0.60967886,0.31,-1.30103,0.07,2022-12-20 17:15:00
324.60373,1.69,13.547498,56750.0,0.4179582,0.35,-1.154902,0.01,2022-12-20 17:25:00
326.63257,1.52,13.588002,52388.0,0.46162632,0.33,-1.2218488,0.01,2022-12-20 17:35:00
327.12173,1.44,13.590913,48454.0,0.50143653,0.31,-1.2218488,0.01,2022-12-20 17:40:00
330.0133,1.42,13.555918,50244.0,0.49700353,0.31,-1.2218488,0.01,2022-12-20 17:45:00
333.42963,1.56,13.495707,80275.0,0.32120848,0.35,-1.0969101,0.03,2022-12-20 17:50:00
337.00348,1.57,13.4610615,91436.0,0.291517,0.36,-1.0969101,0.02,2022-12-20 17:55:00
338.70428,1.54,13.469744,76000.0,0.35626522,0.35,-1.154902,0.01,2022-12-20 18:00:00
335.78046,1.55,13.48642,66633.0,0.39552727,0.35,-1.154902,0.01,2022-12-20 18:05:00
331.83917,1.81,13.288754,63376.0,0.40084663,0.4,-1.0969101,0.05,2022-12-20 18:10:00
327.27402,1.75,13.274408,91549.0,0.2657793,0.37,-1.0457575,0.06,2022-12-20 18:15:00
334.90915,1.59,13.326079,70908.0,0.36868697,0.36,-1.154902,0.04,2022-12-20 18:20:00
338.71707,1.68,13.273391,72610.0,0.3729423,0.39,-1.0969101,0.05,2022-12-20 18:25:00
339.74127,1.86,13.295785,114481.0,0.23877367,0.43,-0.9586073,0.04,2022-12-20 18:30:00
344.47284,1.94,13.270331,111864.0,0.25511053,0.46,-0.9586073,0.03,2022-12-20 18:35:00
336.598,1.8,13.242938,98927.0,0.2684346,0.41,-1.0,0.02,2022-12-20 18:40:00
337.0205,1.71,13.210788,83188.0,0.320471,0.39,-1.0969101,0.05,2022-12-20 18:45:00
341.60077,1.82,13.058618,104408.0,0.26629657,0.43,-1.0,0.04,2022-12-20 18:50:00
342.06094,1.92,13.031029,107844.0,0.25889483,0.45,-0.9586073,0.02,2022-12-20 18:55:00
338.57718,1.91,13.07301,111541.0,0.24246274,0.44,-0.9586073,0.01,2022-12-20 19:00:00
338.51602,1.88,13.117171,102574.0,0.26351058,0.43,-1.0,0.02,2022-12-20 19:05:00
337.13568,1.86,13.05601,109995.0,0.24262655,0.42,-0.9586073,0.01,2022-12-20 19:10:00
340.75073,1.72,13.011648,94318.0,0.29250708,0.4,-1.0457575,0.05,2022-12-20 19:15:00
344.9503,1.49,12.989881,81043.0,0.35365164,0.35,-1.0969101,0.01,2022-12-20 19:20:00
346.61697,1.9,12.859137,110826.0,0.26252222,0.46,-0.9586073,0.01,2022-12-20 19:30:00
341.28152,2.24,12.841406,147892.0,0.18745223,0.52,-0.82390875,0.01,2022-12-20 19:35:00
348.71384,2.08,12.868648,130387.0,0.227367,0.51,-0.88605666,0.01,2022-12-20 19:40:00
351.52618,1.99,12.839599,120954.0,0.25130507,0.49,-0.9208188,0.02,2022-12-20 19:45:00
352.74152,2.34,12.657749,126354.0,0.24316359,0.58,-0.82390875,0.02,2022-12-20 20:20:00
349.02838,2.21,12.441021,146846.0,0.20245035,0.53,-0.79588,0.07,2022-12-20 20:25:00
341.88568,2.06,12.526404,138551.0,0.20119485,0.48,-0.853872,0.03,2022-12-20 20:30:00
337.8256,2.08,12.590048,123896.0,0.2167793,0.48,-0.853872,0.04,2022-12-20 20:35:00
351.34018,2.01,12.538728,136445.0,0.22240692,0.49,-0.853872,0.03,2022-12-20 20:40:00
345.5867,2.03,12.527477,144728.0,0.19917311,0.48,-0.853872,0.04,2022-12-20 20:45:00
345.61264,2.16,12.441954,134172.0,0.21489327,0.52,-0.82390875,0.03,2022-12-20 20:50:00
329.16312,2.09,12.472618,105708.0,0.23434097,0.45,-0.88605666,0.01,2022-12-20 20:55:00
331.0571,2.25,12.365412,127670.0,0.1975259,0.49,-0.79588,0.04,2022-12-20 21:00:00
336.25568,2.06,12.299341,129445.0,0.2044996,0.46,-0.82390875,0.01,2022-12-20 21:05:00
351.274,1.76,12.1139965,125073.0,0.24248655,0.43,-0.9208188,0.04,2022-12-20 21:10:00
371.38593,1.59,12.21488,125801.0,0.2867066,0.44,-0.9586073,0.03,2022-12-20 21:15:00
349.45618,1.67,12.262573,142935.0,0.20878448,0.41,-0.88605666,0.02,2022-12-20 21:20:00
358.25348,1.79,12.255991,165748.0,0.19453676,0.46,-0.853872,0.01,2022-12-20 21:25:00
351.3221,1.86,12.271349,159217.0,0.19056669,0.46,-0.82390875,0.01,2022-12-20 21:30:00
344.83234,1.58,12.292209,129199.0,0.22159998,0.38,-0.9586073,0.05,2022-12-20 21:35:00
346.05292,1.38,12.224247,101864.0,0.2841745,0.32,-1.0457575,0.02,2022-12-20 21:40:00
359.7913,1.11,12.402016,47569.0,0.6869368,0.29,-1.2218488,0.01,2022-12-20 21:45:00
359.3268,1.45,12.327133,76917.0,0.42312828,0.38,-1.0969101,0.02,2022-12-20 21:50:00
359.1469,1.57,12.325681,54292.0,0.598524,0.41,-1.0969101,0.02,2022-12-20 21:55:00
355.7003,1.65,12.357363,48655.0,0.6481163,0.42,-1.0969101,0.02,2022-12-20 22:00:00
352.3697,1.81,11.89061,66777.0,0.45860082,0.45,-1.0,0.14,2022-12-20 22:05:00
360.53696,3.03,10.691052,122359.0,0.26878437,0.81,-0.552842,0.44,2022-12-20 22:10:00
369.9698,4.5,10.693063,196455.0,0.18142359,1.23,-0.27572417,0.44,2022-12-20 22:15:00
373.70624,5.33,10.2129965,157719.0,0.23316222,1.49,-0.21467017,0.06,2022-12-20 22:20:00
374.2228,5.54,10.015034,147318.0,0.25069976,1.55,-0.20065947,0.04,2022-12-20 22:25:00
371.3561,5.63,9.853421,147347.0,0.24472143,1.55,-0.17392519,0.17,2022-12-20 22:30:00
376.96017,7.18,9.221458,153413.0,0.24626395,2.04,-0.008773916,0.08,2022-12-20 22:35:00
359.78952,5.73,10.140044,139274.0,0.23461954,1.49,-0.22914802,0.44,2022-12-20 22:40:00
361.4697,5.48,10.3451,134437.0,0.246612,1.43,-0.25963733,0.07,2022-12-20 22:45:00
361.64258,6.15,10.283438,102695.0,0.3233182,1.61,-0.25181198,0.04,2022-12-20 22:50:00
346.86005,5.19,10.312346,68302.0,0.42689595,1.25,-0.38721615,0.1,2022-12-20 22:55:00
346.86005,5.19,9.970291,68302.0,0.42689595,1.25,-0.40893543,0.2,2022-12-20 23:00:00
353.5621,6.79,10.018996,179641.0,0.17227551,1.7,-0.07058106,0.18,2022-12-20 23:05:00
353.64685,6.85,9.936222,189433.0,0.16349232,1.71,-0.045757502,0.03,2022-12-20 23:10:00
362.86627,7.58,9.725318,125284.0,0.26782477,2.0,-0.08092192,0.07,2022-12-20 23:20:00
362.3931,8.0,9.836997,132576.0,0.25206783,2.1,-0.060480744,0.18,2022-12-20 23:25:00
364.73462,7.75,9.891218,126354.0,0.26983646,2.06,-0.08618615,0.04,2022-12-20 23:30:00
361.6687,7.93,9.913854,122512.0,0.27108067,2.07,-0.07572073,0.02,2022-12-20 23:40:00
356.8711,7.04,9.513338,113136.0,0.2815933,1.8,-0.11350928,0.15,2022-12-20 23:50:00
351.35468,7.73,8.794151,96127.0,0.3157303,1.91,-0.06550154,0.3,2022-12-20 23:55:00
351.6725,8.43,8.288993,105233.0,0.28922254,2.09,-0.0043648016,0.22,2022-12-21 00:00:00
354.35962,8.15,8.834371,117570.0,0.265081,2.04,0.017033322,0.46,2022-12-21 00:05:00
345.7976,9.24,8.808803,109520.0,0.26370272,2.21,0.05690485,0.18,2022-12-21 00:10:00
348.07907,7.13,9.048762,160118.0,0.18410198,1.74,0.0,0.12,2022-12-21 00:15:00
353.26044,6.39,9.445284,128575.0,0.24005923,1.6,-0.12493874,0.07,2022-12-21 00:20:00
353.36218,6.15,9.563315,130902.0,0.23600331,1.54,-0.1426675,0.08,2022-12-21 00:25:00
354.025,5.39,10.639591,55348.0,0.56143034,1.35,-0.4436975,0.18,2022-12-21 00:30:00
350.9101,4.9,10.776924,47188.0,0.6406463,1.21,-0.52287877,0.02,2022-12-21 00:35:00
346.01285,4.83,10.749814,43760.0,0.66125953,1.16,-0.52287877,0.03,2022-12-21 00:40:00
349.78033,5.31,10.83492,49841.0,0.6004868,1.3,-0.48148608,0.05,2022-12-21 00:45:00
354.35944,5.19,10.862693,47255.0,0.65951794,1.31,-0.49485007,0.14,2022-12-21 00:50:00
355.85446,6.43,10.310485,67901.0,0.4650397,1.63,-0.3187588,0.11,2022-12-21 00:55:00
361.87454,5.48,10.797269,65676.0,0.5065702,1.43,-0.4202164,0.13,2022-12-21 01:00:00
360.33908,5.2,10.958034,55994.0,0.58634895,1.35,-0.48148608,0.03,2022-12-21 01:05:00
361.2427,5.1,11.057175,49350.0,0.6704967,1.33,-0.5086383,0.03,2022-12-21 01:10:00
360.9062,6.05,10.971427,58140.0,0.56747764,1.58,-0.39794,0.06,2022-12-21 01:15:00
363.59985,4.64,10.56319,44686.0,0.7556232,1.23,-0.552842,0.03,2022-12-21 01:20:00
375.2294,5.59,10.759358,55467.0,0.6714392,1.57,-0.455932,0.08,2022-12-21 01:25:00
360.40945,5.96,10.51352,60155.0,0.5461224,1.55,-0.40893543,0.04,2022-12-21 01:30:00
361.80487,5.51,10.719426,55276.0,0.6015191,1.44,-0.455932,0.08,2022-12-21 01:35:00
367.40738,4.95,10.847419,55017.0,0.63396263,1.34,-0.52287877,0.18,2022-12-21 01:40:00
361.75815,5.42,10.565037,56449.0,0.5887829,1.42,-0.4685211,0.11,2022-12-21 01:45:00
360.8489,5.79,10.459914,61278.0,0.53815156,1.51,-0.4202164,0.05,2022-12-21 01:50:00
360.00525,4.11,10.54443,45090.0,0.7260464,1.07,-0.60206,0.04,2022-12-21 01:55:00
362.88187,5.58,10.513525,58860.0,0.57014346,1.47,-0.43179828,0.09,2022-12-21 02:00:00
362.75882,5.77,10.579291,58140.0,0.5765952,1.52,-0.43179828,0.06,2022-12-21 02:05:00
362.75882,5.77,10.992056,58140.0,0.5765952,1.52,-0.4202164,0.07,2022-12-21 02:10:00
346.67026,5.97,10.965058,60413.0,0.4818203,1.43,-0.40893543,0.05,2022-12-21 03:00:00
347.4123,6.2,10.996682,67491.0,0.4341706,1.5,-0.37675074,0.03,2022-12-21 03:05:00
358.95822,4.67,11.086555,57766.0,0.5616097,1.2,-0.53760207,0.05,2022-12-21 03:25:00
351.4042,4.99,11.159503,60775.0,0.49960563,1.23,-0.5086383,0.03,2022-12-21 03:30:00
359.56625,5.12,11.379429,55740.0,0.5850973,1.33,-0.52287877,0.02,2022-12-21 03:50:00
370.32263,4.71,11.480453,63033.0,0.56712335,1.3,-0.552842,0.02,2022-12-21 03:55:00
363.52396,4.41,11.397271,72428.0,0.465895,1.17,-0.552842,0.16,2022-12-21 04:10:00
364.0422,6.24,10.991187,75388.0,0.44959182,1.65,-0.37675074,0.09,2022-12-21 04:15:00
364.0422,6.24,11.554938,75388.0,0.44959182,1.65,-0.37675074,0.26,2022-12-21 04:20:00
370.6078,5.87,11.905137,55912.0,0.64088655,1.61,-0.5086383,0.12,2022-12-21 04:25:00
374.18878,2.71,11.916065,37955.0,0.97278696,0.76,-0.853872,0.11,2022-12-21 04:30:00
374.24756,5.19,11.54593,56406.0,0.6548981,1.45,-0.52287877,0.06,2022-12-21 04:35:00
371.38052,5.42,11.452393,57255.0,0.6299249,1.5,-0.49485007,0.06,2022-12-21 04:40:00
372.8821,4.81,11.618717,50530.0,0.7227833,1.34,-0.56863624,0.12,2022-12-21 04:45:00
379.7117,4.78,11.782071,55178.0,0.7003732,1.38,-0.5850267,0.03,2022-12-21 04:50:00
379.93658,5.23,11.708018,63510.0,0.6096124,1.51,-0.52287877,0.04,2022-12-21 04:55:00
380.96283,5.33,11.631358,50530.0,0.772669,1.55,-0.53760207,0.03,2022-12-21 05:00:00
381.0412,5.39,11.543336,53151.0,0.73503745,1.57,-0.52287877,0.07,2022-12-21 05:05:00
379.41428,5.64,11.587312,72847.0,0.52920556,1.62,-0.455932,0.03,2022-12-21 05:10:00
377.11026,5.09,11.635862,51585.0,0.73329335,1.45,-0.552842,0.02,2022-12-21 05:15:00
379.83746,5.61,12.09418,65332.0,0.5921301,1.62,-0.52287877,0.05,2022-12-21 05:55:00
383.00174,6.16,12.224324,62638.0,0.6337549,1.81,-0.48148608,0.1,2022-12-21 06:00:00
385.88995,5.1,12.259865,53588.0,0.75831294,1.52,-0.60206,0.09,2022-12-21 06:05:00
387.9852,6.2,12.372182,64684.0,0.6389104,1.87,-0.49485007,0.07,2022-12-21 06:10:00
397.52896,9.16,11.82469,56565.0,0.7880293,2.93,-0.29242983,0.51,2022-12-21 06:15:00
405.81308,12.47,7.757061,67491.0,0.7042523,4.11,-0.08618615,0.29,2022-12-21 06:20:00
372.91815,5.21,6.7693205,163592.0,0.2233192,1.45,-0.38721615,0.03,2022-12-21 06:25:00
384.29095,10.15,11.812916,35725.0,1.1228715,3.0,-0.3372422,0.1,2022-12-21 06:30:00
386.65533,10.31,12.222484,44432.0,0.9202356,3.08,-0.30103,0.07,2022-12-21 06:35:00
386.87857,10.75,12.1782465,44892.0,0.91244406,3.22,-0.2839967,0.02,2022-12-21 06:45:00
385.84662,10.79,12.3029995,41530.0,0.97814274,3.21,-0.30103,0.11,2022-12-21 06:50:00
380.0287,9.89,12.984244,34407.0,1.1260997,2.86,-0.40893543,0.06,2022-12-21 07:15:00
377.58627,10.96,13.029309,32564.0,1.1661888,3.13,-0.36653155,0.04,2022-12-21 07:20:00
377.83386,10.97,13.082389,33119.0,1.1489882,3.13,-0.36653155,0.02,2022-12-21 07:25:00
381.18933,10.99,13.146826,28489.0,1.3729955,3.19,-0.38721615,0.06,2022-12-21 07:30:00
385.82858,9.78,13.756486,29635.0,1.370554,2.91,-0.4685211,0.03,2022-12-21 07:40:00
381.32297,9.63,13.921383,33097.0,1.1831276,2.8,-0.48148608,0.06,2022-12-21 07:45:00
378.23254,9.77,14.072928,33140.0,1.1520362,2.79,-0.48148608,0.09,2022-12-21 07:50:00
378.49707,9.3,14.175295,35139.0,1.0888661,2.66,-0.5086383,0.03,2022-12-21 07:55:00
378.0965,10.06,14.446248,34848.0,1.0943455,2.88,-0.48148608,0.04,2022-12-21 08:05:00
376.53802,9.51,14.426545,35139.0,1.0714177,2.7,-0.5086383,0.02,2022-12-21 08:15:00
402.35602,7.88,14.410134,6544.0,7.0723605,2.55,-0.67778075,0.02,2022-12-21 08:50:00
361.13608,10.55,14.444407,25977.0,1.272611,2.75,-0.49485007,0.09,2022-12-21 08:55:00
359.00922,10.44,14.697307,25285.0,1.2836186,2.69,-0.52287877,0.08,2022-12-21 09:00:00
357.92316,9.69,14.839723,25630.0,1.2544527,2.48,-0.552842,0.04,2022-12-21 09:10:00
362.81824,10.05,15.040455,28065.0,1.1950951,2.64,-0.53760207,0.07,2022-12-21 09:15:00
376.97644,8.71,15.190833,27707.0,1.3637408,2.48,-0.6197888,0.03,2022-12-21 09:25:00
353.42917,9.75,15.212844,24367.0,1.268582,2.44,-0.56863624,0.05,2022-12-21 09:30:00
355.75336,8.99,15.271208,30702.0,1.0275794,2.28,-0.60206,0.05,2022-12-21 09:35:00
353.43304,8.49,15.31782,29217.0,1.0580344,2.12,-0.6197888,0.05,2022-12-21 09:40:00
354.2942,9.5,15.06075,28031.0,1.1111863,2.39,-0.56863624,0.02,2022-12-21 09:45:00
355.0573,9.33,15.094721,24531.0,1.2782598,2.35,-0.5850267,0.04,2022-12-21 09:50:00
351.4871,9.02,15.032801,21384.0,1.420961,2.23,-0.60206,0.03,2022-12-21 09:55:00
352.12094,8.86,15.046992,21232.0,1.4391832,2.2,-0.6197888,0.02,2022-12-21 10:00:00
354.90524,8.75,15.004931,24686.0,1.268541,2.2,-0.60206,0.02,2022-12-21 10:05:00
351.71402,8.79,14.895654,24082.0,1.2643028,2.17,-0.60206,0.07,2022-12-21 10:10:00
349.60507,8.58,14.584122,23688.0,1.2614913,2.1,-0.6197888,0.12,2022-12-21 10:15:00
346.75992,8.97,14.316288,20536.0,1.4185654,2.16,-0.5850267,0.25,2022-12-21 10:20:00
349.19632,9.26,13.102457,22294.0,1.3354975,2.26,-0.53760207,0.29,2022-12-21 10:25:00
337.745,8.47,12.530303,19169.0,1.4000809,1.93,-0.56863624,0.24,2022-12-21 10:30:00
339.05826,8.76,13.504641,20434.0,1.3293698,2.01,-0.552842,0.19,2022-12-21 10:35:00
342.7723,8.63,13.530461,20261.0,1.3869705,2.03,-0.53760207,0.58,2022-12-21 10:40:00
363.2788,10.4,13.121638,27172.0,1.2392559,2.75,-0.4202164,0.16,2022-12-21 10:45:00
338.0417,8.65,14.461085,20732.0,1.2980709,1.98,-0.60206,0.17,2022-12-21 10:50:00
338.90674,9.03,14.366387,25886.0,1.0479243,2.07,-0.56863624,0.23,2022-12-21 10:55:00
346.13113,9.2,13.630686,26634.0,1.0876145,2.22,-0.5086383,0.31,2022-12-21 11:00:00
338.8085,7.88,13.564265,21612.0,1.2540301,1.81,-0.6197888,0.58,2022-12-21 11:05:00
346.34598,9.24,13.135988,25756.0,1.1268651,2.22,-0.48148608,0.41,2022-12-21 11:15:00
382.951,8.31,12.177118,48571.0,0.8169642,2.44,-0.4202164,0.05,2022-12-21 11:40:00
396.93533,9.92,12.174391,58227.0,0.7619832,3.13,-0.30980393,0.18,2022-12-21 11:45:00
393.0827,8.55,11.856264,60406.0,0.7125308,2.65,-0.37675074,0.08,2022-12-21 11:50:00
382.52386,9.1,12.352708,51351.0,0.770056,2.67,-0.36653155,0.08,2022-12-21 11:55:00
380.76337,9.49,12.183846,48473.0,0.8041458,2.74,-0.35654733,0.08,2022-12-21 12:00:00
389.64706,10.53,12.075704,51940.0,0.8063311,3.21,-0.2839967,0.04,2022-12-21 12:05:00
382.74078,10.04,11.787807,46519.0,0.8515445,2.94,-0.3187588,0.04,2022-12-21 12:10:00
380.66455,10.07,12.251731,47612.0,0.81802654,2.92,-0.3187588,0.03,2022-12-21 12:15:00
385.3092,9.75,12.193068,45755.0,0.88397753,2.9,-0.32790217,0.03,2022-12-21 12:20:00
387.20892,10.09,12.182024,43686.0,0.9401277,3.02,-0.30980393,0.04,2022-12-21 12:25:00
383.0077,9.46,12.068844,41440.0,0.95798874,2.78,-0.3372422,0.02,2022-12-21 12:30:00
382.95993,8.84,12.049074,40310.0,0.9844615,2.59,-0.36653155,0.03,2022-12-21 12:35:00
379.56274,9.0,11.995203,42522.0,0.9077187,2.59,-0.35654733,0.03,2022-12-21 12:40:00
374.19894,8.85,12.107589,36456.0,1.0128719,2.48,-0.38721615,0.04,2022-12-21 12:45:00
373.65826,9.07,11.996211,36407.0,1.0096799,2.53,-0.36653155,0.05,2022-12-21 12:50:00
373.782,8.61,11.973195,32564.0,1.1300004,2.41,-0.39794,0.09,2022-12-21 12:55:00
373.87955,8.67,12.037579,32801.0,1.1227472,2.43,-0.39794,0.05,2022-12-21 13:00:00
374.82996,9.21,11.97025,31340.0,1.1844108,2.59,-0.36653155,0.04,2022-12-21 13:05:00
373.7407,9.2,11.945292,32170.0,1.1434463,2.57,-0.36653155,0.03,2022-12-21 13:10:00
376.39664,8.86,12.070273,31796.0,1.1826817,2.51,-0.38721615,0.04,2022-12-21 13:15:00
379.37344,8.69,12.041881,36426.0,1.0579839,2.5,-0.38721615,0.04,2022-12-21 13:20:00
379.2443,8.03,12.189675,39495.0,0.9747385,2.31,-0.4202164,0.1,2022-12-21 13:25:00
374.377,8.63,12.072159,37775.0,0.9789537,2.42,-0.38721615,0.13,2022-12-21 13:30:00
379.74802,6.28,12.338079,35370.0,1.0929233,1.8,-0.552842,0.41,2022-12-21 13:35:00
383.20706,5.53,12.888277,28804.0,1.3804824,1.62,-0.65757734,0.17,2022-12-21 13:40:00
384.22354,6.64,12.412373,37137.0,1.0795887,1.96,-0.53760207,0.1,2022-12-21 13:45:00
382.6061,7.06,12.52266,34927.0,1.1329235,2.07,-0.52287877,0.05,2022-12-21 13:50:00
382.00763,7.55,12.234153,39622.0,0.99382305,2.21,-0.455932,0.12,2022-12-21 13:55:00
383.89053,6.46,12.559765,45661.0,0.8756841,1.9,-0.52287877,0.25,2022-12-21 14:00:00
388.8494,6.81,12.4497795,68612.0,0.60651946,2.06,-0.4436975,0.16,2022-12-21 14:05:00
388.76584,6.13,12.648641,67862.0,0.61281246,1.85,-0.5086383,0.03,2022-12-21 14:10:00
388.5137,6.31,12.607081,68345.0,0.607254,1.91,-0.48148608,0.02,2022-12-21 14:15:00
386.79825,5.89,12.565702,66684.0,0.6138649,1.76,-0.52287877,0.04,2022-12-21 14:20:00
381.41174,9.84,10.396413,65644.0,0.59695274,2.88,-0.19382004,0.61,2022-12-21 14:25:00
383.36087,13.89,10.43442,50768.0,0.7842168,4.08,-0.08092192,0.19,2022-12-21 14:30:00
387.16196,11.55,11.425087,40905.0,1.0036649,3.46,-0.20760833,0.2,2022-12-21 14:35:00
386.5553,9.31,11.267147,43265.0,0.9442964,2.79,-0.30980393,0.28,2022-12-21 14:40:00
387.13922,11.55,9.142752,64677.0,0.6346524,3.48,0.037426513,1.45,2022-12-21 14:45:00
408.00082,10.48,3.7254395,154592.0,0.31264824,3.5,0.34830487,0.71,2022-12-21 14:50:00
419.52228,9.67,3.4448948,161607.0,0.32616058,3.41,0.22788674,0.92,2022-12-21 14:55:00
433.9703,9.17,5.2090883,153720.0,0.3810113,3.46,0.40483373,1.17,2022-12-21 15:00:00
425.94318,9.84,7.036519,208515.0,0.26502672,3.57,0.4232459,0.73,2022-12-21 15:05:00
433.6308,8.96,8.024849,130020.0,0.44936576,3.37,0.16435286,0.65,2022-12-21 15:10:00
426.33582,9.12,7.619193,188436.0,0.29410928,3.32,0.2988531,0.39,2022-12-21 15:15:00
433.10864,9.33,7.281442,144393.0,0.40312067,3.5,0.24551268,0.61,2022-12-21 15:20:00
425.55542,8.85,5.99318,177499.0,0.31045574,3.21,0.47129175,0.66,2022-12-21 15:30:00
421.7858,9.12,5.4093804,200028.0,0.26796353,3.25,0.2624511,1.36,2022-12-21 15:35:00
427.57645,8.77,7.3843684,163351.0,0.34235707,3.21,0.28330123,0.82,2022-12-21 15:45:00
423.90848,7.33,8.617296,140556.0,0.38735032,2.63,0.06069783,0.32,2022-12-21 15:55:00
417.6114,7.94,8.251891,153362.0,0.3388455,2.77,0.117271274,0.64,2022-12-21 16:00:00
418.50153,8.37,8.226209,172084.0,0.3039888,2.93,0.17318627,0.27,2022-12-21 16:05:00
410.24542,8.48,4.7301373,169820.0,0.2895153,2.86,0.2068259,0.32,2022-12-21 16:10:00
414.02206,7.88,4.572111,186198.0,0.27169043,2.7,0.20412001,0.17,2022-12-21 16:15:00
412.50217,8.23,5.721547,204791.0,0.24421154,2.8,0.4313638,0.74,2022-12-21 16:20:00
414.7843,9.33,6.798904,213528.0,0.2382765,3.23,0.43456894,0.65,2022-12-21 16:25:00
408.0808,8.47,5.5685368,208380.0,0.23208766,2.82,0.39269698,0.06,2022-12-21 16:30:00
407.50256,8.11,6.5141153,184144.0,0.26147696,2.69,0.33645976,0.2,2022-12-21 16:35:00
410.74103,7.84,6.525259,204928.0,0.24081932,2.64,0.38021126,0.16,2022-12-21 16:40:00
412.24417,8.0,6.592185,182831.0,0.2730118,2.72,0.365488,0.11,2022-12-21 16:45:00
410.656,7.85,7.0444164,163592.0,0.30147457,2.65,0.27415785,0.1,2022-12-21 16:50:00
406.71188,7.47,7.357975,153680.0,0.31142098,2.47,0.19865711,0.07,2022-12-21 16:55:00
407.0203,7.39,7.380122,152956.0,0.3136343,2.45,0.20139715,0.06,2022-12-21 17:00:00
407.5657,7.01,7.5632133,148938.0,0.3234409,2.33,0.1492191,0.07,2022-12-21 17:05:00
406.69138,6.48,7.7172146,143990.0,0.3323263,2.14,0.08990512,0.11,2022-12-21 17:10:00
405.70798,6.34,7.367883,150097.0,0.3164113,2.09,0.10720996,0.11,2022-12-21 17:15:00
401.1833,7.2,7.2351365,135441.0,0.33861896,2.32,0.15836251,0.15,2022-12-21 17:20:00
400.92145,7.44,7.1796517,126643.0,0.36140788,2.39,0.17609127,0.11,2022-12-21 17:25:00
398.74274,7.57,7.1451807,119485.0,0.37661573,2.41,0.12710482,0.11,2022-12-21 17:30:00
402.5506,7.05,7.703804,127687.0,0.36300674,2.28,0.096910015,0.15,2022-12-21 17:35:00
400.58206,6.77,7.883971,123232.0,0.3704336,2.17,0.05690485,0.04,2022-12-21 17:40:00
406.56073,6.63,7.65718,113524.0,0.42109007,2.19,0.05690485,0.22,2022-12-21 17:45:00
399.40347,6.88,7.178029,121290.0,0.3729282,2.2,0.1398791,0.1,2022-12-21 17:50:00
400.3873,6.96,7.175389,123531.0,0.3689779,2.23,0.13353892,0.12,2022-12-21 17:55:00
398.1545,5.54,7.466867,104374.0,0.4291644,1.76,-0.05061,0.19,2022-12-21 18:00:00
406.17285,5.58,7.565309,100428.0,0.47458872,1.84,-0.031517047,0.31,2022-12-21 18:05:00
405.95392,5.83,6.2826905,104333.0,0.45605955,1.93,0.06818584,0.41,2022-12-21 18:10:00
409.51025,5.71,7.512516,91374.0,0.5350727,1.92,-0.05551733,0.28,2022-12-21 18:15:00
409.56815,5.89,7.0997252,89754.0,0.54497015,1.98,-0.0043648016,0.22,2022-12-21 18:20:00
413.31366,5.86,7.2350326,110070.0,0.45715672,2.0,0.012837212,0.14,2022-12-21 18:25:00
412.31116,5.79,7.294169,100593.0,0.49645877,1.97,-0.013228253,0.25,2022-12-21 18:30:00
412.9429,6.35,7.045403,101630.0,0.4937406,2.17,0.08278538,0.06,2022-12-21 18:35:00
403.90063,5.41,7.02941,72847.0,0.6429485,1.77,-0.036212165,0.07,2022-12-21 18:40:00
405.68805,5.53,7.0408874,76245.0,0.6227966,1.82,-0.013228253,0.08,2022-12-21 18:45:00
405.68805,5.53,6.972661,76245.0,0.6227966,1.82,-0.0043648016,0.08,2022-12-21 18:50:00
407.11826,5.41,7.1579742,75816.0,0.6332199,1.79,-0.05061,0.05,2022-12-21 18:55:00
408.98087,5.48,7.1362386,75388.0,0.64592844,1.83,-0.036212165,0.04,2022-12-21 19:00:00
408.98087,5.48,6.9442205,75388.0,0.64592844,1.83,-0.022276402,0.03,2022-12-21 19:05:00
411.7064,6.36,6.597681,93156.0,0.5336488,2.16,0.16731733,0.49,2022-12-21 19:10:00
410.40616,6.21,4.979458,88222.0,0.5579728,2.1,0.26717174,0.38,2022-12-21 19:15:00
413.81546,6.48,5.401935,93312.0,0.5412986,2.22,0.24551268,0.29,2022-12-21 19:20:00
400.80566,6.82,4.989048,88607.0,0.51608384,2.19,0.3201463,0.08,2022-12-21 19:25:00
409.66516,6.66,5.265112,118566.0,0.41284463,2.24,0.3443923,0.14,2022-12-21 19:30:00
410.3472,6.34,5.4270525,106979.0,0.45993575,2.14,0.26007143,0.25,2022-12-21 19:35:00
407.19846,5.7,5.845648,84692.0,0.56720394,1.89,0.08635984,0.2,2022-12-21 19:40:00
408.6868,5.99,5.985733,82388.0,0.58972585,2.0,0.07918126,0.07,2022-12-21 19:45:00
410.03903,6.8,6.439146,80272.0,0.6115275,2.29,0.117271274,0.06,2022-12-21 19:50:00
409.61267,7.21,6.424126,84653.0,0.5780044,2.42,0.1398791,0.14,2022-12-21 19:55:00
408.0084,7.76,6.6229143,102197.0,0.47296616,2.58,0.19865711,0.14,2022-12-21 20:00:00
408.24802,6.9,6.780339,77539.0,0.6245133,2.3,0.10037054,0.07,2022-12-21 20:05:00
411.169,7.38,6.7030373,79063.0,0.6262206,2.5,0.1430148,0.09,2022-12-21 20:10:00
407.5742,7.21,6.867496,75022.0,0.6421551,2.41,0.08990512,0.06,2022-12-21 20:15:00
399.94974,6.89,7.1247034,73076.0,0.6216177,2.21,0.049218025,0.03,2022-12-21 20:20:00
400.12314,6.85,6.950295,75388.0,0.6033675,2.19,0.064457975,0.07,2022-12-21 20:25:00
405.76294,6.8,7.2619834,73749.0,0.6442449,2.24,0.0293838,0.1,2022-12-21 20:30:00
403.8742,7.09,7.508508,68911.0,0.67953354,2.32,0.012837212,0.03,2022-12-21 20:35:00
409.17523,7.76,7.4555616,85071.0,0.5732544,2.6,0.09342169,0.04,2022-12-21 20:40:00
402.65503,7.43,7.7046676,77066.0,0.60193443,2.41,0.0293838,0.13,2022-12-21 20:45:00
398.5711,7.11,7.6972265,75146.0,0.5980314,2.26,0.0,0.08,2022-12-21 20:50:00
395.94012,7.18,7.084257,84929.0,0.5183462,2.25,0.10380372,0.16,2022-12-21 20:55:00
396.38742,7.38,6.9743743,79240.0,0.55751663,2.32,0.096910015,0.46,2022-12-21 21:00:00
388.28867,6.89,7.168173,76857.0,0.5390269,2.08,0.05690485,0.11,2022-12-21 21:05:00
391.95758,7.28,5.823006,72202.0,0.5908255,2.24,0.17609127,0.37,2022-12-21 21:10:00
395.74118,7.67,5.64738,68009.0,0.64629394,2.4,0.2624511,0.04,2022-12-21 21:15:00
391.91586,6.93,5.6003394,76156.0,0.55996436,2.13,0.22530928,0.06,2022-12-21 21:20:00
387.39236,7.77,5.7950063,77378.0,0.5315596,2.33,0.2922561,0.07,2022-12-21 21:25:00
390.0888,8.3,5.491357,86234.0,0.487381,2.52,0.3598355,0.11,2022-12-21 21:30:00
389.43396,7.9,5.5129027,78295.0,0.5340006,2.39,0.30535138,0.28,2022-12-21 21:35:00
397.52414,6.06,6.7686706,81054.0,0.54991984,1.92,0.05690485,0.2,2022-12-21 21:40:00
391.22302,6.36,6.8083115,80148.0,0.5291511,1.95,0.06069783,0.09,2022-12-21 21:45:00
391.67773,6.3,7.123265,79164.0,0.5376692,1.94,0.025305841,0.05,2022-12-21 21:50:00
396.36172,6.65,7.042691,89211.0,0.49510387,2.09,0.07554698,0.07,2022-12-21 21:55:00
397.98553,6.99,6.8928804,87362.0,0.5120585,2.21,0.117271274,0.01,2022-12-21 22:00:00
394.0104,7.29,5.6818047,76675.0,0.5654795,2.26,0.17318627,0.26,2022-12-21 22:05:00
395.9523,7.04,6.5387535,89634.0,0.49118456,2.21,0.1492191,0.31,2022-12-21 22:10:00
397.07013,7.09,4.883042,85244.0,0.5210328,2.24,0.2855573,0.57,2022-12-21 22:15:00
404.582,8.35,4.883994,92234.0,0.51047635,2.73,0.40140057,0.17,2022-12-21 22:20:00
394.71918,8.92,5.7017016,102704.0,0.4245346,2.78,0.40823996,0.3,2022-12-21 22:25:00
389.88446,8.68,5.3277664,106346.0,0.3945641,2.63,0.4502491,0.29,2022-12-21 22:30:00
395.36487,8.7,5.596678,102896.0,0.42590398,2.72,0.4456042,0.26,2022-12-21 22:35:00
399.63547,6.49,5.696789,77107.0,0.58768076,2.07,0.06818584,0.78,2022-12-21 22:40:00
408.55173,12.27,4.6449327,69777.0,0.69559276,4.1,0.6434527,1.19,2022-12-21 22:50:00
396.04865,9.17,4.5611844,98016.0,0.4495205,2.89,0.4313638,0.18,2022-12-21 22:55:00
391.45773,8.31,5.0992546,100195.0,0.4240697,2.55,0.44715804,0.09,2022-12-21 23:00:00
393.90067,9.96,4.183157,103156.0,0.41995192,3.09,0.6434527,0.47,2022-12-21 23:05:00
403.00104,9.06,5.157092,96800.0,0.480505,2.94,0.45484486,0.29,2022-12-21 23:10:00
402.54898,8.98,5.280795,87822.0,0.5277796,2.91,0.46389303,0.17,2022-12-21 23:15:00
401.23416,6.89,5.5533504,93309.0,0.4917103,2.22,0.26481783,0.6,2022-12-21 23:20:00
403.31982,7.54,5.7341866,99041.0,0.47079012,2.46,0.2988531,0.2,2022-12-21 23:25:00
400.2079,8.03,5.177664,100818.0,0.4514736,2.57,0.4199558,0.18,2022-12-21 23:30:00
400.12,8.01,4.976595,103612.0,0.43899885,2.57,0.44870633,0.21,2022-12-21 23:35:00
406.9328,7.83,6.015879,92196.0,0.51998085,2.59,0.30103,0.03,2022-12-21 23:40:00
408.3427,7.26,6.107471,89676.0,0.54038,2.42,0.24303806,0.03,2022-12-21 23:45:00
409.5644,7.9,6.039487,96317.0,0.5078217,2.65,0.30103,0.02,2022-12-21 23:50:00
409.5644,7.9,6.0447497,96317.0,0.5078217,2.65,0.30103,0.01,2022-12-21 23:55:00
410.55777,7.63,6.094727,95834.0,0.51424456,2.57,0.28103337,0.01,2022-12-22 00:00:00
407.1414,7.46,6.1627917,92502.0,0.5190881,2.48,0.25285304,0.06,2022-12-22 00:15:00
403.50357,7.4,5.9891067,93225.0,0.5008709,2.41,0.27184162,0.16,2022-12-22 00:20:00
391.3419,5.74,6.379177,74996.0,0.56603724,1.76,0.07554698,0.19,2022-12-22 00:25:00
394.13727,5.6,6.74628,74231.0,0.5846832,1.74,0.017033322,0.11,2022-12-22 00:30:00
376.68176,3.6,6.8191347,36310.0,1.0380969,1.02,-0.27572417,0.01,2022-12-22 00:35:00
376.68875,4.0,6.769993,42420.0,0.888625,1.14,-0.20760833,0.05,2022-12-22 00:40:00
382.03815,4.01,6.647714,43787.0,0.8995147,1.17,-0.18708667,0.07,2022-12-22 00:45:00
385.25693,4.82,6.305704,54481.0,0.74208105,1.44,-0.022276402,0.21,2022-12-22 00:50:00
390.9286,6.51,5.5847025,93751.0,0.45131382,1.99,0.2855573,0.31,2022-12-22 00:55:00
394.85037,6.04,6.2974443,69454.0,0.6284237,1.88,0.10380372,0.1,2022-12-22 01:00:00
381.961,6.11,5.5845857,87331.0,0.45072538,1.78,0.24303806,0.28,2022-12-22 01:05:00
384.27286,5.8,5.696859,75388.0,0.5320304,1.71,0.12057395,0.33,2022-12-22 01:10:00
389.98834,5.56,6.4231453,62338.0,0.6736682,1.69,0.0293838,0.03,2022-12-22 01:15:00
387.9594,5.44,6.4059815,60859.0,0.67892545,1.64,0.017033322,0.09,2022-12-22 01:20:00
384.37183,5.94,6.2166553,63855.0,0.62862545,1.76,0.117271274,0.48,2022-12-22 01:25:00
381.08905,6.35,5.5258484,81425.0,0.4799907,1.85,0.23804612,0.11,2022-12-22 01:30:00
381.79953,6.35,5.8424735,82451.0,0.47677433,1.85,0.2068259,0.03,2022-12-22 01:35:00
379.27014,6.25,5.7419333,77813.0,0.49484622,1.8,0.18469143,0.04,2022-12-22 01:40:00
378.99094,6.11,5.8389125,72771.0,0.5279203,1.75,0.17026173,0.02,2022-12-22 01:45:00
374.8312,6.21,5.8401113,70742.0,0.5247211,1.74,0.16731733,0.01,2022-12-22 01:50:00
377.83905,6.13,5.7870975,73762.0,0.5159157,1.75,0.16731733,0.04,2022-12-22 01:55:00
377.0604,6.38,5.8457336,68493.0,0.55204725,1.82,0.17026173,0.03,2022-12-22 02:00:00
373.448,5.78,5.9634466,69737.0,0.5261921,1.61,0.12710482,0.01,2022-12-22 02:10:00
375.5426,5.83,5.9606543,71593.0,0.52155334,1.64,0.13353892,0.01,2022-12-22 02:15:00
370.78958,5.7,5.947571,71110.0,0.50468284,1.57,0.12385166,0.02,2022-12-22 02:20:00
375.45947,5.72,5.983026,68448.0,0.5451415,1.61,0.1105897,0.04,2022-12-22 02:25:00
375.64252,5.74,6.0367293,63903.0,0.5848005,1.62,0.10720996,0.03,2022-12-22 02:30:00
373.14102,6.22,5.943307,61952.0,0.5908,1.73,0.13353892,0.04,2022-12-22 02:35:00
376.57913,6.4,5.7201924,57393.0,0.6562009,1.81,0.14612804,0.1,2022-12-22 02:40:00
377.59973,7.2,5.0129232,69780.0,0.5442819,2.06,0.2988531,0.07,2022-12-22 02:45:00
377.53452,6.68,4.872833,54450.0,0.69714546,1.9,0.22271647,0.06,2022-12-22 02:50:00
375.07236,6.79,4.8233805,76675.0,0.4850892,1.91,0.2624511,0.1,2022-12-22 02:55:00
374.97003,6.82,5.0085626,61429.0,0.60496897,1.92,0.22271647,0.09,2022-12-22 03:00:00
374.4546,6.49,5.013592,71496.0,0.5175652,1.82,0.24303806,0.06,2022-12-22 03:05:00
375.34766,6.38,4.8452964,63167.0,0.59017,1.8,0.20951504,0.1,2022-12-22 03:10:00
371.4612,6.43,5.2414217,68950.0,0.52343357,1.78,0.22530928,0.08,2022-12-22 03:15:00
375.83502,6.82,4.786293,80805.0,0.46321586,1.93,0.30749604,0.09,2022-12-22 03:20:00
377.971,6.49,4.2592955,72899.0,0.5225911,1.86,0.3138672,0.11,2022-12-22 03:25:00
376.25687,6.45,5.1607947,74946.0,0.50117546,1.83,0.27184162,0.16,2022-12-22 03:30:00
377.06873,6.76,5.375574,73691.0,0.51314235,1.92,0.25767857,0.2,2022-12-22 03:35:00
377.76202,6.94,5.0117164,81925.0,0.46421522,1.98,0.30749604,0.37,2022-12-22 03:40:00
379.11932,6.83,5.053682,65504.0,0.58710647,1.97,0.27415785,0.11,2022-12-22 03:45:00
378.69373,6.65,4.5194025,58893.0,0.6507324,1.91,0.23552847,0.33,2022-12-22 03:50:00
372.32172,7.15,4.617889,96800.0,0.3755336,1.98,0.47129175,0.04,2022-12-22 03:55:00
375.11728,6.4,5.246275,82377.0,0.45168045,1.8,0.29666522,0.05,2022-12-22 04:05:00
365.3348,5.48,4.369771,73776.0,0.46451244,1.46,0.17897695,0.28,2022-12-22 04:10:00
374.93253,6.67,5.280473,80601.0,0.46092558,1.87,0.3138672,0.11,2022-12-22 04:20:00
384.77313,7.02,5.11532,85919.0,0.4687145,2.08,0.2624511,0.03,2022-12-22 04:30:00
379.5701,6.73,5.0579443,75881.0,0.5086957,1.95,0.22530928,0.07,2022-12-22 04:35:00
379.20135,6.15,4.6035748,66290.0,0.58053595,1.77,0.19312459,0.11,2022-12-22 04:40:00
379.6346,6.15,4.544062,72131.0,0.5354254,1.78,0.21748395,0.06,2022-12-22 04:45:00
377.1802,6.47,4.5931907,77851.0,0.4861695,1.85,0.24303806,0.06,2022-12-22 04:50:00
378.72656,6.46,4.4353356,69697.0,0.55000836,1.85,0.24303806,0.06,2022-12-22 04:55:00
377.98743,6.93,4.2870617,75573.0,0.50416833,1.98,0.28330123,0.04,2022-12-22 05:00:00
379.7268,6.69,4.1851883,82324.0,0.4694862,1.94,0.25767857,0.17,2022-12-22 05:05:00
383.43387,7.26,3.7040653,75193.0,0.5297931,2.14,0.24551268,0.14,2022-12-22 05:10:00
391.85754,6.89,5.2046328,70763.0,0.6023614,2.12,0.20139715,0.1,2022-12-22 05:15:00
379.06683,7.22,5.7564745,69527.0,0.5528967,2.08,0.21748395,0.03,2022-12-22 05:20:00
392.96576,7.04,5.9131126,69369.0,0.619892,2.17,0.20951504,0.03,2022-12-22 05:25:00
392.07956,7.4,5.8173876,80896.0,0.5278398,2.28,0.25767857,0.03,2022-12-22 05:30:00
392.00375,7.22,5.9392757,68302.0,0.6247903,2.22,0.21748395,0.02,2022-12-22 05:35:00
396.4718,7.72,5.9456367,72847.0,0.606846,2.43,0.2624511,0.01,2022-12-22 05:45:00
393.29504,7.91,5.732556,98746.0,0.43661064,2.45,0.3384565,0.03,2022-12-22 05:55:00
390.80133,8.04,5.285177,95197.0,0.44400826,2.46,0.37839794,0.22,2022-12-22 06:00:00
393.6458,7.5,3.6937108,76643.0,0.5640876,2.33,0.35793486,0.21,2022-12-22 06:05:00
389.6719,7.71,2.5495293,78421.0,0.5341572,2.34,0.3344538,0.08,2022-12-22 06:10:00
388.52356,7.79,4.6223264,75086.0,0.5527802,2.36,0.3443923,0.07,2022-12-22 06:15:00
387.16617,7.08,3.9485948,69708.0,0.5889755,2.12,0.29446626,0.08,2022-12-22 06:20:00
381.43878,7.31,4.765239,77841.0,0.50352657,2.13,0.3096302,0.08,2022-12-22 06:25:00
374.08377,6.41,4.816565,59741.0,0.61749697,1.8,0.1492191,0.15,2022-12-22 06:30:00
375.69324,6.99,4.5780125,56320.0,0.66381776,1.98,0.1492191,0.09,2022-12-22 06:35:00
371.8608,6.79,4.3806047,57997.0,0.6243728,1.89,0.1430148,0.02,2022-12-22 06:40:00
376.84268,7.28,4.817001,62785.0,0.60115385,2.08,0.18752073,0.04,2022-12-22 06:45:00
371.82776,6.64,4.835297,59499.0,0.6084426,1.84,0.15533602,0.05,2022-12-22 06:50:00
369.8209,6.67,5.1797876,59072.0,0.60260254,1.83,0.15228835,0.04,2022-12-22 06:55:00
369.86804,6.72,5.049079,59749.0,0.5960111,1.85,0.16435286,0.04,2022-12-22 07:00:00
367.59842,6.74,5.26777,58464.0,0.59755075,1.83,0.1430148,0.05,2022-12-22 07:05:00
366.6814,6.52,5.486219,55395.0,0.6257717,1.76,0.11394334,0.04,2022-12-22 07:10:00
376.57675,7.25,5.8645377,56023.0,0.6722346,2.06,0.15228835,0.04,2022-12-22 07:15:00
375.28156,7.12,5.968534,56830.0,0.65561914,2.01,0.1430148,0.03,2022-12-22 07:20:00
368.69498,6.92,6.133816,59419.0,0.59342384,1.88,0.1430148,0.03,2022-12-22 07:25:00
376.15826,7.28,4.7761283,69748.0,0.5380866,2.07,0.23044895,0.26,2022-12-22 07:30:00
388.1904,7.44,5.523079,91549.0,0.4521662,2.24,0.26717174,0.15,2022-12-22 07:35:00
405.92572,7.65,5.5005455,61952.0,0.7678814,2.52,0.25285304,0.19,2022-12-22 07:40:00
403.59302,7.49,5.5590377,63515.0,0.73566735,2.44,0.28103337,0.11,2022-12-22 07:45:00
406.36636,7.65,5.751739,64494.0,0.7401111,2.53,0.24797328,0.13,2022-12-22 07:50:00
409.3828,7.72,6.1141887,63916.0,0.7641965,2.59,0.19865711,0.13,2022-12-22 07:55:00
403.19977,8.07,6.407722,68302.0,0.68203455,2.63,0.19312459,0.02,2022-12-22 08:00:00
392.62982,7.42,6.4682455,58516.0,0.73290986,2.29,0.09342169,0.1,2022-12-22 08:05:00
396.56674,7.61,6.877892,63744.0,0.6940241,2.4,0.10380372,0.03,2022-12-22 08:10:00
390.5251,7.73,6.624515,65874.0,0.64024234,2.35,0.1105897,0.04,2022-12-22 08:15:00
386.26358,8.06,6.7274666,63927.0,0.6375879,2.41,0.12710482,0.01,2022-12-22 08:20:00
387.81998,8.29,6.746036,69718.0,0.5919923,2.49,0.15533602,0.04,2022-12-22 08:25:00
384.03607,8.27,6.7342854,71593.0,0.5591583,2.44,0.17609127,0.13,2022-12-22 08:30:00
390.10715,7.62,6.43955,93838.0,0.44795254,2.32,0.21748395,0.29,2022-12-22 08:35:00
392.3964,7.99,6.6866884,68039.0,0.629163,2.46,0.1398791,0.1,2022-12-22 08:40:00
396.78592,8.37,6.170673,74403.0,0.59562147,2.64,0.1903317,0.12,2022-12-22 08:45:00
403.43958,7.74,5.7803283,66678.0,0.6999405,2.52,0.17318627,0.16,2022-12-22 08:50:00
404.22626,7.93,6.0808883,61938.0,0.75808895,2.59,0.17026173,0.08,2022-12-22 08:55:00
405.8926,7.8,6.07364,68576.0,0.69353276,2.57,0.1903317,0.04,2022-12-22 09:00:00
405.92657,8.35,5.809699,74142.0,0.64163476,2.75,0.21748395,0.24,2022-12-22 09:05:00
401.5122,7.93,6.0141997,72622.0,0.63314223,2.56,0.21484385,0.05,2022-12-22 09:10:00
401.01266,7.15,5.684875,71627.0,0.63945454,2.29,0.17318627,0.12,2022-12-22 09:15:00
399.4531,7.88,5.9437866,71662.0,0.631436,2.52,0.20412001,0.17,2022-12-22 09:20:00
405.70078,9.41,4.5240026,84644.0,0.5610529,3.1,0.35218254,0.12,2022-12-22 09:25:00
394.23346,9.09,5.6561117,63259.0,0.6866154,2.83,0.24303806,0.09,2022-12-22 09:30:00
399.9916,8.57,5.060405,66047.0,0.687997,2.75,0.19312459,0.27,2022-12-22 09:35:00
393.05374,8.1,5.714648,60913.0,0.70643806,2.51,0.12710482,0.34,2022-12-22 09:40:00
386.3537,9.2,5.359263,69938.0,0.5832121,2.75,0.26007143,0.32,2022-12-22 09:50:00
377.0204,9.04,5.68022,78844.0,0.47941354,2.57,0.26007143,0.1,2022-12-22 10:10:00
403.48642,8.65,6.114581,65573.0,0.7119928,2.82,0.21484385,0.24,2022-12-22 10:20:00
380.20654,8.16,4.2599297,62894.0,0.6169458,2.36,0.21748395,0.21,2022-12-22 10:25:00
392.58203,8.58,2.8564665,56248.0,0.76217294,2.67,0.20951504,0.09,2022-12-22 10:30:00
390.1591,8.55,2.895531,70092.0,0.59996,2.62,0.21748395,0.06,2022-12-22 10:35:00
376.9789,7.19,5.575159,62267.0,0.60683733,2.05,0.12385166,0.19,2022-12-22 10:40:00
377.86447,6.72,6.2927656,62232.0,0.61162984,1.92,0.13033378,0.04,2022-12-22 10:45:00
375.3006,7.5,5.627335,71037.0,0.52458185,2.12,0.22271647,0.52,2022-12-22 10:50:00
376.69153,8.17,5.535287,78569.0,0.4797865,2.32,0.31175387,0.38,2022-12-22 10:55:00
377.9666,8.15,5.5966864,85078.0,0.44776544,2.33,0.32633585,0.42,2022-12-22 11:00:00
380.39432,7.56,6.297444,56616.0,0.68641144,2.19,0.09342169,0.27,2022-12-22 11:10:00
378.72174,7.19,6.488806,54674.0,0.70110863,2.06,0.07188199,0.13,2022-12-22 11:15:00
382.6214,6.6,6.6417317,48931.0,0.80878264,1.93,0.00432137,0.05,2022-12-22 11:20:00
381.37787,6.37,7.036192,55097.0,0.71102834,1.85,-0.026872149,0.38,2022-12-22 11:25:00
384.11542,5.72,6.76318,55753.0,0.71848285,1.7,-0.07058106,0.07,2022-12-22 11:30:00
395.96213,5.9,6.8203664,54413.0,0.80918586,1.85,-0.12493874,0.18,2022-12-22 11:35:00
384.43396,5.17,6.8933372,39512.0,1.0164273,1.55,-0.22914802,0.14,2022-12-22 11:40:00
387.10977,5.01,6.5472207,43270.0,0.9484096,1.51,-0.22914802,0.11,2022-12-22 11:45:00
395.40546,5.39,7.0546656,56386.0,0.77745944,1.68,-0.14874166,0.05,2022-12-22 11:50:00
396.25708,6.62,7.549291,66944.0,0.6592439,2.08,-0.0409586,0.08,2022-12-22 11:55:00
394.9783,5.77,7.3923345,45753.0,0.95492244,1.8,-0.15490197,0.12,2022-12-22 12:00:00
375.44742,4.06,6.7854695,30158.0,1.2371551,1.15,-0.35654733,0.09,2022-12-22 12:05:00
393.33188,5.84,7.1436267,53984.0,0.7988687,1.81,-0.1426675,0.04,2022-12-22 12:10:00
374.59384,4.32,7.2687345,32262.0,1.1483074,1.21,-0.3187588,0.06,2022-12-22 12:15:00
380.063,4.52,7.4710774,40271.0,0.9623947,1.31,-0.2839967,0.04,2022-12-22 12:20:00
374.2084,4.77,7.570799,42846.0,0.8618811,1.33,-0.24412516,0.05,2022-12-22 12:25:00
380.49927,5.27,7.5414786,47617.0,0.8168355,1.54,-0.18708667,0.02,2022-12-22 12:30:00
385.34714,6.28,7.2385983,59655.0,0.678213,1.87,-0.07572073,0.03,2022-12-22 12:35:00
384.10223,5.14,7.342411,58616.0,0.68331677,1.51,-0.16115092,0.04,2022-12-22 12:40:00
391.92007,5.45,7.2788253,58091.0,0.7341253,1.68,-0.1426675,0.02,2022-12-22 12:45:00
382.89682,5.42,7.282218,49197.0,0.80621356,1.59,-0.18045606,0.17,2022-12-22 12:50:00
397.39615,6.89,7.990532,68746.0,0.64772546,2.2,-0.06550154,0.11,2022-12-22 13:00:00
397.18915,6.72,7.7538958,58714.0,0.75716823,2.14,-0.08618615,0.15,2022-12-22 13:05:00
403.4964,6.98,7.5446935,72647.0,0.64271206,2.29,-0.026872149,0.03,2022-12-22 13:10:00
394.90225,6.37,7.040895,59493.0,0.7339417,2.0,-0.10237289,0.07,2022-12-22 13:15:00
400.97525,6.15,7.3908453,54549.0,0.83940864,1.98,-0.1426675,0.14,2022-12-22 13:20:00
402.10562,6.44,7.403094,85215.0,0.54206336,2.08,-0.045757502,0.12,2022-12-22 13:25:00
407.18588,6.43,7.3780007,77202.0,0.6221732,2.16,-0.05551733,0.17,2022-12-22 13:30:00
401.14957,6.16,6.636942,74112.0,0.61867034,1.98,-0.008773916,0.27,2022-12-22 13:35:00
403.11224,6.99,7.3259945,64952.0,0.71672696,2.28,-0.031517047,0.26,2022-12-22 13:40:00
400.6171,7.15,7.3376975,76245.0,0.59888124,2.29,0.10380372,0.43,2022-12-22 13:45:00
402.4108,7.75,7.722085,62340.0,0.74271965,2.51,-0.031517047,0.09,2022-12-22 13:50:00
408.96948,5.35,7.7510905,47681.0,1.021183,1.79,-0.22184876,0.16,2022-12-22 14:25:00
409.90176,5.75,7.694589,54910.0,0.8930504,1.93,-0.18045606,0.15,2022-12-22 14:30:00
415.6728,5.7,8.14733,45580.0,1.1237111,1.97,-0.25963733,0.15,2022-12-22 14:35:00
415.3156,5.72,7.385459,51685.0,0.9883304,1.98,-0.22914802,0.26,2022-12-22 14:40:00
444.03085,6.64,5.536407,61457.0,1.0234838,2.63,-0.14874166,0.15,2022-12-22 14:45:00
447.07367,7.3,8.546046,66423.0,0.9673125,2.92,-0.13076828,0.16,2022-12-22 14:50:00
438.52032,8.36,9.412763,71353.0,0.8479241,3.22,-0.13076828,0.59,2022-12-22 14:55:00
410.22656,5.53,9.377899,53153.0,0.9248482,1.9,-0.3372422,0.57,2022-12-22 15:00:00
436.87857,6.93,10.681807,67490.0,0.8860511,2.65,-0.30980393,0.03,2022-12-22 15:05:00
438.8127,6.91,10.72658,63834.0,0.94976985,2.66,-0.3187588,0.02,2022-12-22 15:15:00
437.6004,6.8,10.648573,61887.0,0.9712492,2.6,-0.32790217,0.06,2022-12-22 15:20:00
438.8238,7.04,10.348961,65155.0,0.9305866,2.71,-0.2839967,0.2,2022-12-22 15:25:00
438.17047,6.34,10.387405,75842.0,0.795757,2.44,-0.30103,0.05,2022-12-22 15:30:00
423.33386,6.58,10.044531,56156.0,0.9654355,2.36,-0.30980393,0.17,2022-12-22 15:35:00
427.91098,6.78,9.330028,80833.0,0.6935372,2.49,-0.20760833,0.23,2022-12-22 15:40:00
432.8477,6.93,8.081511,77589.0,0.7488007,2.6,-0.17392519,0.18,2022-12-22 15:45:00
437.71704,6.75,8.741246,83650.0,0.7191583,2.59,-0.1674911,0.09,2022-12-22 15:50:00
425.84067,6.67,8.545765,93386.0,0.5913162,2.42,-0.15490197,0.13,2022-12-22 15:55:00
429.1876,5.73,9.441361,57766.0,0.97952056,2.11,-0.30103,0.02,2022-12-22 16:10:00
429.1876,5.73,9.504172,57766.0,0.97952056,2.11,-0.30980393,0.03,2022-12-22 16:15:00
431.86484,6.17,9.560936,61565.0,0.9370423,2.3,-0.27572417,0.01,2022-12-22 16:25:00
424.36597,5.68,9.1453705,55604.0,0.9824387,2.05,-0.30103,0.17,2022-12-22 16:40:00
418.24005,6.36,7.3392777,78811.0,0.6624703,2.23,-0.18045606,0.22,2022-12-22 16:45:00
406.90842,5.51,9.095631,57137.0,0.8388821,1.83,-0.30980393,0.35,2022-12-22 16:50:00
417.75552,5.09,9.396158,56096.0,0.92737246,1.78,-0.38721615,0.27,2022-12-22 16:55:00
427.4614,5.03,9.874822,49345.0,1.1323849,1.83,-0.43179828,0.07,2022-12-22 17:00:00
421.4644,5.32,9.764538,50480.0,1.0592941,1.89,-0.38721615,0.15,2022-12-22 17:05:00
421.53918,5.7,9.332872,49994.0,1.0701827,2.02,-0.32790217,0.07,2022-12-22 17:10:00
427.07288,6.66,9.461612,56082.0,0.99353784,2.43,-0.25181198,0.06,2022-12-22 17:15:00
428.8266,6.33,9.580052,53070.0,1.0634059,2.33,-0.2839967,0.05,2022-12-22 17:20:00
428.49045,6.28,9.385169,55912.0,1.0068922,2.31,-0.25963733,0.2,2022-12-22 17:25:00
430.39938,6.15,9.654968,69246.0,0.8243335,2.28,-0.27572417,0.08,2022-12-22 17:30:00
427.12833,6.51,9.614369,69118.0,0.8064775,2.38,-0.22914802,0.07,2022-12-22 17:35:00
427.12833,6.51,9.592112,69118.0,0.8064775,2.38,-0.23657204,0.03,2022-12-22 17:40:00
429.18936,6.33,9.579677,71509.0,0.79128087,2.33,-0.25963733,0.03,2022-12-22 17:45:00
431.97177,6.32,9.004993,86696.0,0.6659301,2.36,-0.19382004,0.1,2022-12-22 17:50:00
436.97766,6.38,9.351839,91158.0,0.6564626,2.44,-0.19382004,0.03,2022-12-22 17:55:00
432.37158,5.94,7.2453713,94992.0,0.6095249,2.24,-0.18045606,0.14,2022-12-22 18:00:00
442.998,5.88,9.316448,98658.0,0.6329532,2.31,-0.19382004,0.06,2022-12-22 18:05:00
448.59552,6.2,9.254048,106196.0,0.61146486,2.49,-0.15490197,0.13,2022-12-22 18:10:00
446.4161,6.53,9.275499,120884.0,0.52908635,2.6,-0.10237289,0.05,2022-12-22 18:15:00
435.7076,6.12,8.898921,91856.0,0.64559805,2.33,-0.17392519,0.12,2022-12-22 18:20:00
433.5646,5.47,4.5333652,134409.0,0.4344856,2.06,-0.036212165,0.87,2022-12-22 18:25:00
450.6381,6.8,7.039581,117521.0,0.56041014,2.77,-0.0043648016,0.27,2022-12-22 18:30:00
448.2647,6.82,7.383942,131658.0,0.49207923,2.74,0.02118928,0.24,2022-12-22 18:35:00
434.3967,5.98,8.865941,90818.0,0.6468805,2.26,-0.17392519,0.21,2022-12-22 18:40:00
443.73984,6.24,7.9497046,124308.0,0.50497156,2.46,-0.06550154,0.12,2022-12-22 18:45:00
445.93195,6.15,8.618897,104096.0,0.61234224,2.45,-0.09151498,0.03,2022-12-22 18:50:00
441.49026,6.46,8.787844,102016.0,0.6056566,2.52,-0.09691001,0.14,2022-12-22 18:55:00
443.07742,6.3,8.543056,121065.0,0.51609266,2.47,-0.06550154,0.13,2022-12-22 19:00:00
424.97678,5.93,8.423017,104429.0,0.5254543,2.14,-0.10237289,0.07,2022-12-22 19:05:00
429.379,6.09,7.2400208,117603.0,0.48180377,2.25,-0.026872149,0.23,2022-12-22 19:10:00
438.37146,6.16,3.891041,127659.0,0.4734333,2.37,0.053078443,0.26,2022-12-22 19:15:00
430.19028,5.85,6.3278193,124036.0,0.4595078,2.17,0.025305841,0.15,2022-12-22 19:20:00
458.85223,7.61,3.015709,178384.0,0.3905592,3.2,0.25285304,0.18,2022-12-22 19:25:00
457.84018,6.64,2.0903828,155515.0,0.44492343,2.78,0.16435286,0.55,2022-12-22 19:30:00
447.8781,6.26,2.10668,138078.0,0.46794125,2.54,0.1105897,0.42,2022-12-22 19:35:00
460.5159,7.15,2.3224342,162963.0,0.43236127,3.03,0.21748395,0.44,2022-12-22 19:40:00
429.8638,6.04,6.2006693,137096.0,0.4147529,2.26,0.1430148,0.12,2022-12-22 19:50:00
434.16397,6.38,5.015207,162864.0,0.36011928,2.45,0.17609127,0.15,2022-12-22 19:55:00
440.66788,6.41,5.1823835,188164.0,0.32646567,2.5,0.25285304,0.21,2022-12-22 20:00:00
429.32837,6.33,6.2565165,194366.0,0.29141298,2.35,0.22788674,0.16,2022-12-22 20:05:00
435.66904,6.49,6.542637,168653.0,0.35152474,2.46,0.19312459,0.11,2022-12-22 20:10:00
428.9815,5.82,6.258291,154220.0,0.36634964,2.15,0.13033378,0.17,2022-12-22 20:15:00
426.92245,5.63,6.2868834,144456.0,0.3852974,2.05,0.08278538,0.2,2022-12-22 20:20:00
434.6194,6.21,7.388322,168288.0,0.34965172,2.34,0.13353892,0.05,2022-12-22 20:25:00
431.31738,6.22,7.442271,169304.0,0.3393993,2.31,0.13672057,0.04,2022-12-22 20:30:00
429.18008,5.92,7.4062476,147045.0,0.3847795,2.18,0.053078443,0.35,2022-12-22 20:35:00
429.18008,5.92,7.793189,147045.0,0.3847795,2.18,0.045322984,0.04,2022-12-22 20:40:00
431.48984,5.35,7.737991,148840.0,0.386544,1.99,0.017033322,0.16,2022-12-22 20:45:00
426.745,5.64,7.588643,155449.0,0.35758692,2.06,0.064457975,0.2,2022-12-22 20:50:00
425.60443,5.3,8.041225,160915.0,0.34257433,1.92,-0.0043648016,0.17,2022-12-22 20:55:00
426.17773,5.42,7.58832,155785.0,0.3553412,1.97,0.012837212,0.31,2022-12-22 21:00:00
420.29877,4.26,7.9945855,125058.0,0.42391637,1.51,-0.17392519,0.13,2022-12-22 21:05:00
411.50137,3.92,8.451379,124805.0,0.397705,1.33,-0.24412516,0.06,2022-12-22 21:10:00
412.36032,3.98,8.334753,129903.0,0.3845855,1.35,-0.22184876,0.09,2022-12-22 21:15:00
409.43558,4.01,7.5365844,143279.0,0.34104085,1.35,-0.12493874,0.31,2022-12-22 21:30:00
419.11023,4.95,6.4189796,172100.0,0.305339,1.77,0.1492191,0.46,2022-12-22 21:35:00
413.28946,4.66,6.6167817,150898.0,0.3334045,1.61,0.02118928,0.16,2022-12-22 21:40:00
419.66507,5.22,6.136628,170716.0,0.30908468,1.86,0.096910015,0.34,2022-12-22 21:45:00
408.5381,4.48,6.808539,146474.0,0.33133063,1.5,-0.05551733,0.2,2022-12-22 21:50:00
401.27563,4.2,7.268728,148230.0,0.3096254,1.37,-0.09691001,0.26,2022-12-22 21:55:00
418.77267,4.99,6.4737396,162584.0,0.32240072,1.76,0.08635984,0.74,2022-12-22 22:00:00
453.39777,5.52,5.2152276,195719.0,0.34295928,2.29,0.29003462,0.74,2022-12-22 22:05:00
418.02664,4.87,5.7651887,153524.0,0.33953682,1.73,0.19589968,0.41,2022-12-22 22:10:00
449.95688,5.26,5.278181,182857.0,0.35847974,2.13,0.22010809,1.34,2022-12-22 22:25:00
472.34924,5.04,5.782188,149440.0,0.5102344,2.25,0.22530928,1.06,2022-12-22 22:30:00
452.58478,5.77,4.80025,229828.0,0.29043314,2.37,0.40312052,0.37,2022-12-22 22:35:00
445.1498,5.64,4.4892874,227555.0,0.278592,2.24,0.38738984,0.46,2022-12-22 22:40:00
461.1404,5.07,7.0016427,195176.0,0.36252794,2.16,0.07188199,0.36,2022-12-22 22:45:00
454.4016,5.22,6.3967023,209731.0,0.3222574,2.15,0.16435286,0.51,2022-12-22 22:50:00
463.88284,5.08,6.29773,193003.0,0.37343952,2.19,0.0293838,0.22,2022-12-22 22:55:00
469.7816,5.63,5.605185,217673.0,0.34439975,2.5,0.17609127,0.31,2022-12-22 23:00:00
469.69263,5.19,6.4391384,215421.0,0.34779504,2.29,0.12385166,0.24,2022-12-22 23:05:00
472.48883,5.52,6.0521235,228480.0,0.3340319,2.46,0.24551268,0.25,2022-12-22 23:10:00
480.95767,5.32,6.5922,218780.0,0.36867717,2.46,0.28330123,0.75,2022-12-22 23:15:00
470.3516,4.21,7.8479743,166118.0,0.45299152,1.86,-0.10237289,0.35,2022-12-22 23:20:00
477.59213,4.76,7.175354,208705.0,0.37811795,2.17,0.08635984,0.23,2022-12-22 23:25:00
486.15033,4.89,6.861239,207011.0,0.4028827,2.31,0.12710482,0.26,2022-12-22 23:30:00
487.21033,5.02,6.462229,215205.0,0.39017937,2.38,0.19312459,0.11,2022-12-22 23:35:00
481.064,4.51,5.052544,195875.0,0.41207254,2.09,0.12057395,0.19,2022-12-22 23:40:00
474.61893,4.78,7.043756,209887.0,0.3687498,2.15,0.12710482,0.07,2022-12-22 23:55:00
483.34396,4.36,7.495312,186355.0,0.4395457,2.04,0.025305841,0.15,2022-12-23 00:05:00
478.01938,4.63,7.401243,181208.0,0.43670857,2.12,0.045322984,0.18,2022-12-23 00:10:00
479.73706,4.69,4.7233143,179397.0,0.4460702,2.17,0.07188199,0.36,2022-12-23 00:15:00
499.58167,4.74,5.641179,194712.0,0.46625614,2.38,0.0293838,0.11,2022-12-23 00:20:00
495.27927,4.59,7.2271433,194472.0,0.4544296,2.25,0.02118928,0.18,2022-12-23 00:25:00
502.002,4.79,6.851766,205382.0,0.448734,2.42,0.06818584,0.2,2022-12-23 00:30:00
488.67807,4.8,6.831354,208177.0,0.40714636,2.29,0.05690485,0.22,2022-12-23 00:35:00
493.37787,5.26,5.562266,254827.0,0.34267154,2.56,0.36921585,0.56,2022-12-23 00:45:00
493.37787,5.26,5.8688583,254827.0,0.34267154,2.56,0.17318627,1.05,2022-12-23 00:50:00
496.254,5.31,6.018214,252476.0,0.3521776,2.62,0.3201463,0.34,2022-12-23 00:55:00
491.19537,4.91,5.664424,221625.0,0.38860738,2.37,0.365488,0.47,2022-12-23 01:00:00
490.0601,5.04,5.9052687,247672.0,0.34524268,2.43,0.36172783,0.71,2022-12-23 01:05:00
488.44022,5.46,5.3450913,269158.0,0.3144256,2.6,0.50515,0.12,2022-12-23 01:10:00
483.4232,4.37,6.8907547,174107.0,0.47070676,2.05,-0.0043648016,0.12,2022-12-23 01:25:00
491.74374,4.65,6.673792,178260.0,0.48482418,2.25,0.0,0.1,2022-12-23 01:30:00
492.8891,4.42,7.1836133,157852.0,0.5514847,2.15,-0.06550154,0.16,2022-12-23 01:35:00
483.92242,4.42,7.1469293,181690.0,0.452513,2.08,-0.026872149,0.23,2022-12-23 01:40:00
495.51898,4.66,7.209799,151856.0,0.5828354,2.29,-0.05551733,0.14,2022-12-23 01:45:00
489.37463,4.53,7.4297104,155462.0,0.5476269,2.17,-0.08092192,0.05,2022-12-23 01:50:00
485.58182,4.46,7.8321457,155545.0,0.53423715,2.11,-0.09691001,0.05,2022-12-23 01:55:00
481.27927,4.69,8.005873,147168.0,0.5492173,2.18,-0.08618615,0.03,2022-12-23 02:00:00
490.1558,4.67,7.7445593,145050.0,0.5898583,2.25,-0.09151498,0.02,2022-12-23 02:05:00
490.45142,4.63,7.899588,129738.0,0.6607138,2.23,-0.119186416,0.02,2022-12-23 02:10:00
502.77567,5.0,7.9564943,156129.0,0.59312963,2.53,-0.045757502,0.01,2022-12-23 02:15:00
484.4981,4.85,8.068395,147034.0,0.561244,2.27,-0.07572073,0.02,2022-12-23 02:20:00
488.18243,4.84,8.103789,152593.0,0.55370295,2.31,-0.07058106,0.03,2022-12-23 02:25:00
490.69263,5.2,8.116336,148840.0,0.57680047,2.5,-0.045757502,0.03,2022-12-23 02:30:00
482.68552,4.86,8.1758795,134214.0,0.607721,2.26,-0.10237289,0.01,2022-12-23 02:35:00
482.68552,4.86,8.137131,134214.0,0.607721,2.26,-0.09691001,0.01,2022-12-23 02:40:00
491.29666,4.68,8.090643,136011.0,0.6336282,2.26,-0.10790541,0.02,2022-12-23 03:00:00
480.00955,4.94,8.191221,142332.0,0.5632271,2.28,-0.07572073,0.17,2022-12-23 03:15:00
484.0604,4.84,8.199153,135354.0,0.607962,2.27,-0.119186416,0.02,2022-12-23 03:20:00
475.59296,4.69,8.098179,128488.0,0.6062147,2.12,-0.13667715,0.03,2022-12-23 03:25:00
476.94998,4.71,8.275639,128044.0,0.61373645,2.14,-0.14874166,0.11,2022-12-23 03:30:00
481.9112,4.71,8.522822,123969.0,0.654664,2.19,-0.1674911,0.01,2022-12-23 03:35:00
479.90356,4.71,8.521942,132510.0,0.60455924,2.17,-0.15490197,0.02,2022-12-23 03:45:00
475.27332,4.4,8.142795,126650.0,0.6137265,1.99,-0.17392519,0.05,2022-12-23 03:55:00
467.51828,4.12,7.9075027,121725.0,0.6066783,1.81,-0.20065947,0.07,2022-12-23 04:00:00
464.59985,3.95,7.79462,120216.0,0.6024348,1.71,-0.20065947,0.04,2022-12-23 04:05:00
475.05286,4.34,7.8970246,139605.0,0.5559706,1.96,-0.119186416,0.12,2022-12-23 04:10:00
475.7013,4.63,7.522666,141075.0,0.55251855,2.11,-0.09151498,0.23,2022-12-23 04:15:00
466.77893,4.39,7.8029995,133716.0,0.54956007,1.91,-0.119186416,0.1,2022-12-23 04:20:00
466.0045,4.36,7.717441,118930.0,0.6146986,1.89,-0.14874166,0.06,2022-12-23 04:25:00
463.7579,4.19,7.512882,123833.0,0.5815455,1.8,-0.12493874,0.03,2022-12-23 04:30:00
460.49384,4.45,7.5418897,149560.0,0.4710375,1.89,-0.05551733,0.05,2022-12-23 04:35:00
461.74408,4.0,7.3173084,137887.0,0.5152444,1.71,-0.12493874,0.04,2022-12-23 04:40:00
467.45242,4.54,7.592009,138812.0,0.53176624,1.98,-0.06550154,0.01,2022-12-23 04:45:00
466.32355,4.91,7.673813,147642.0,0.49621403,2.14,-0.017728778,0.03,2022-12-23 04:50:00
472.41827,5.06,7.7137084,166753.0,0.45746776,2.26,0.017033322,0.03,2022-12-23 04:55:00
477.45807,4.65,7.7014675,137078.0,0.575192,2.12,-0.07058106,0.02,2022-12-23 05:00:00
477.9996,4.5,7.6641636,144668.0,0.5469413,2.06,-0.06550154,0.01,2022-12-23 05:10:00
471.59955,4.54,7.572846,147582.0,0.5141096,2.02,-0.07058106,0.07,2022-12-23 05:15:00
456.19162,3.95,7.84735,132546.0,0.51619536,1.65,-0.18045606,0.12,2022-12-23 05:20:00
518.36926,5.78,6.1398373,113431.0,0.8978327,3.11,-0.08618615,0.08,2022-12-23 05:25:00
455.57556,4.31,7.073337,172085.0,0.39592305,1.79,-0.08618615,0.07,2022-12-23 05:30:00
467.40555,4.53,6.720439,169026.0,0.43657482,1.99,-0.09151498,0.1,2022-12-23 05:35:00
480.85934,4.57,6.832635,136235.0,0.5916825,2.13,-0.16115092,0.11,2022-12-23 05:40:00
472.2741,5.2,6.219132,135471.0,0.56256825,2.35,-0.10790541,0.11,2022-12-23 05:45:00
466.68457,5.1,6.9406123,150448.0,0.4881337,2.3,-0.08618615,0.09,2022-12-23 05:50:00
485.8967,5.24,7.098605,148506.0,0.5606897,2.49,-0.07058106,0.11,2022-12-23 05:55:00
468.67368,4.53,6.518351,140310.0,0.5303794,2.02,-0.1426675,0.1,2022-12-23 06:00:00
484.43262,5.22,6.327037,145228.0,0.5679844,2.52,-0.07058106,0.07,2022-12-23 06:05:00
459.26074,4.44,6.560587,144668.0,0.48291808,1.87,-0.1426675,0.11,2022-12-23 06:10:00
489.80533,5.97,7.7623067,144812.0,0.58951366,2.87,-0.026872149,0.11,2022-12-23 06:15:00
492.31177,5.81,5.7097635,161711.0,0.5363637,2.82,0.02118928,0.09,2022-12-23 06:20:00
491.239,6.42,6.841601,157891.0,0.5456228,3.1,0.053078443,0.06,2022-12-23 06:25:00
494.86014,6.75,6.7364235,165483.0,0.5326302,3.31,0.10037054,0.06,2022-12-23 06:30:00
482.43604,6.52,8.26161,157360.0,0.51749814,3.03,0.053078443,0.02,2022-12-23 06:35:00
473.1397,6.5,8.22602,156129.0,0.49092326,2.91,0.053078443,0.02,2022-12-23 06:40:00
479.20172,7.21,8.22312,158597.0,0.5028216,3.31,0.10380372,0.03,2022-12-23 06:50:00
479.20172,7.21,8.074069,158597.0,0.5028216,3.31,0.10380372,0.03,2022-12-23 06:55:00
484.33133,7.02,7.8437552,151856.0,0.54284024,3.29,0.08278538,0.03,2022-12-23 07:00:00
481.52145,6.74,8.212296,147741.0,0.5479446,3.13,0.045322984,0.07,2022-12-23 07:05:00
471.06906,6.17,8.096845,122034.0,0.6195647,2.74,-0.031517047,0.06,2022-12-23 07:10:00
480.75998,6.71,8.35182,163709.0,0.49206847,3.1,0.05690485,0.08,2022-12-23 07:15:00
480.71597,6.77,8.393986,155596.0,0.5175781,3.13,0.041392695,0.05,2022-12-23 07:20:00
474.34433,6.75,8.426447,151275.0,0.51070225,3.04,0.033423774,0.05,2022-12-23 07:25:00
488.46863,7.06,6.654931,177778.0,0.47613022,3.37,0.1818436,0.03,2022-12-23 07:40:00
486.1744,7.05,6.7280903,178004.0,0.4686075,3.33,0.1818436,0.05,2022-12-23 07:45:00
487.44385,6.77,6.6921296,169334.0,0.4966156,3.23,0.12710482,0.05,2022-12-23 07:50:00
485.85098,6.3,7.2013474,174306.0,0.4775589,2.98,0.10380372,0.05,2022-12-23 07:55:00
488.84848,6.52,7.360177,144632.0,0.5866652,3.12,0.08278538,0.04,2022-12-23 08:00:00
483.72012,6.86,6.726522,167545.0,0.49007824,3.22,0.12385166,0.11,2022-12-23 08:05:00
483.8326,6.8,6.8184233,172150.0,0.47731397,3.19,0.117271274,0.18,2022-12-23 08:10:00
478.38806,6.61,7.0571594,160230.0,0.49507108,3.03,0.08990512,0.13,2022-12-23 08:15:00
473.76794,6.48,7.6795444,151857.0,0.50682306,2.91,0.06069783,0.06,2022-12-23 08:20:00
480.25583,6.73,6.4361863,157932.0,0.5084046,3.12,0.08635984,0.09,2022-12-23 08:25:00
477.4311,6.5,6.4615016,175393.0,0.44946095,2.97,0.10720996,0.05,2022-12-23 08:35:00
477.85034,6.52,6.097016,161224.0,0.49029925,2.98,0.08635984,0.03,2022-12-23 08:40:00
480.63785,6.38,6.3961396,160784.0,0.5006241,2.95,0.07918126,0.09,2022-12-23 08:45:00
487.5396,6.79,6.057789,166442.0,0.5055535,3.24,0.12057395,0.08,2022-12-23 08:50:00
480.34677,5.81,6.658964,151214.0,0.53130454,2.69,0.037426513,0.07,2022-12-23 08:55:00
483.80478,6.98,7.06872,177404.0,0.4630949,3.27,0.1398791,0.07,2022-12-23 09:00:00
483.84814,6.98,7.2459855,172187.0,0.4772591,3.28,0.13672057,0.11,2022-12-23 09:05:00
489.31766,7.22,6.602492,171230.0,0.49701765,3.46,0.17026173,0.07,2022-12-23 09:15:00
484.06906,7.18,6.6557193,179250.0,0.45910558,3.37,0.18752073,0.02,2022-12-23 09:20:00
487.5532,6.92,6.5636883,175280.0,0.48010403,3.3,0.16731733,0.07,2022-12-23 09:25:00
483.76532,6.8,6.824141,160461.0,0.5118629,3.18,0.1430148,0.06,2022-12-23 09:30:00
480.33612,6.59,6.491533,166118.0,0.48360285,3.05,0.13353892,0.1,2022-12-23 09:35:00
492.4077,7.0,6.8165827,174588.0,0.49710494,3.4,0.17026173,0.07,2022-12-23 09:40:00
487.15997,6.21,6.237924,163580.0,0.51315284,2.97,0.08990512,0.02,2022-12-23 09:45:00
498.0345,6.79,3.3200603,169324.0,0.5310132,3.42,0.12057395,0.11,2022-12-23 09:50:00
500.31015,6.49,5.673526,163933.0,0.556315,3.26,0.12710482,0.06,2022-12-23 09:55:00
496.66537,7.7,8.114499,177072.0,0.50344515,3.8,0.1818436,0.34,2022-12-23 10:00:00
503.04132,7.0,7.956092,158894.0,0.58376753,3.54,0.08635984,0.16,2022-12-23 10:05:00
481.0819,6.23,7.827164,139672.0,0.5779546,2.89,-0.022276402,0.13,2022-12-23 10:10:00
502.73175,6.45,8.680841,155052.0,0.5970872,3.26,-0.013228253,0.09,2022-12-23 10:15:00
499.5975,6.02,9.047188,163312.0,0.5559579,3.0,-0.05061,0.09,2022-12-23 10:20:00
500.09888,6.29,8.156285,149294.0,0.61006176,3.15,-0.036212165,0.28,2022-12-23 10:25:00
500.28555,6.02,8.414113,156059.0,0.5842947,3.01,-0.026872149,0.1,2022-12-23 10:30:00
496.3925,6.75,8.753731,191766.0,0.46407425,3.33,0.06069783,0.04,2022-12-23 10:35:00
476.85306,5.81,8.254611,138233.0,0.5681391,2.64,-0.08618615,0.32,2022-12-23 10:45:00
478.62506,5.3,8.748955,118195.0,0.67217433,2.43,-0.15490197,0.01,2022-12-23 11:00:00
493.79126,6.26,8.6588335,142311.0,0.61520135,3.05,-0.031517047,0.06,2022-12-23 11:05:00
493.79126,6.26,6.1920753,142311.0,0.61520135,3.05,-0.017728778,0.17,2022-12-23 11:10:00
479.42432,6.17,8.19058,139392.0,0.5729265,2.84,-0.0043648016,0.04,2022-12-23 11:15:00
484.31876,6.41,8.061452,179100.0,0.46022835,3.0,0.09342169,0.17,2022-12-23 11:20:00
484.19946,6.2,8.146417,169811.0,0.48503163,2.91,0.053078443,0.08,2022-12-23 11:25:00
493.22134,6.2,8.172564,184030.0,0.4740301,3.02,0.06818584,0.05,2022-12-23 11:30:00
480.44513,5.23,7.6337013,167475.0,0.4800233,2.43,-0.060480744,0.24,2022-12-23 11:40:00
476.21716,5.09,7.9740205,161891.0,0.48310283,2.32,-0.09151498,0.08,2022-12-23 11:45:00
482.3823,5.16,7.29617,177072.0,0.45972973,2.4,-0.06550154,0.38,2022-12-23 11:50:00
490.3049,5.53,8.460107,147192.0,0.5818251,2.68,-0.13076828,0.07,2022-12-23 11:55:00
493.3825,5.7,7.662806,169008.0,0.5166887,2.8,-0.06550154,0.09,2022-12-23 12:00:00
492.33514,5.39,7.4998536,164127.0,0.5285464,2.63,-0.09151498,0.09,2022-12-23 12:05:00
487.40762,5.29,8.13423,151963.0,0.55325603,2.52,-0.13076828,0.1,2022-12-23 12:10:00
472.63098,5.12,8.402464,172757.0,0.44218814,2.32,-0.13076828,0.12,2022-12-23 12:15:00
499.37744,5.3,8.382249,142878.0,0.6345985,2.66,-0.16115092,0.07,2022-12-23 12:20:00
503.52686,5.56,8.1868305,153020.0,0.60799986,2.83,-0.12493874,0.1,2022-12-23 12:25:00
501.8832,5.52,7.7767987,156964.0,0.5867205,2.79,-0.12493874,0.08,2022-12-23 12:30:00
501.1097,5.76,7.7650113,170764.0,0.5367224,2.91,-0.06550154,0.14,2022-12-23 12:35:00
524.4902,5.76,8.926399,177438.0,0.59532076,3.19,-0.07572073,0.15,2022-12-23 12:40:00
520.12256,5.89,9.238923,171874.0,0.59880024,3.19,-0.09151498,0.08,2022-12-23 12:45:00
501.6312,5.43,9.124369,138506.0,0.663871,2.74,-0.19382004,0.09,2022-12-23 12:50:00
509.36737,5.64,8.852536,155004.0,0.62215734,2.93,-0.14874166,0.13,2022-12-23 12:55:00
498.6037,5.09,8.796192,121969.0,0.7398073,2.53,-0.24412516,0.08,2022-12-23 13:00:00
511.7225,5.61,9.324983,159454.0,0.61354196,2.94,-0.14874166,0.08,2022-12-23 13:05:00
537.9683,5.62,9.524316,148840.0,0.7680353,3.25,-0.17392519,0.18,2022-12-23 13:10:00
521.2093,5.98,9.848705,146449.0,0.707339,3.25,-0.16115092,0.09,2022-12-23 13:20:00
521.31683,5.77,9.260798,158062.0,0.6557911,3.14,-0.12493874,0.11,2022-12-23 13:25:00
523.86285,5.75,9.577489,165312.0,0.6366126,3.16,-0.119186416,0.05,2022-12-23 13:30:00
521.6082,6.08,9.271532,169066.0,0.614175,3.31,-0.07572073,0.27,2022-12-23 13:35:00
546.6699,5.8,8.249612,133722.0,0.89865065,3.47,-0.17392519,0.28,2022-12-23 13:40:00
520.7884,6.08,8.618184,180684.0,0.5718764,3.3,-0.017728778,0.21,2022-12-23 13:45:00
516.3023,6.05,7.63095,173571.0,0.57949334,3.22,-0.022276402,0.09,2022-12-23 13:50:00
517.52496,6.11,7.67118,186045.0,0.54463464,3.29,0.02118928,0.03,2022-12-23 14:05:00
522.3008,5.89,8.555992,190406.0,0.54759777,3.21,0.008600163,0.01,2022-12-23 14:10:00
517.5665,5.77,8.163541,180360.0,0.5619423,3.09,-0.0043648016,0.07,2022-12-23 14:15:00
481.2938,5.2,6.371954,145260.0,0.55648357,2.41,-0.10790541,0.01,2022-12-23 14:40:00
494.0734,5.72,7.4828734,164329.0,0.5337205,2.81,-0.008773916,0.06,2022-12-23 14:45:00
499.072,5.13,7.3680663,153860.0,0.58818173,2.57,-0.09691001,0.02,2022-12-23 14:50:00
485.39542,6.38,7.746076,258992.0,0.320468,3.02,0.1398791,0.03,2022-12-23 14:55:00
485.802,4.7,7.774278,146945.0,0.5663022,2.22,-0.13667715,0.06,2022-12-23 15:00:00
489.56528,4.81,8.383717,137568.0,0.6196097,2.3,-0.13076828,0.05,2022-12-23 15:05:00
473.98917,4.64,7.7888637,143680.0,0.5364459,2.09,-0.13076828,0.04,2022-12-23 15:10:00
486.45612,5.29,7.4484696,153780.0,0.5434034,2.52,-0.05551733,0.04,2022-12-23 15:15:00
494.18784,5.26,7.689168,138048.0,0.6357862,2.58,-0.08092192,0.09,2022-12-23 15:20:00
491.88928,5.38,8.065762,153073.0,0.5651187,2.62,-0.0409586,0.02,2022-12-23 15:25:00
486.17194,5.14,8.1863365,145442.0,0.5735118,2.44,-0.07572073,0.02,2022-12-23 15:30:00
479.2894,4.36,8.2293625,127351.0,0.6265473,2.01,-0.17392519,0.01,2022-12-23 15:35:00
479.38516,4.91,8.197055,154449.0,0.5169413,2.26,-0.07572073,0.01,2022-12-23 15:40:00
487.72574,4.92,7.640275,140387.0,0.6000939,2.34,-0.10237289,0.01,2022-12-23 15:45:00
491.598,5.38,7.665488,155013.0,0.5570181,2.6,-0.031517047,0.08,2022-12-23 15:50:00
479.32886,5.07,7.0810947,173271.0,0.4606188,2.35,-0.026872149,0.03,2022-12-23 15:55:00
500.49765,5.51,6.5125494,168920.0,0.5405212,2.79,0.008600163,0.03,2022-12-23 16:00:00
494.1228,5.29,6.6397967,147642.0,0.59422827,2.58,-0.0409586,0.04,2022-12-23 16:05:00
479.73734,4.78,7.369328,135929.0,0.58871764,2.2,-0.11350928,0.08,2022-12-23 16:10:00
467.70752,4.53,6.365485,112129.0,0.65942806,1.98,-0.1674911,0.11,2022-12-23 16:15:00
482.32104,4.91,5.9072924,142311.0,0.57179767,2.28,-0.119186416,0.33,2022-12-23 16:20:00
499.02438,5.14,6.8173676,145078.0,0.62360084,2.58,-0.10237289,0.07,2022-12-23 16:25:00
498.10098,5.55,7.787721,145644.0,0.6176063,2.76,-0.07058106,0.08,2022-12-23 16:30:00
495.272,5.25,7.718478,151724.0,0.5824379,2.58,-0.08618615,0.14,2022-12-23 16:35:00
497.56708,5.25,8.415397,144030.0,0.6224456,2.6,-0.10790541,0.08,2022-12-23 16:40:00
493.01544,4.9,8.66647,140938.0,0.61816144,2.39,-0.15490197,0.21,2022-12-23 16:45:00
507.16318,5.38,8.778371,139168.0,0.68366075,2.77,-0.15490197,0.02,2022-12-23 16:50:00
504.1169,4.72,8.847791,111221.0,0.83955324,2.4,-0.25181198,0.05,2022-12-23 16:55:00
493.541,4.95,9.154376,110156.0,0.79352796,2.42,-0.24412516,0.05,2022-12-23 17:00:00
497.26538,5.2,9.146338,119228.0,0.7505094,2.56,-0.20065947,0.01,2022-12-23 17:05:00
491.33676,5.13,9.0922985,128585.0,0.6703916,2.48,-0.18708667,0.05,2022-12-23 17:10:00
502.78412,5.15,9.167464,134168.0,0.690251,2.6,-0.20065947,0.11,2022-12-23 17:15:00
497.03708,5.2,9.116244,128581.0,0.6949231,2.57,-0.20065947,0.09,2022-12-23 17:20:00
512.98444,5.82,9.300995,145817.0,0.6760851,3.06,-0.1426675,0.09,2022-12-23 17:25:00
515.58405,5.32,9.621835,127626.0,0.7847012,2.83,-0.22184876,0.03,2022-12-23 17:30:00
524.7575,5.33,9.426075,136946.0,0.7725689,2.93,-0.20760833,0.04,2022-12-23 17:35:00
504.82074,4.99,9.611977,117780.0,0.7962506,2.54,-0.26760623,0.02,2022-12-23 17:40:00
496.82132,4.98,9.545166,121614.0,0.7337413,2.46,-0.25181198,0.1,2022-12-23 17:45:00
506.66418,5.74,9.216946,137187.0,0.6914109,2.96,-0.13667715,0.16,2022-12-23 17:50:00
486.38654,5.16,9.373041,105254.0,0.7935789,2.44,-0.24412516,0.04,2022-12-23 18:00:00
484.45462,4.03,9.621065,107261.0,0.7691415,1.9,-0.37675074,0.14,2022-12-23 18:05:00
482.61,4.3,9.192878,133348.0,0.6113699,2.0,-0.30103,0.22,2022-12-23 18:15:00
503.18652,3.67,9.846004,154905.0,0.5993385,1.86,-0.35654733,0.1,2022-12-23 18:20:00
502.67963,3.35,9.865643,157434.0,0.5878635,1.7,-0.38721615,0.04,2022-12-23 18:25:00
499.58142,3.05,9.897686,139379.0,0.6513573,1.52,-0.4685211,0.09,2022-12-23 18:30:00
504.7116,2.6,10.1031685,118917.0,0.7881066,1.32,-0.5850267,0.04,2022-12-23 18:35:00
494.98135,2.2,10.093185,94033.0,0.93805856,1.08,-0.69897,0.04,2022-12-23 18:40:00
492.06674,3.3,9.76357,131366.0,0.6592391,1.59,-0.4202164,0.19,2022-12-23 18:45:00
503.57486,2.81,10.121808,133183.0,0.69876593,1.43,-0.52287877,0.11,2022-12-23 18:50:00
502.38446,2.65,10.215102,118821.0,0.7774773,1.34,-0.5850267,0.06,2022-12-23 18:55:00
508.89426,2.73,10.276677,129416.0,0.7430171,1.4,-0.552842,0.2,2022-12-23 19:00:00
497.41925,3.39,10.1625595,124386.0,0.7200807,1.67,-0.455932,0.17,2022-12-23 19:05:00
499.79578,3.19,10.205891,125806.0,0.7225953,1.59,-0.49485007,0.08,2022-12-23 19:10:00
500.7228,3.2,10.1187,126623.0,0.72208655,1.6,-0.48148608,0.05,2022-12-23 19:15:00
501.411,3.18,9.861669,125756.0,0.73018014,1.6,-0.4685211,0.06,2022-12-23 19:20:00
493.81543,3.31,9.930569,122878.0,0.71260333,1.62,-0.455932,0.05,2022-12-23 19:25:00
491.4301,3.54,9.871758,131784.0,0.6545051,1.71,-0.40893543,0.09,2022-12-23 19:30:00
505.99612,3.35,10.136883,141140.0,0.66929144,1.72,-0.4436975,0.04,2022-12-23 19:35:00
503.0446,2.62,10.383163,114846.0,0.80768186,1.33,-0.6197888,0.04,2022-12-23 19:40:00
491.46475,3.48,9.933725,112830.0,0.76462126,1.67,-0.455932,0.09,2022-12-23 19:45:00
487.327,3.36,9.812165,120600.0,0.69677573,1.6,-0.455932,0.04,2022-12-23 19:50:00
482.3564,3.62,9.516859,121222.0,0.6714266,1.68,-0.40893543,0.04,2022-12-23 19:55:00
482.6763,3.73,9.747785,108284.0,0.7532029,1.74,-0.43179828,0.06,2022-12-23 20:00:00
492.94373,2.9,9.802791,109607.0,0.7945022,1.39,-0.552842,0.2,2022-12-23 20:05:00
505.24014,2.47,10.240014,109953.0,0.8551394,1.26,-0.63827217,0.11,2022-12-23 20:10:00
507.59146,3.16,10.235531,111098.0,0.85864776,1.62,-0.52287877,0.02,2022-12-23 20:15:00
506.54898,3.15,10.145551,106736.0,0.8880366,1.62,-0.52287877,0.04,2022-12-23 20:20:00
502.43646,3.08,10.172138,111234.0,0.83077466,1.56,-0.53760207,0.05,2022-12-23 20:25:00
498.5387,3.02,10.132551,109140.0,0.8264333,1.5,-0.53760207,0.03,2022-12-23 20:30:00
499.57614,2.82,10.07544,116426.0,0.77974445,1.41,-0.552842,0.15,2022-12-23 20:35:00
491.9383,2.87,10.108363,111944.0,0.772987,1.39,-0.552842,0.04,2022-12-23 20:40:00
491.38385,2.55,10.246316,116226.0,0.7418996,1.23,-0.6197888,0.03,2022-12-23 20:45:00
530.04333,2.94,9.433525,176838.0,0.61724967,1.66,-0.43179828,0.16,2022-12-23 20:50:00
558.8732,2.96,10.0663395,166561.0,0.77280205,1.85,-0.455932,0.15,2022-12-23 20:55:00
564.3009,3.06,10.1966715,162337.0,0.8171289,1.95,-0.455932,0.05,2022-12-23 21:00:00
561.96075,2.92,10.201765,149440.0,0.87624013,1.84,-0.49485007,0.02,2022-12-23 21:10:00
563.8681,3.13,10.205185,170586.0,0.77576005,1.99,-0.4202164,0.05,2022-12-23 21:15:00
561.70654,2.48,10.056486,248128.0,0.5269901,1.56,-0.4202164,0.11,2022-12-23 21:25:00
562.9811,2.5,9.850553,247533.0,0.5319971,1.59,-0.40893543,0.16,2022-12-23 21:30:00
563.00934,3.12,9.466641,241898.0,0.54447496,1.98,-0.30980393,0.1,2022-12-23 21:35:00
560.33,3.15,10.178158,190076.0,0.68270606,1.98,-0.40893543,0.09,2022-12-23 21:40:00
560.8073,2.93,9.958258,223376.0,0.58247274,1.85,-0.37675074,0.08,2022-12-23 21:45:00
551.58527,2.2,9.760046,260485.0,0.47436503,1.35,-0.4436975,0.02,2022-12-23 21:50:00
550.64276,2.04,9.8323145,273048.0,0.45013657,1.24,-0.4685211,0.05,2022-12-23 21:55:00
547.7036,2.04,9.637925,302877.0,0.39909965,1.22,-0.43179828,0.03,2022-12-23 22:00:00
556.7671,2.01,9.857109,332416.0,0.38269702,1.25,-0.4202164,0.04,2022-12-23 22:05:00
552.9421,2.0,10.196279,327405.0,0.38030463,1.22,-0.4436975,0.05,2022-12-23 22:10:00
560.98206,2.01,10.05575,330991.0,0.39347506,1.27,-0.4202164,0.06,2022-12-23 22:15:00
571.236,2.16,9.803907,313442.0,0.43960744,1.41,-0.39794,0.06,2022-12-23 22:20:00
594.03564,2.32,9.198489,369320.0,0.42143512,1.64,-0.30103,0.11,2022-12-23 22:25:00
592.64465,2.18,9.467001,336880.0,0.45865795,1.54,-0.35654733,0.04,2022-12-23 22:30:00
604.4196,2.38,9.636254,372877.0,0.44055134,1.74,-0.27572417,0.07,2022-12-23 22:35:00
605.9183,2.54,9.545607,406802.0,0.40693694,1.86,-0.21467017,0.03,2022-12-23 22:40:00
604.76306,2.31,9.458276,344860.0,0.47718552,1.69,-0.30103,0.05,2022-12-23 22:45:00
605.14923,2.38,8.966275,413777.0,0.39849854,1.74,-0.22184876,0.05,2022-12-23 22:50:00
582.7715,2.31,9.183507,447458.0,0.32771719,1.57,-0.20065947,0.06,2022-12-23 22:55:00
578.8973,1.86,9.454845,362642.0,0.39605516,1.25,-0.36653155,0.03,2022-12-23 23:05:00
578.63617,1.76,9.473844,379495.0,0.37793556,1.18,-0.38721615,0.02,2022-12-23 23:15:00
578.2706,1.85,8.933051,413777.0,0.34594184,1.24,-0.3372422,0.07,2022-12-23 23:20:00
592.6299,2.2,8.65557,416045.0,0.37135562,1.57,-0.23657204,0.04,2022-12-23 23:25:00
588.9272,1.87,8.533253,372178.0,0.40710488,1.31,-0.3467875,0.07,2022-12-23 23:30:00
588.3398,1.79,8.824274,387475.0,0.38982,1.25,-0.3372422,0.08,2022-12-23 23:35:00
604.7494,2.07,8.043097,409843.0,0.4014967,1.53,-0.23657204,0.06,2022-12-23 23:40:00
597.9151,1.77,8.610238,352910.0,0.45005965,1.29,-0.3467875,0.12,2022-12-23 23:45:00
612.7855,2.05,8.615196,407585.0,0.42065716,1.56,-0.25963733,0.07,2022-12-23 23:50:00
624.08594,2.53,8.736286,482204.0,0.37637448,1.97,-0.119186416,0.06,2022-12-23 23:55:00
580.27765,1.51,8.9415045,273208.0,0.5296148,1.02,-0.53760207,0.13,2022-12-24 00:00:00
613.48834,1.96,9.619278,335887.0,0.51227486,1.48,-0.38721615,0.02,2022-12-24 00:05:00
577.8174,1.73,9.404409,358704.0,0.3980826,1.16,-0.4202164,0.09,2022-12-24 00:20:00
630.0209,2.37,8.936269,459636.0,0.40666148,1.88,-0.17392519,0.08,2022-12-24 00:30:00
598.1061,2.15,8.308923,414565.0,0.3835069,1.55,-0.25181198,0.1,2022-12-24 00:35:00
597.6801,2.21,8.885972,393753.0,0.40288278,1.59,-0.24412516,0.02,2022-12-24 00:40:00
589.2433,1.99,8.729857,346871.0,0.43753672,1.38,-0.3372422,0.05,2022-12-24 00:45:00
596.4547,2.29,8.196548,381462.0,0.41321558,1.64,-0.25181198,0.04,2022-12-24 00:50:00
614.85596,2.34,8.669718,376570.0,0.46010938,1.79,-0.25181198,0.05,2022-12-24 00:55:00
609.9557,2.11,8.51047,336158.0,0.5027422,1.58,-0.3187588,0.03,2022-12-24 01:00:00
598.1023,2.09,8.358642,369088.0,0.43075198,1.5,-0.30103,0.07,2022-12-24 01:05:00
580.9767,2.24,8.889921,515417.0,0.28178796,1.51,-0.1674911,0.04,2022-12-24 01:10:00
617.9289,2.37,8.720046,407116.0,0.43224362,1.83,-0.23657204,0.04,2022-12-24 01:20:00
623.6606,2.34,9.12753,343617.0,0.52705336,1.82,-0.30103,0.04,2022-12-24 01:25:00
608.147,2.38,8.871111,415547.0,0.40295237,1.77,-0.23657204,0.07,2022-12-24 01:30:00
602.8713,2.28,9.009023,408997.0,0.3984504,1.67,-0.25181198,0.09,2022-12-24 01:35:00
625.66754,2.3,8.972207,350368.0,0.52209365,1.8,-0.2839967,0.08,2022-12-24 01:40:00
589.51483,2.09,8.963141,330117.0,0.46040225,1.46,-0.3467875,0.05,2022-12-24 01:45:00
582.97864,1.91,9.297639,300148.0,0.48909858,1.3,-0.43179828,0.03,2022-12-24 01:50:00
665.12384,1.53,8.914051,243951.0,0.9070853,1.35,-0.5850267,0.04,2022-12-24 02:00:00
627.2263,2.35,9.210299,320640.0,0.5749356,1.85,-0.30980393,0.02,2022-12-24 02:05:00
589.57324,2.52,9.10418,468512.0,0.32450292,1.75,-0.13667715,0.04,2022-12-24 02:20:00
600.4426,2.42,9.260724,395961.0,0.40642893,1.74,-0.21467017,0.04,2022-12-24 02:25:00
609.26166,2.7,9.1091,391082.0,0.43060768,2.0,-0.17392519,0.08,2022-12-24 02:30:00
592.2359,1.91,9.088971,295330.0,0.5220639,1.34,-0.4202164,0.17,2022-12-24 02:35:00
590.324,2.05,8.702431,326803.0,0.467061,1.43,-0.35654733,0.05,2022-12-24 02:40:00
588.25055,1.89,8.784395,276914.0,0.5452026,1.31,-0.4202164,0.06,2022-12-24 02:45:00
580.66504,2.13,8.380697,360620.0,0.40207404,1.45,-0.26760623,0.13,2022-12-24 02:50:00
569.9664,1.81,8.309434,302596.0,0.45222098,1.18,-0.38721615,0.13,2022-12-24 02:55:00
600.135,2.36,8.460838,412465.0,0.38954452,1.72,-0.18045606,0.07,2022-12-24 03:00:00
582.8683,2.45,9.219311,410196.0,0.35767162,1.67,-0.20760833,0.04,2022-12-24 03:05:00
589.844,2.33,9.089517,363910.0,0.41837522,1.63,-0.25963733,0.02,2022-12-24 03:10:00
577.0978,2.35,8.81767,362244.0,0.3926661,1.58,-0.26760623,0.11,2022-12-24 03:15:00
578.3815,2.05,9.411796,297803.0,0.4809495,1.38,-0.38721615,0.04,2022-12-24 03:20:00
573.15027,1.31,9.413575,170586.0,0.8162094,0.86,-0.7695511,0.06,2022-12-24 03:25:00
584.47864,2.27,9.65201,331514.0,0.44637942,1.55,-0.3372422,0.08,2022-12-24 03:30:00
586.54016,2.37,9.127381,325357.0,0.4598392,1.65,-0.30103,0.22,2022-12-24 03:35:00
580.88965,2.18,9.074436,318293.0,0.4560912,1.47,-0.3372422,0.18,2022-12-24 03:40:00
567.14417,2.19,8.587556,344865.0,0.39070937,1.41,-0.2839967,0.16,2022-12-24 03:45:00
560.3333,1.8,7.965733,280374.0,0.46284035,1.14,-0.4202164,0.02,2022-12-24 03:50:00
579.07007,2.45,8.385356,368735.0,0.38987273,1.67,-0.19382004,0.04,2022-12-24 03:55:00
563.1335,2.27,8.688395,372760.0,0.353573,1.45,-0.21467017,0.12,2022-12-24 04:00:00
579.3069,2.45,7.966166,404542.0,0.35581675,1.66,-0.11350928,0.01,2022-12-24 04:05:00
571.7247,2.49,7.9255033,328617.0,0.42042464,1.63,-0.24412516,0.09,2022-12-24 04:10:00
584.0595,2.76,9.007519,378748.0,0.38983947,1.89,-0.16115092,0.04,2022-12-24 04:15:00
584.58765,2.66,8.177713,340720.0,0.43457076,1.85,-0.22184876,0.07,2022-12-24 04:20:00
577.63275,2.74,9.127706,338621.0,0.42127278,1.83,-0.22914802,0.04,2022-12-24 04:25:00
572.16656,2.62,9.154758,324833.0,0.42634627,1.72,-0.25963733,0.06,2022-12-24 04:30:00
570.9417,2.89,9.424039,357037.0,0.3853117,1.89,-0.19382004,0.08,2022-12-24 04:35:00
600.36383,3.06,7.4342318,393312.0,0.40899912,2.27,-0.06550154,0.12,2022-12-24 04:40:00
565.8854,2.53,7.8377867,294875.0,0.45379633,1.62,-0.26760623,0.09,2022-12-24 04:45:00
552.5106,2.5,7.6785736,329940.0,0.37646678,1.53,-0.22914802,0.1,2022-12-24 04:50:00
565.10974,2.36,8.311348,318356.0,0.41853482,1.53,-0.26760623,0.06,2022-12-24 04:55:00
547.5085,2.49,8.10593,321778.0,0.3752404,1.51,-0.25181198,0.07,2022-12-24 05:00:00
566.23846,2.32,8.499753,257443.0,0.52078813,1.49,-0.3372422,0.23,2022-12-24 05:05:00
595.72363,2.47,9.04742,303906.0,0.5166905,1.75,-0.29242983,0.12,2022-12-24 05:10:00
601.2903,2.47,7.427792,347655.0,0.46493876,1.78,-0.15490197,0.24,2022-12-24 05:15:00
584.5166,2.79,7.599375,340978.0,0.43407768,1.92,-0.10237289,0.09,2022-12-24 05:20:00
575.67474,1.19,7.717681,139392.0,1.0126257,0.79,-0.69897,0.19,2022-12-24 05:25:00
577.9447,1.69,7.661566,187700.0,0.76127756,1.13,-0.49485007,0.07,2022-12-24 05:30:00
591.1329,3.01,6.213711,403831.0,0.37958702,2.1,0.0293838,0.16,2022-12-24 05:35:00
579.6693,1.21,7.01673,173166.0,0.8328618,0.81,-0.63827217,0.04,2022-12-24 05:40:00
617.488,2.76,7.133169,289713.0,0.6060574,2.1,-0.14874166,0.11,2022-12-24 05:45:00
554.4417,1.53,7.4623117,252476.0,0.49734592,0.94,-0.4685211,0.13,2022-12-24 05:55:00
590.75134,1.99,6.880538,260598.0,0.58703905,1.43,-0.25181198,0.08,2022-12-24 06:00:00
565.5493,2.52,6.8703203,321886.0,0.41494808,1.61,-0.1426675,0.16,2022-12-24 06:05:00
579.3951,2.53,6.883611,319610.0,0.45058358,1.71,-0.1426675,0.14,2022-12-24 06:10:00
587.33704,2.76,6.950856,323449.0,0.46451086,1.93,-0.10237289,0.07,2022-12-24 06:15:00
562.2293,2.35,6.354479,312782.0,0.4192704,1.51,-0.17392519,0.24,2022-12-24 06:20:00
592.97406,3.3,7.108326,551849.0,0.28047562,2.42,0.19865711,0.13,2022-12-24 06:25:00
596.57263,3.13,6.562324,342130.0,0.4610033,2.23,0.00432137,0.3,2022-12-24 06:30:00
546.69196,2.38,6.77127,303265.0,0.39630166,1.42,-0.1426675,0.27,2022-12-24 06:35:00
597.7123,2.92,7.700565,296450.0,0.5352096,2.09,-0.060480744,0.1,2022-12-24 06:50:00
638.8321,2.48,3.9557931,298394.0,0.6540846,2.04,0.02118928,0.31,2022-12-24 07:10:00
610.7802,2.64,6.106267,291363.0,0.58247954,1.98,0.008600163,0.12,2022-12-24 07:15:00
595.9156,2.43,6.005739,275266.0,0.5710219,1.73,-0.0409586,0.09,2022-12-24 07:20:00
606.17535,2.3,5.4603386,269270.0,0.6155958,1.69,-0.05061,0.09,2022-12-24 07:25:00
612.29877,2.31,5.4844327,287872.0,0.5941181,1.74,-0.022276402,0.11,2022-12-24 07:30:00
621.63635,2.12,6.040819,262764.0,0.6822886,1.64,-0.060480744,0.05,2022-12-24 07:35:00
623.0496,2.23,6.1185703,225120.0,0.8020291,1.73,-0.07572073,0.03,2022-12-24 07:40:00
624.75696,1.97,6.1338816,228826.0,0.79579,1.54,-0.10790541,0.09,2022-12-24 07:50:00
624.75696,1.97,5.6036954,228826.0,0.79579,1.54,-0.09151498,0.11,2022-12-24 07:55:00
603.09564,2.09,5.543582,318003.0,0.5130577,1.52,0.06818584,0.06,2022-12-24 08:05:00
585.4126,1.78,5.745337,238602.0,0.6232905,1.22,-0.119186416,0.01,2022-12-24 08:25:00
590.5415,1.61,5.9538393,225915.0,0.6764143,1.12,-0.18708667,0.02,2022-12-24 08:30:00
588.7023,2.02,6.064899,319760.0,0.47327808,1.4,0.0,0.04,2022-12-24 08:35:00
605.0784,2.04,5.4274673,331856.0,0.49668974,1.5,0.053078443,0.37,2022-12-24 08:40:00
611.16077,2.12,4.1551414,334918.0,0.5077135,1.58,0.12057395,0.09,2022-12-24 08:45:00
603.358,2.01,4.718093,311395.0,0.5246549,1.47,0.05690485,0.12,2022-12-24 08:50:00
598.9531,1.94,5.439908,273030.0,0.58488256,1.39,0.00432137,0.05,2022-12-24 08:55:00
607.61774,1.95,5.28266,264419.0,0.63154477,1.44,-0.026872149,0.03,2022-12-24 09:00:00
635.727,1.54,5.4500732,179041.0,1.0737033,1.24,-0.22914802,0.03,2022-12-24 09:10:00
606.2872,1.95,5.201365,272894.0,0.60776967,1.43,-0.013228253,0.01,2022-12-24 09:15:00
602.4736,1.98,5.39535,277759.0,0.5855096,1.44,0.00432137,0.03,2022-12-24 09:20:00
584.33887,1.55,5.1473584,212177.0,0.6969222,1.06,-0.17392519,0.06,2022-12-24 09:25:00
584.9807,1.78,5.2071204,228086.0,0.65053135,1.23,-0.08092192,0.1,2022-12-24 09:30:00
588.12946,1.5,5.477253,228083.0,0.6615026,1.04,-0.1674911,0.03,2022-12-24 09:35:00
611.0996,1.75,5.024749,246257.0,0.6902928,1.31,-0.07058106,0.04,2022-12-24 09:40:00
594.41986,1.73,4.8995814,245115.0,0.6362646,1.23,-0.06550154,0.02,2022-12-24 09:45:00
594.03125,1.88,4.6972437,284828.0,0.54643786,1.33,0.017033322,0.07,2022-12-24 09:50:00
595.16223,1.49,4.100829,228192.0,0.6861115,1.06,-0.060480744,0.55,2022-12-24 09:55:00
578.94446,1.48,4.8408365,243420.0,0.59018433,1.01,-0.13667715,0.08,2022-12-24 10:00:00
560.45764,1.4,4.906679,246555.0,0.5266901,0.89,-0.15490197,0.02,2022-12-24 10:05:00
561.84186,1.48,3.9478095,298314.0,0.4386623,0.94,-0.09691001,0.16,2022-12-24 10:10:00
553.9705,1.2,4.2224402,155515.0,0.8052984,0.74,-0.37675074,0.06,2022-12-24 10:20:00
593.7952,1.94,3.9584594,342463.0,0.4539129,1.37,0.08278538,0.16,2022-12-24 10:25:00
587.644,1.29,4.2282267,189132.0,0.79568845,0.89,-0.2839967,0.07,2022-12-24 10:30:00
579.30896,1.88,5.3900094,258989.0,0.55579346,1.28,-0.06550154,0.14,2022-12-24 10:35:00
586.7587,2.0,4.99961,277682.0,0.53941387,1.38,-0.0043648016,0.09,2022-12-24 10:40:00
587.7486,2.19,5.5217752,290613.0,0.5181238,1.51,0.017033322,0.05,2022-12-24 10:45:00
587.19916,2.18,5.8086576,253258.0,0.59281754,1.5,-0.013228253,0.04,2022-12-24 10:50:00
625.7456,2.95,5.314753,465323.0,0.39326656,2.31,0.32633585,0.06,2022-12-24 11:00:00
602.6269,2.14,5.3592815,253032.0,0.64323664,1.55,-0.008773916,0.07,2022-12-24 11:05:00
608.37494,2.11,5.335897,244720.0,0.68503237,1.56,-0.026872149,0.03,2022-12-24 11:10:00
627.51526,2.31,5.0503364,268280.0,0.6881314,1.83,0.033423774,0.06,2022-12-24 11:30:00
608.3687,2.1,3.2696483,279221.0,0.6003694,1.55,0.017033322,0.07,2022-12-24 11:50:00
599.04846,2.32,3.9935699,289600.0,0.55169076,1.67,0.06818584,0.07,2022-12-24 11:55:00
589.25464,2.2,3.8630297,265091.0,0.57255006,1.54,0.025305841,0.07,2022-12-24 12:00:00
596.33826,2.24,5.024351,276177.0,0.57039577,1.6,0.08278538,0.04,2022-12-24 12:05:00
592.1341,2.16,3.661284,255628.0,0.6028238,1.54,0.025305841,0.18,2022-12-24 12:10:00
599.55676,2.02,5.501536,196254.0,0.8162487,1.48,-0.16115092,0.18,2022-12-24 12:15:00
594.66595,1.87,5.3350444,217075.0,0.7193786,1.32,-0.13076828,0.12,2022-12-24 12:25:00
586.72766,2.21,5.5669827,261831.0,0.5719752,1.54,0.0,0.11,2022-12-24 12:30:00
555.87726,1.57,5.0489798,158597.0,0.7981409,0.97,-0.23657204,0.07,2022-12-24 12:40:00
565.5022,1.96,5.671349,209887.0,0.63620585,1.25,-0.08618615,0.06,2022-12-24 12:45:00
547.80774,2.02,5.6005445,234818.0,0.51507837,1.21,-0.0409586,0.02,2022-12-24 12:50:00
540.98364,1.69,5.242566,182359.0,0.63786715,1.0,-0.17392519,0.06,2022-12-24 12:55:00
551.48346,1.38,5.0235944,139973.0,0.88227004,0.84,-0.3467875,0.06,2022-12-24 13:00:00
571.8986,1.88,5.1896915,182478.0,0.7578423,1.23,-0.1426675,0.08,2022-12-24 13:05:00
569.8528,1.91,5.2366877,176809.0,0.77346385,1.24,-0.13076828,0.11,2022-12-24 13:10:00
565.83856,2.08,4.7706394,185004.0,0.72311264,1.33,-0.08618615,0.12,2022-12-24 13:15:00
557.6153,1.75,4.8130655,167411.0,0.76350373,1.09,-0.19382004,0.08,2022-12-24 13:20:00
576.818,1.96,4.4906793,194196.0,0.7313559,1.31,-0.12493874,0.09,2022-12-24 13:25:00
581.8867,2.1,3.571288,207124.0,0.70463926,1.43,-0.07572073,0.11,2022-12-24 13:30:00
585.13556,2.1,2.7898746,200295.0,0.74140334,1.46,-0.08618615,0.06,2022-12-24 13:35:00
617.8924,2.13,5.0131526,215867.0,0.8150433,1.63,-0.013228253,0.04,2022-12-24 13:50:00
644.7752,2.1,5.3681,231812.0,0.8665776,1.75,-0.0043648016,0.02,2022-12-24 13:55:00
640.9465,2.19,5.600625,236209.0,0.83482397,1.8,0.017033322,0.02,2022-12-24 14:00:00
638.74194,2.26,5.5658693,252196.0,0.77356195,1.84,0.053078443,0.01,2022-12-24 14:05:00
565.894,2.22,5.381208,270774.0,0.49421114,1.42,0.053078443,0.05,2022-12-24 14:20:00
559.0485,2.23,5.392263,240124.0,0.5365745,1.39,0.02118928,0.02,2022-12-24 14:25:00
565.3994,1.56,4.857345,228083.0,0.5851194,1.0,-0.10237289,0.11,2022-12-24 14:45:00
561.7962,2.06,5.193862,250908.0,0.5214103,1.3,0.041392695,0.06,2022-12-24 14:50:00
558.98175,2.15,5.239895,259334.0,0.49664328,1.34,0.09342169,0.03,2022-12-24 14:55:00
559.0253,2.26,4.9645643,269145.0,0.4786555,1.41,0.12057395,0.07,2022-12-24 15:00:00
566.868,2.32,5.112866,276324.0,0.48688433,1.49,0.13353892,0.05,2022-12-24 15:05:00
566.139,2.21,3.2937062,263554.0,0.5084346,1.42,0.12057395,0.29,2022-12-24 15:10:00
583.59784,1.71,4.777625,262420.0,0.5612679,1.17,0.025305841,0.14,2022-12-24 15:25:00
575.71436,1.56,6.037309,209744.0,0.6731166,1.04,-0.20760833,0.36,2022-12-24 15:30:00
578.9893,1.31,6.225801,158011.0,0.90941334,0.88,-0.39794,0.06,2022-12-24 15:35:00
581.8999,1.52,6.12361,204928.0,0.7122404,1.03,-0.26760623,0.05,2022-12-24 15:40:00
570.21924,1.61,6.115398,196538.0,0.69721556,1.05,-0.24412516,0.02,2022-12-24 15:45:00
566.27716,1.53,5.858968,169063.0,0.793206,0.99,-0.30980393,0.06,2022-12-24 15:50:00
563.66815,1.54,6.048851,186699.0,0.7080263,0.98,-0.25963733,0.03,2022-12-24 15:55:00
556.3192,1.52,6.075204,194794.0,0.6514385,0.94,-0.25963733,0.01,2022-12-24 16:00:00
563.0909,1.48,6.078264,178758.0,0.73712397,0.94,-0.29242983,0.02,2022-12-24 16:05:00
564.1465,1.38,6.102835,200643.0,0.6605628,0.88,-0.30103,0.07,2022-12-24 16:10:00
561.69995,1.45,6.3314924,183957.0,0.71079785,0.92,-0.32790217,0.04,2022-12-24 16:15:00
564.14624,1.44,6.52381,149946.0,0.8838991,0.92,-0.4202164,0.06,2022-12-24 16:20:00
568.7531,1.56,6.2716584,180478.0,0.7531972,1.01,-0.32790217,0.04,2022-12-24 16:25:00
567.5461,1.51,6.5652494,172957.0,0.780769,0.97,-0.39794,0.11,2022-12-24 16:30:00
567.74884,1.43,7.007781,165443.0,0.81713754,0.92,-0.455932,0.11,2022-12-24 16:35:00
564.8126,1.39,7.1731515,159640.0,0.83328164,0.89,-0.49485007,0.04,2022-12-24 16:40:00
571.459,1.48,7.014692,155154.0,0.8891739,0.97,-0.455932,0.04,2022-12-24 16:45:00
573.0544,1.54,7.001157,163286.0,0.85225576,1.01,-0.4202164,0.02,2022-12-24 16:50:00
574.8114,1.48,6.991373,157825.0,0.8901882,0.98,-0.4436975,0.01,2022-12-24 16:55:00
573.1425,1.4,7.036398,152420.0,0.91344994,0.92,-0.48148608,0.02,2022-12-24 17:00:00
571.264,1.36,7.0519075,142057.0,0.9701205,0.88,-0.52287877,0.03,2022-12-24 17:05:00
573.51917,1.47,6.8889623,150327.0,0.9280642,0.97,-0.4436975,0.07,2022-12-24 17:10:00
564.47284,1.4,6.0121875,133885.0,0.9917179,0.9,-0.43179828,0.28,2022-12-24 17:15:00
559.12885,1.31,5.621859,141917.0,0.9082916,0.83,-0.4436975,0.19,2022-12-24 17:20:00
555.5182,1.29,4.7648087,137742.0,0.91713786,0.81,-0.4202164,0.2,2022-12-24 17:25:00
563.82117,1.31,4.8266034,171760.0,0.770258,0.84,-0.36653155,0.07,2022-12-24 17:30:00
548.98315,1.16,3.6891463,169456.0,0.718531,0.71,-0.36653155,0.09,2022-12-24 17:35:00
534.39825,0.96,5.031113,105708.0,1.0592321,0.55,-0.552842,0.07,2022-12-24 17:40:00
561.62805,1.34,5.4420123,199670.0,0.65460074,0.86,-0.25963733,0.06,2022-12-24 17:45:00
547.6566,1.21,5.5203714,140792.0,0.8583287,0.73,-0.38721615,0.02,2022-12-24 17:50:00
575.88165,1.69,3.6194615,193090.0,0.7318345,1.12,-0.17392519,0.07,2022-12-24 17:55:00
581.1216,1.49,2.855696,217893.0,0.6670757,1.01,-0.19382004,0.02,2022-12-24 18:00:00
558.72,1.33,4.9319873,158079.0,0.813573,0.83,-0.32790217,0.02,2022-12-24 18:05:00
556.8561,1.17,4.1591587,182425.0,0.69769996,0.73,-0.3187588,0.06,2022-12-24 18:10:00
548.3533,1.14,5.2596292,139854.0,0.867512,0.7,-0.40893543,0.03,2022-12-24 18:15:00
557.7726,1.15,5.377537,262834.0,0.4867376,0.72,-0.25181198,0.04,2022-12-24 18:20:00
569.2023,1.48,5.740122,191086.0,0.71313435,0.96,-0.22914802,0.05,2022-12-24 18:25:00
558.97327,1.3,5.708599,278979.0,0.4616491,0.81,-0.18045606,0.03,2022-12-24 18:30:00
559.6801,1.24,5.6925917,305631.0,0.42305282,0.77,-0.17392519,0.06,2022-12-24 18:35:00
558.5843,1.19,5.7821884,289713.0,0.44358242,0.74,-0.22184876,0.04,2022-12-24 18:40:00
563.57465,1.19,5.7592187,285825.0,0.46223933,0.75,-0.22184876,0.04,2022-12-24 18:45:00
562.41254,1.11,5.6516013,207233.0,0.6334575,0.71,-0.32790217,0.04,2022-12-24 18:50:00
573.42786,1.15,5.749617,251695.0,0.5540196,0.76,-0.25963733,0.02,2022-12-24 18:55:00
568.42444,1.29,5.465391,261943.0,0.5180178,0.83,-0.18708667,0.05,2022-12-24 19:00:00
565.6281,1.18,5.6587453,315377.0,0.4236958,0.75,-0.18708667,0.1,2022-12-24 19:05:00
569.6602,1.23,5.666084,331092.0,0.41260913,0.81,-0.13076828,0.21,2022-12-24 19:10:00
559.2572,1.0,5.7682323,344791.0,0.37412277,0.63,-0.27572417,0.1,2022-12-24 19:45:00
585.34924,1.2,5.3656406,330561.0,0.44974533,0.84,-0.21467017,0.14,2022-12-24 19:50:00
558.5444,0.91,6.36916,374528.0,0.34305325,0.57,-0.3467875,0.06,2022-12-24 19:55:00
559.1889,1.0,6.094374,388895.0,0.33156806,0.62,-0.27572417,0.07,2022-12-24 20:00:00
605.13513,1.26,5.664786,276193.0,0.5969651,0.92,-0.30103,0.16,2022-12-24 20:15:00
583.2488,1.29,6.637997,311512.0,0.47193635,0.87,-0.2839967,0.09,2022-12-24 20:20:00
631.1519,1.14,6.497938,194236.0,0.9677035,0.91,-0.49485007,0.05,2022-12-24 20:25:00
632.52313,1.27,6.4785953,219198.0,0.8633155,1.02,-0.38721615,0.1,2022-12-24 20:30:00
609.6281,1.29,6.5732946,247034.0,0.68297666,0.96,-0.32790217,0.05,2022-12-24 20:35:00
609.6281,1.29,5.975868,247034.0,0.68297666,0.96,-0.35654733,0.24,2022-12-24 20:40:00
582.20715,1.11,6.09046,308427.0,0.47401184,0.75,-0.3372422,0.1,2022-12-24 20:45:00
600.2808,0.87,6.3245792,371230.0,0.43314135,0.61,-0.39794,0.15,2022-12-24 20:50:00
618.7233,0.63,6.487264,434032.0,0.40706334,0.48,-0.48148608,0.1,2022-12-24 20:55:00
607.3686,1.4,6.1990485,288239.0,0.5786148,1.03,-0.25181198,0.06,2022-12-24 21:10:00
559.7855,0.55,5.7383795,693960.0,0.18642847,0.34,-0.3372422,0.09,2022-12-24 21:20:00
598.2372,0.55,4.9784937,1155490.0,0.13768794,0.39,-0.07058106,0.14,2022-12-24 21:30:00
625.9544,0.47,4.564362,1202800.0,0.15229976,0.37,-0.09691001,0.44,2022-12-24 21:35:00
672.83093,0.88,4.1413283,483538.0,0.47434655,0.8,0.08278538,0.14,2022-12-24 22:50:00
677.5924,0.89,4.55067,427680.0,0.54820293,0.82,0.0,0.39,2022-12-24 22:55:00
717.08545,0.66,5.097774,65486.0,4.2707,0.68,-0.67778075,0.08,2022-12-24 23:00:00
723.2513,0.67,5.0549874,59755.0,4.806713,0.7,-0.67778075,0.24,2022-12-24 23:05:00
717.439,0.67,5.3610263,73517.0,3.8100107,0.69,-0.69897,0.33,2022-12-24 23:10:00
709.5244,0.59,5.6940846,102371.0,2.6432583,0.6,-0.69897,0.38,2022-12-24 23:15:00
701.46436,0.62,5.568716,169790.0,1.5380081,0.61,-0.56863624,0.41,2022-12-24 23:20:00
725.839,0.59,5.9949145,7691.0,37.76315,0.62,-1.0457575,0.04,2022-12-24 23:25:00
726.44446,0.58,5.9820566,7917.0,36.780502,0.61,-1.0457575,0.03,2022-12-24 23:30:00
724.94745,0.56,6.0060887,8693.0,33.28279,0.59,-1.0457575,0.02,2022-12-24 23:35:00
731.2284,0.41,6.091543,12669.0,23.459024,0.44,-1.2218488,0.19,2022-12-24 23:45:00
727.5318,0.47,6.1686463,13789.0,21.216202,0.5,-1.154902,0.1,2022-12-24 23:50:00
729.09467,0.4,6.3149505,18553.0,15.874035,0.43,-1.2218488,0.07,2022-12-24 23:55:00
729.8253,0.36,6.3343983,20807.0,14.198626,0.38,-1.2218488,0.07,2022-12-25 00:00:00
722.1812,0.39,6.3944974,19729.0,14.491578,0.4,-1.2218488,0.12,2022-12-25 00:05:00
722.0447,0.42,5.569506,335080.0,0.8527401,0.44,-0.60206,0.1,2022-12-25 00:35:00
681.37823,0.61,5.5325766,269966.0,0.88365716,0.57,-0.48148608,0.05,2022-12-25 00:40:00
676.3923,1.33,4.205116,252510.0,0.92338955,1.22,-0.022276402,0.15,2022-12-25 00:50:00
680.6128,1.23,4.209264,305046.0,0.77930576,1.14,0.02118928,0.08,2022-12-25 00:55:00
682.70245,1.31,4.2861753,277515.0,0.8648309,1.22,0.025305841,0.04,2022-12-25 01:00:00
711.8819,0.89,4.701553,209832.0,1.3029548,0.9,-0.29242983,0.15,2022-12-25 01:05:00
706.07495,0.94,4.4052925,212353.0,1.255074,0.94,-0.22914802,0.13,2022-12-25 01:10:00
688.0205,0.92,4.1813874,253813.0,0.9687115,0.87,-0.15490197,0.04,2022-12-25 01:15:00
671.12256,1.03,4.3903303,366020.0,0.6217051,0.93,0.0,0.02,2022-12-25 01:20:00
672.071,1.09,4.5348873,325060.0,0.70312905,0.98,-0.008773916,0.03,2022-12-25 01:25:00
669.5114,1.19,4.500467,305982.0,0.73814887,1.07,0.012837212,0.02,2022-12-25 01:30:00
664.4972,1.42,4.545976,258986.0,0.8519225,1.25,0.037426513,0.01,2022-12-25 01:35:00
665.4792,1.3,4.448618,201024.0,1.1026176,1.16,-0.06550154,0.06,2022-12-25 02:55:00
673.51654,1.16,4.54823,234427.0,0.9815121,1.05,-0.09151498,0.09,2022-12-25 03:00:00
675.0852,1.09,4.516204,235205.0,0.9853759,0.99,-0.10237289,0.07,2022-12-25 03:05:00
675.79663,1.07,4.7024355,223647.0,1.0397032,0.98,-0.15490197,0.03,2022-12-25 03:10:00
662.7311,0.78,4.924937,189728.0,1.1533123,0.69,-0.38721615,0.14,2022-12-25 03:20:00
693.2663,0.43,4.9544625,76328.0,3.298324,0.41,-0.79588,0.21,2022-12-25 03:25:00
692.0639,0.48,5.012564,84248.0,2.9721503,0.45,-0.79588,0.18,2022-12-25 03:30:00
684.6511,0.81,4.5129704,164222.0,1.4744834,0.76,-0.35654733,0.02,2022-12-25 03:35:00
697.6397,0.61,4.7486944,150042.0,1.7110639,0.59,-0.52287877,0.05,2022-12-25 03:40:00
697.6397,0.61,4.8531327,150042.0,1.7110639,0.59,-0.52287877,0.02,2022-12-25 03:45:00
671.2573,0.65,4.825909,220714.0,1.0316464,0.59,-0.39794,0.02,2022-12-25 03:50:00
696.1541,0.56,4.9902506,116436.0,2.1903312,0.54,-0.6197888,0.16,2022-12-25 03:55:00
708.0665,0.5,5.2194347,52650.0,5.106665,0.5,-0.853872,0.01,2022-12-25 04:00:00
708.0958,0.54,5.2338223,25674.0,10.473652,0.54,-0.88605666,0.01,2022-12-25 04:05:00
695.9017,0.48,5.089548,61910.0,4.1147738,0.47,-0.853872,0.14,2022-12-25 04:15:00
680.39764,0.31,5.395832,154770.0,1.5344721,0.29,-0.9208188,0.11,2022-12-25 04:25:00
683.2974,0.32,5.4508443,138812.0,1.733678,0.3,-0.9208188,0.01,2022-12-25 04:30:00
701.0359,0.35,5.308013,16671.0,15.634462,0.34,-1.154902,0.07,2022-12-25 04:40:00
679.0135,0.33,5.4527607,80160.0,2.9439805,0.3,-1.0457575,0.1,2022-12-25 04:45:00
688.1355,0.45,5.5993395,64655.0,3.8048022,0.43,-0.9208188,0.06,2022-12-25 04:55:00
699.91736,0.44,5.4639635,59800.0,4.336952,0.43,-1.0,0.08,2022-12-25 05:00:00
725.44324,0.45,5.965543,34848.0,8.320239,0.47,-1.0457575,0.06,2022-12-25 05:05:00
706.05066,0.32,6.0709558,70350.0,3.7880623,0.32,-1.154902,0.01,2022-12-25 05:10:00
697.05164,0.12,6.0671988,57393.0,4.461491,0.12,-1.69897,0.06,2022-12-25 05:15:00
697.05164,0.12,6.240937,57393.0,4.461491,0.12,-1.69897,0.01,2022-12-25 05:20:00
661.7751,0.14,6.1593995,49141.0,4.432846,0.12,-1.5228789,0.01,2022-12-25 06:00:00
656.79803,0.13,6.1679416,39202.0,5.4276567,0.11,-1.5228789,0.01,2022-12-25 06:10:00
665.6608,0.15,6.117687,44404.0,4.995969,0.13,-1.5228789,0.04,2022-12-25 06:15:00
673.4642,0.17,6.078602,43778.0,5.254632,0.15,-1.5228789,0.01,2022-12-25 06:20:00
673.4642,0.17,6.0796466,43778.0,5.254632,0.15,-1.5228789,0.02,2022-12-25 06:25:00
667.7232,0.18,6.042342,53008.0,4.2255435,0.16,-1.3979402,0.02,2022-12-25 06:35:00
674.7767,0.17,5.9298224,133644.0,1.7317332,0.15,-1.30103,0.03,2022-12-25 06:55:00
674.7767,0.17,5.8469906,133644.0,1.7317332,0.15,-1.30103,0.01,2022-12-25 07:00:00
667.073,0.16,5.9302025,40898.0,5.4601536,0.14,-1.5228789,0.07,2022-12-25 07:15:00
666.3906,0.16,5.8898726,93240.0,2.3873763,0.14,-1.3979402,0.04,2022-12-25 07:20:00
670.4342,0.18,5.807108,99726.0,2.27454,0.16,-1.30103,0.01,2022-12-25 07:40:00
664.9828,0.18,5.848299,84370.0,2.6210537,0.15,-1.3979402,0.04,2022-12-25 07:45:00
656.9296,0.14,5.949967,32020.0,6.64921,0.12,-1.5228789,0.01,2022-12-25 07:50:00
646.92596,0.12,5.9466376,27148.0,7.47666,0.11,-1.69897,0.01,2022-12-25 08:00:00
646.31494,0.12,5.9361353,21611.0,9.364684,0.1,-1.69897,0.01,2022-12-25 08:05:00
657.7396,0.14,5.9000845,33426.0,6.3940034,0.11,-1.5228789,0.01,2022-12-25 08:10:00
645.6017,0.16,5.8918586,78408.0,2.57226,0.13,-1.3979402,0.02,2022-12-25 08:20:00
622.29095,0.14,5.880986,82824.0,2.1717045,0.11,-1.5228789,0.03,2022-12-25 08:30:00
640.8473,0.11,6.0216274,54450.0,3.619797,0.09,-1.69897,0.01,2022-12-25 08:45:00
640.8473,0.11,6.0126038,54450.0,3.619797,0.09,-1.69897,0.01,2022-12-25 08:50:00
640.0007,0.08,6.071186,48112.0,4.079824,0.07,-1.69897,0.01,2022-12-25 09:20:00
642.0698,0.1,6.083494,32845.0,6.036559,0.08,-1.69897,0.01,2022-12-25 09:35:00
632.9827,0.11,6.1071844,122512.0,1.548137,0.09,-1.5228789,0.01,2022-12-25 10:00:00
496.9937,0.19,5.9266686,72010.0,1.240517,0.09,-1.30103,0.11,2022-12-25 10:15:00
567.50134,0.15,5.6342964,64875.0,2.0810225,0.1,-1.3979402,0.03,2022-12-25 10:20:00
495.18817,0.2,5.8692164,112003.0,0.7885794,0.09,-1.2218488,0.06,2022-12-25 10:25:00
467.02765,0.19,5.662129,105810.0,0.695652,0.08,-1.2218488,0.04,2022-12-25 10:30:00
509.86105,0.23,5.570691,110309.0,0.87688327,0.12,-1.154902,0.02,2022-12-25 10:35:00
509.86105,0.23,5.625842,110309.0,0.87688327,0.12,-1.154902,0.01,2022-12-25 10:40:00
493.3044,0.21,5.58609,53946.0,1.6179421,0.1,-1.30103,0.02,2022-12-25 10:50:00
477.5769,0.21,5.533624,64214.0,1.2288173,0.1,-1.30103,0.01,2022-12-25 10:55:00
472.77255,0.21,5.616734,53560.0,1.4276018,0.1,-1.30103,0.03,2022-12-25 11:00:00
512.45703,0.21,5.6655183,58950.0,1.666998,0.11,-1.30103,0.01,2022-12-25 11:05:00
484.67618,0.21,5.5377254,66468.0,1.2429501,0.1,-1.30103,0.04,2022-12-25 11:20:00
470.98157,0.22,5.652132,65825.0,1.1479566,0.1,-1.30103,0.01,2022-12-25 11:25:00
462.68423,0.21,5.711909,98133.0,0.7285703,0.09,-1.2218488,0.01,2022-12-25 11:30:00
453.00256,0.25,5.4690766,64692.0,1.0347751,0.1,-1.2218488,0.02,2022-12-25 12:05:00
473.9288,0.18,5.5985174,90610.0,0.8503036,0.08,-1.30103,0.02,2022-12-25 12:10:00
514.51984,0.19,5.8927155,278930.0,0.35674244,0.1,-1.0457575,0.04,2022-12-25 13:45:00
465.1851,0.2,5.956551,477069.0,0.15240285,0.09,-0.853872,0.03,2022-12-25 14:15:00
467.34897,0.16,5.9757676,278109.0,0.26523662,0.07,-1.0969101,0.01,2022-12-25 14:20:00
467.34897,0.16,5.941961,278109.0,0.26523662,0.07,-1.0969101,0.01,2022-12-25 14:25:00
457.28082,0.21,5.999117,88284.0,0.7807696,0.09,-1.30103,0.06,2022-12-25 14:30:00
443.98917,0.23,6.0704527,96800.0,0.64960605,0.09,-1.2218488,0.02,2022-12-25 15:55:00
471.99026,0.24,6.117467,79720.0,0.9542045,0.11,-1.2218488,0.01,2022-12-25 16:00:00
461.77298,0.21,6.1463323,134205.0,0.5294836,0.09,-1.2218488,0.02,2022-12-25 16:15:00
462.4404,0.19,6.1868324,106722.0,0.6688364,0.08,-1.30103,0.01,2022-12-25 16:20:00
461.88315,0.17,6.3174753,149440.0,0.47585747,0.07,-1.30103,0.01,2022-12-25 16:35:00
446.7347,0.18,6.3414664,155515.0,0.41218066,0.07,-1.30103,0.01,2022-12-25 16:40:00
451.2054,0.2,6.4025855,156744.0,0.42182422,0.08,-1.2218488,0.01,2022-12-25 16:50:00
466.47238,0.22,6.388067,196118.0,0.37393224,0.1,-1.154902,0.01,2022-12-25 16:55:00
461.383,0.2,6.412028,174776.0,0.40550593,0.09,-1.2218488,0.01,2022-12-25 17:00:00
504.0799,0.2,6.0805097,177926.0,0.5246822,0.11,-1.154902,0.06,2022-12-25 18:50:00
493.39673,0.29,5.9846973,326836.0,0.26720548,0.14,-0.82390875,0.03,2022-12-25 18:55:00
515.155,0.26,5.977516,273208.0,0.36561552,0.14,-0.9208188,0.02,2022-12-25 19:00:00
482.57034,0.21,6.024799,200471.0,0.40656307,0.1,-1.0969101,0.02,2022-12-25 19:05:00
450.25198,0.2,5.928322,195875.0,0.33533865,0.08,-1.154902,0.03,2022-12-25 19:10:00
427.5542,0.24,5.952151,231290.0,0.24175416,0.09,-1.0,0.01,2022-12-25 19:15:00
437.0004,0.22,5.9448547,180360.0,0.33184472,0.08,-1.0969101,0.02,2022-12-25 19:45:00
515.1441,0.27,5.7944975,285541.0,0.34980083,0.14,-0.88605666,0.01,2022-12-25 19:50:00
515.1441,0.27,6.0318236,285541.0,0.34980083,0.14,-0.88605666,0.01,2022-12-25 19:55:00
433.25366,0.22,5.976169,200028.0,0.2913017,0.08,-1.0969101,0.01,2022-12-25 20:10:00
433.25366,0.22,5.940421,200028.0,0.2913017,0.08,-1.0969101,0.02,2022-12-25 20:15:00
429.01038,0.32,5.7175694,428923.0,0.13174926,0.12,-0.69897,0.01,2022-12-25 20:50:00
473.4663,0.36,6.7832956,460547.0,0.16678469,0.16,-0.7212464,0.22,2022-12-25 21:50:00
495.8886,0.33,7.4534154,423844.0,0.2093052,0.16,-0.88605666,0.1,2022-12-25 21:55:00
502.377,0.47,7.099754,832437.0,0.11097099,0.24,-0.4436975,0.01,2022-12-25 22:00:00
502.377,0.47,6.958879,832437.0,0.11097099,0.24,-0.4436975,0.06,2022-12-25 22:05:00
447.53876,0.41,6.7760315,756204.0,0.08524168,0.16,-0.552842,0.05,2022-12-25 22:10:00
448.25876,0.4,6.868748,637588.0,0.10160713,0.17,-0.6197888,0.03,2022-12-25 22:15:00
476.01477,0.42,6.9254746,649472.0,0.120261654,0.2,-0.60206,0.03,2022-12-25 22:20:00
482.74756,0.44,6.967625,730436.0,0.11171043,0.2,-0.52287877,0.04,2022-12-25 22:25:00
509.97058,0.4,6.885753,666807.0,0.1451587,0.21,-0.5850267,0.1,2022-12-25 22:30:00
387.75403,0.28,7.307551,540280.0,0.07635054,0.08,-0.82390875,0.08,2022-12-25 22:55:00
394.83517,0.32,7.3733916,483538.0,0.090254135,0.1,-0.82390875,0.05,2022-12-25 23:20:00
394.83517,0.32,6.9497056,483538.0,0.090254135,0.1,-0.82390875,0.05,2022-12-25 23:25:00
425.79358,0.37,7.106089,730851.0,0.07553064,0.15,-0.6197888,0.27,2022-12-26 00:05:00
478.22073,0.51,8.154643,850991.0,0.09311368,0.23,-0.52287877,0.16,2022-12-26 01:15:00
461.66327,0.53,8.305643,881394.0,0.08056192,0.23,-0.5086383,0.01,2022-12-26 01:20:00
526.47565,0.46,7.876865,819125.0,0.13048352,0.26,-0.5850267,0.3,2022-12-26 01:30:00
407.30966,0.23,7.160482,428665.0,0.112158656,0.08,-1.0,0.05,2022-12-26 01:55:00
402.35892,0.31,7.077874,570419.0,0.08113785,0.1,-0.7695511,0.04,2022-12-26 02:00:00
409.00516,0.32,7.073337,605000.0,0.08050289,0.11,-0.7212464,0.03,2022-12-26 02:05:00
404.75815,0.4,7.925238,852703.0,0.055291362,0.14,-0.56863624,0.28,2022-12-26 02:15:00
406.5504,0.27,8.005685,541424.0,0.088285804,0.09,-0.9586073,0.22,2022-12-26 02:20:00
394.8405,0.22,8.489341,383338.0,0.11385028,0.07,-1.2218488,0.01,2022-12-26 03:20:00
383.89264,0.3,8.400863,450585.0,0.08874084,0.09,-1.0,0.05,2022-12-26 03:25:00
393.76132,0.33,8.259377,524390.0,0.08252041,0.1,-0.88605666,0.04,2022-12-26 03:50:00
393.43753,0.33,8.26259,719024.0,0.060028873,0.1,-0.7695511,0.02,2022-12-26 03:55:00
431.82336,0.41,8.309037,891833.0,0.06466655,0.15,-0.60206,0.02,2022-12-26 04:10:00
458.04645,0.41,8.293425,736818.0,0.09403864,0.18,-0.65757734,0.03,2022-12-26 04:15:00
465.90063,0.47,8.325407,888711.0,0.08220377,0.2,-0.53760207,0.05,2022-12-26 04:20:00
458.21414,0.4,8.407015,736387.0,0.09420097,0.17,-0.67778075,0.05,2022-12-26 04:25:00
464.05756,0.42,8.334488,829007.0,0.08704326,0.18,-0.6197888,0.04,2022-12-26 04:30:00
460.31113,0.42,8.210153,807085.0,0.08717966,0.18,-0.6197888,0.02,2022-12-26 04:35:00
449.95615,0.42,8.303644,755704.0,0.086740576,0.17,-0.65757734,0.02,2022-12-26 04:45:00
462.39682,0.44,8.27762,756204.0,0.09436423,0.19,-0.63827217,0.02,2022-12-26 04:50:00
450.4761,0.45,8.192216,838124.0,0.07849231,0.18,-0.5850267,0.03,2022-12-26 05:05:00
453.4724,0.43,8.243355,771253.0,0.08707654,0.18,-0.63827217,0.02,2022-12-26 05:10:00
472.88437,0.45,8.292195,706979.0,0.108233295,0.2,-0.63827217,0.02,2022-12-26 05:25:00
479.11615,0.45,8.2741585,728242.0,0.10944395,0.21,-0.63827217,0.02,2022-12-26 05:30:00
480.4878,0.43,8.285554,695487.0,0.11562278,0.2,-0.67778075,0.02,2022-12-26 05:35:00
503.139,0.44,8.358308,709598.0,0.13079692,0.22,-0.65757734,0.02,2022-12-26 05:40:00
501.929,0.5,8.354053,814430.0,0.11310995,0.25,-0.552842,0.02,2022-12-26 05:45:00
525.67065,0.5,8.41915,761625.0,0.13966767,0.28,-0.5850267,0.01,2022-12-26 05:50:00
569.47485,0.31,8.471564,382375.0,0.35690936,0.2,-1.0457575,0.07,2022-12-26 06:05:00
569.47485,0.31,8.478054,382375.0,0.35690936,0.2,-1.0457575,0.02,2022-12-26 06:10:00
683.82745,0.67,8.608026,966080.0,0.24970701,0.62,-0.38721615,0.06,2022-12-26 06:40:00
649.195,0.71,8.131248,1352874.0,0.1516777,0.6,-0.21467017,0.11,2022-12-26 06:45:00
546.8578,0.72,4.071474,846691.0,0.14208011,0.43,-0.36653155,0.04,2022-12-26 07:05:00
633.6812,0.62,8.651046,607422.0,0.31332037,0.5,-0.6197888,0.03,2022-12-26 07:45:00
633.6812,0.62,8.703132,607422.0,0.31332037,0.5,-0.6197888,0.12,2022-12-26 07:50:00
610.7477,0.58,8.576456,572771.0,0.2962525,0.43,-0.67778075,0.11,2022-12-26 07:55:00
610.7477,0.58,9.038545,572771.0,0.2962525,0.43,-0.69897,0.05,2022-12-26 08:00:00
654.5109,0.6,8.931568,686206.0,0.30672556,0.51,-0.63827217,0.07,2022-12-26 08:10:00
642.7928,0.63,8.7822895,798722.0,0.24910618,0.52,-0.56863624,0.15,2022-12-26 08:15:00
636.47577,0.59,9.277887,693960.0,0.27803138,0.48,-0.65757734,0.08,2022-12-26 08:20:00
622.96155,0.54,9.765905,701260.0,0.2573558,0.42,-0.69897,0.05,2022-12-26 08:40:00
617.5837,0.53,9.719229,758164.0,0.23170109,0.41,-0.67778075,0.04,2022-12-26 08:45:00
607.04486,0.49,9.727415,581042.0,0.286559,0.36,-0.82390875,0.03,2022-12-26 08:55:00
610.8846,0.54,9.6974535,586986.0,0.28927997,0.4,-0.7695511,0.02,2022-12-26 09:00:00
600.88666,0.55,9.756167,626888.0,0.25730398,0.39,-0.7447275,0.04,2022-12-26 09:05:00
595.9437,0.55,9.813526,646839.0,0.24303736,0.39,-0.7447275,0.02,2022-12-26 09:10:00
594.9032,0.96,9.376705,194762.0,0.80279076,0.69,-0.853872,0.06,2022-12-26 09:15:00
587.6948,1.18,9.476818,96258.0,1.5638248,0.81,-0.9208188,0.04,2022-12-26 09:20:00
581.157,1.22,9.320714,75388.0,1.9284065,0.82,-0.9208188,0.08,2022-12-26 09:25:00
588.7403,0.95,9.005676,100218.0,1.5103656,0.66,-0.9586073,0.07,2022-12-26 09:30:00
561.01215,0.86,9.48125,227340.0,0.5729675,0.54,-0.853872,0.02,2022-12-26 09:40:00
559.19385,0.86,9.488777,219167.0,0.5883581,0.54,-0.853872,0.02,2022-12-26 09:45:00
559.1534,0.9,9.32126,189955.0,0.6786851,0.56,-0.853872,0.07,2022-12-26 09:50:00
562.1732,0.94,9.255993,178309.0,0.7352378,0.6,-0.853872,0.03,2022-12-26 09:55:00
562.85077,2.16,7.8900757,64982.0,2.025053,1.37,-0.65757734,0.22,2022-12-26 10:00:00
563.60126,2.2,7.552099,82821.0,1.5954764,1.41,-0.6197888,0.09,2022-12-26 10:05:00
565.9179,1.3,9.671721,108499.0,1.2335334,0.83,-0.88605666,0.12,2022-12-26 10:10:00
562.6276,1.13,9.885571,107589.0,1.22159,0.72,-0.9586073,0.04,2022-12-26 10:15:00
566.007,1.41,9.6320505,88883.0,1.506506,0.91,-0.88605666,0.14,2022-12-26 10:20:00
577.5799,2.14,8.478997,38746.0,3.6806688,1.43,-0.7695511,0.23,2022-12-26 10:25:00
561.56354,3.04,7.5374064,85460.0,1.5288718,1.92,-0.4685211,0.08,2022-12-26 10:30:00
580.9387,3.23,9.162347,59089.0,2.4574587,2.18,-0.53760207,0.09,2022-12-26 10:35:00
574.8814,3.29,9.136788,58140.0,2.4173937,2.17,-0.52287877,0.17,2022-12-26 10:40:00
607.7662,2.65,9.152732,96317.0,1.7350982,1.96,-0.56863624,0.08,2022-12-26 10:45:00
591.1009,3.0,9.7540045,105755.0,1.4492288,2.1,-0.52287877,0.08,2022-12-26 10:50:00
613.5845,3.06,9.721965,84625.0,2.0342739,2.3,-0.53760207,0.18,2022-12-26 10:55:00
591.0156,3.05,9.698644,67491.0,2.2698483,2.13,-0.60206,0.06,2022-12-26 11:00:00
588.37775,3.06,9.814357,108252.0,1.3955939,2.12,-0.5086383,0.03,2022-12-26 11:05:00
581.779,2.52,10.156637,77107.0,1.8917041,1.71,-0.67778075,0.07,2022-12-26 11:10:00
591.8078,2.75,10.167448,54814.0,2.8064816,1.93,-0.69897,0.01,2022-12-26 11:25:00
576.15784,2.41,10.098124,61648.0,2.2956293,1.6,-0.7447275,0.03,2022-12-26 11:30:00
569.29913,2.59,9.711478,88336.0,1.5434501,1.68,-0.63827217,0.08,2022-12-26 11:35:00
559.0939,2.97,9.119435,113457.0,1.13591,1.86,-0.52287877,0.08,2022-12-26 11:40:00
600.72186,3.14,9.832721,96254.0,1.6743524,2.27,-0.53760207,0.1,2022-12-26 11:55:00
602.49414,2.3,10.237837,48142.0,3.378503,1.67,-0.79588,0.05,2022-12-26 12:00:00
610.6613,2.2,10.354487,46757.0,3.6274815,1.64,-0.82390875,0.03,2022-12-26 12:05:00
592.9561,1.9,10.3581085,67944.0,2.2778406,1.34,-0.853872,0.02,2022-12-26 12:20:00
597.4596,2.07,10.374421,64576.0,2.4537625,1.48,-0.82390875,0.03,2022-12-26 12:25:00
603.64484,2.13,10.315566,89676.0,1.824533,1.55,-0.7447275,0.01,2022-12-26 12:30:00
595.9972,1.96,10.304736,78771.0,1.9962924,1.39,-0.79588,0.02,2022-12-26 12:35:00
584.218,2.17,10.340629,79341.0,1.8625389,1.48,-0.7695511,0.01,2022-12-26 12:40:00
584.85474,2.31,10.214881,80160.0,1.849771,1.58,-0.7212464,0.01,2022-12-26 12:50:00
584.85474,2.31,9.953828,80160.0,1.849771,1.58,-0.7212464,0.08,2022-12-26 12:55:00
592.7476,2.81,9.952492,106722.0,1.4485881,1.97,-0.56863624,0.07,2022-12-26 13:00:00
575.7331,3.03,9.61012,112385.0,1.2563637,2.01,-0.52287877,0.05,2022-12-26 13:10:00
575.7331,3.03,9.946703,112385.0,1.2563637,2.01,-0.5086383,0.01,2022-12-26 13:15:00
565.7282,2.9,9.641773,136151.0,0.9819798,1.86,-0.49485007,0.06,2022-12-26 13:30:00
558.0117,2.98,9.729532,107968.0,1.1864809,1.86,-0.53760207,0.03,2022-12-26 13:35:00
583.5684,3.01,10.150833,85078.0,1.7309384,2.05,-0.60206,0.02,2022-12-26 13:50:00
583.5684,3.01,10.172595,85078.0,1.7309384,2.05,-0.60206,0.03,2022-12-26 13:55:00
562.8546,2.8,10.123231,131379.0,1.0016423,1.77,-0.53760207,0.01,2022-12-26 14:10:00
562.2325,2.57,9.955748,131054.0,1.0006754,1.62,-0.56863624,0.02,2022-12-26 14:15:00
558.04395,2.76,9.877215,122606.0,1.0450143,1.72,-0.52287877,0.05,2022-12-26 14:20:00
559.90845,2.82,9.7577715,135175.0,0.9577388,1.77,-0.49485007,0.02,2022-12-26 14:25:00
564.3618,2.48,9.6551075,90520.0,1.4659177,1.58,-0.63827217,0.03,2022-12-26 14:35:00
555.9739,2.65,9.796014,111090.0,1.140078,1.64,-0.53760207,0.01,2022-12-26 14:40:00
549.02344,2.69,9.81531,112782.0,1.0798461,1.63,-0.552842,0.02,2022-12-26 14:45:00
545.09766,2.64,9.169537,114053.0,1.0442224,1.57,-0.5086383,0.28,2022-12-26 14:50:00
560.7984,3.68,7.8950424,195267.0,0.66628766,2.34,-0.16115092,0.17,2022-12-26 14:55:00
549.5115,3.58,7.5020266,206404.0,0.5916772,2.17,-0.1426675,0.24,2022-12-26 15:00:00
569.1866,4.69,8.432846,261943.0,0.520183,3.04,0.008600163,0.37,2022-12-26 15:05:00
556.5935,4.14,8.191514,258832.0,0.49101803,2.58,-0.045757502,0.27,2022-12-26 15:10:00
555.1907,4.23,8.41678,249304.0,0.5057948,2.62,-0.07058106,0.23,2022-12-26 15:15:00
560.0658,4.35,8.060286,228474.0,0.5671351,2.73,-0.06550154,0.2,2022-12-26 15:20:00
543.7079,3.37,9.04647,250767.0,0.47117046,1.99,-0.20760833,0.29,2022-12-26 15:25:00
540.0039,4.19,8.456128,250137.0,0.46241164,2.44,-0.022276402,0.12,2022-12-26 15:30:00
541.79706,4.0,8.617064,243183.0,0.4805687,2.35,-0.08092192,0.07,2022-12-26 15:35:00
543.8654,4.23,8.596667,220534.0,0.5362466,2.5,-0.08618615,0.09,2022-12-26 15:40:00
541.48315,4.23,8.460035,217339.0,0.53674424,2.48,-0.09151498,0.15,2022-12-26 15:45:00
539.4336,5.38,8.299813,189728.0,0.60764056,3.13,0.008600163,0.11,2022-12-26 15:50:00
540.21796,5.19,8.168898,200549.0,0.5774601,3.03,0.012837212,0.05,2022-12-26 15:55:00
541.2846,4.82,7.3722043,268351.0,0.43421635,2.82,0.19312459,0.51,2022-12-26 16:00:00
541.53357,5.23,6.334872,266742.0,0.4374613,3.07,0.30749604,0.14,2022-12-26 16:05:00
537.83527,5.18,6.5543876,226599.0,0.50409037,3.0,0.22271647,0.13,2022-12-26 16:20:00
538.39545,5.61,6.1819577,232888.0,0.49206984,3.25,0.34044415,0.43,2022-12-26 16:25:00
540.6593,5.69,6.3535347,249359.0,0.4656092,3.33,0.34044415,0.19,2022-12-26 16:30:00
537.13776,5.85,6.201322,231656.0,0.4910982,3.38,0.35793486,0.27,2022-12-26 16:35:00
534.574,5.66,6.037798,256766.0,0.4365219,3.24,0.36921585,0.15,2022-12-26 16:40:00
530.93207,5.49,6.6094103,245452.0,0.44702825,3.09,0.26007143,0.17,2022-12-26 16:45:00
522.95245,5.21,6.7742896,260454.0,0.4018806,2.85,0.23552847,0.21,2022-12-26 16:50:00
520.25146,5.07,6.9292784,269847.0,0.381689,2.74,0.20951504,0.09,2022-12-26 16:55:00
531.21704,5.1,6.773197,264503.0,0.41552415,2.88,0.2552725,0.16,2022-12-26 17:00:00
534.64264,5.42,4.938097,238006.0,0.47111747,3.1,0.30535138,0.35,2022-12-26 17:05:00
528.8338,5.52,5.7000527,194526.0,0.55714756,3.08,0.28330123,0.21,2022-12-26 17:10:00
519.2721,6.46,5.771967,236328.0,0.43327597,3.48,0.41664052,0.06,2022-12-26 17:15:00
505.6938,5.44,5.602089,189728.0,0.49696517,2.78,0.23552847,0.32,2022-12-26 17:20:00
549.5616,5.74,5.480082,204298.0,0.59794605,3.47,0.27184162,0.02,2022-12-26 17:25:00
525.30865,5.7,6.003474,199650.0,0.531663,3.17,0.26951295,0.12,2022-12-26 17:30:00
500.0681,5.28,6.399375,210973.0,0.43162453,2.64,0.25285304,0.13,2022-12-26 17:35:00
504.84155,5.36,6.4914174,205391.0,0.45666274,2.73,0.23552847,0.12,2022-12-26 17:40:00
504.5739,5.21,5.6802993,194267.0,0.48201552,2.66,0.28103337,0.35,2022-12-26 17:45:00
516.27344,5.16,3.432346,229639.0,0.43792954,2.75,0.365488,0.21,2022-12-26 17:50:00
518.82184,5.37,3.6222923,219266.0,0.46573168,2.9,0.4771213,0.67,2022-12-26 17:55:00
520.5483,5.32,6.2089853,187701.0,0.5497076,2.88,0.19865711,0.18,2022-12-26 18:00:00
527.4756,5.2,6.6568613,199643.0,0.53853893,2.9,0.16136801,0.07,2022-12-26 18:05:00
516.5646,5.54,5.9146852,206368.0,0.4881685,2.96,0.26481783,0.27,2022-12-26 18:10:00
541.4506,5.33,6.412519,244720.0,0.47660053,3.12,0.24054927,0.2,2022-12-26 18:15:00
541.1377,5.24,6.6921897,199608.0,0.5832629,3.07,0.17026173,0.08,2022-12-26 18:20:00
523.0059,4.88,6.854845,203313.0,0.5149928,2.66,0.07554698,0.26,2022-12-26 18:25:00
525.32294,4.35,7.1719594,151372.0,0.7012888,2.4,-0.06550154,0.21,2022-12-26 18:30:00
514.94684,4.98,5.9407825,194006.0,0.51422876,2.65,0.07188199,0.11,2022-12-26 18:35:00
530.0585,4.94,7.4390187,190731.0,0.57233953,2.77,0.037426513,0.09,2022-12-26 18:40:00
522.8449,4.63,7.8950996,153103.0,0.68322915,2.53,-0.060480744,0.07,2022-12-26 18:50:00
531.71027,4.57,7.802807,157198.0,0.70118827,2.59,-0.05551733,0.06,2022-12-26 18:55:00
528.1566,4.79,7.3039236,150674.0,0.71643573,2.68,0.0,0.26,2022-12-26 19:00:00
521.688,4.33,7.15072,159308.0,0.65210515,2.36,-0.017728778,0.18,2022-12-26 19:05:00
524.308,4.36,6.4885283,156079.0,0.6760572,2.4,-0.008773916,0.24,2022-12-26 19:10:00
529.9836,3.59,8.212199,122360.0,0.891753,2.02,-0.25963733,0.12,2022-12-26 19:15:00
528.1846,3.47,7.9874525,101198.0,1.0668788,1.93,-0.30980393,0.03,2022-12-26 19:20:00
533.8186,3.4,8.647994,78236.0,1.426347,1.94,-0.40893543,0.07,2022-12-26 19:25:00
533.5635,3.45,8.658851,73840.0,1.5090158,1.97,-0.4202164,0.01,2022-12-26 19:30:00
517.4384,3.3,8.311306,89260.0,1.1345936,1.77,-0.40893543,0.09,2022-12-26 19:35:00
512.9985,2.93,8.632925,87810.0,1.1228002,1.55,-0.455932,0.06,2022-12-26 19:40:00
525.5712,3.25,8.455199,73730.0,1.4419063,1.8,-0.4436975,0.04,2022-12-26 19:45:00
522.87164,2.83,8.468117,79444.0,1.3169158,1.55,-0.48148608,0.01,2022-12-26 19:50:00
524.5535,2.9,8.691663,73445.0,1.4387943,1.6,-0.49485007,0.03,2022-12-26 19:55:00
527.1964,2.7,8.588789,73090.0,1.4685794,1.5,-0.5086383,0.03,2022-12-26 20:00:00
522.88745,2.44,8.665368,77941.0,1.3424373,1.33,-0.56863624,0.1,2022-12-26 20:05:00
517.35175,2.71,8.866302,62893.0,1.6094165,1.45,-0.56863624,0.02,2022-12-26 20:10:00
520.96075,2.67,9.014927,66601.0,1.5530609,1.45,-0.56863624,0.03,2022-12-26 20:15:00
527.1377,2.57,8.978224,64161.0,1.672375,1.43,-0.5850267,0.05,2022-12-26 20:20:00
520.09503,2.95,9.039082,60031.0,1.7141354,1.6,-0.552842,0.04,2022-12-26 20:25:00
513.73193,2.83,8.81282,70600.0,1.4027277,1.5,-0.52287877,0.08,2022-12-26 20:30:00
520.448,2.99,8.486212,82632.0,1.2479283,1.62,-0.455932,0.15,2022-12-26 20:35:00
511.28287,3.06,8.541446,90078.0,1.0831757,1.6,-0.4202164,0.04,2022-12-26 20:40:00
521.7376,2.88,8.450148,79653.0,1.3046126,1.57,-0.455932,0.08,2022-12-26 20:45:00
516.58575,3.15,8.422553,82956.0,1.2145624,1.68,-0.40893543,0.02,2022-12-26 20:50:00
515.03326,3.12,8.43709,81308.0,1.2276235,1.66,-0.4202164,0.05,2022-12-26 20:55:00
507.7325,3.1,8.472721,86561.0,1.1029978,1.6,-0.4202164,0.03,2022-12-26 21:00:00
506.69443,3.13,8.581993,85575.0,1.1086208,1.61,-0.43179828,0.08,2022-12-26 21:05:00
503.52032,3.01,8.612671,82285.0,1.1306118,1.53,-0.4685211,0.03,2022-12-26 21:10:00
499.3819,2.82,8.70532,72024.0,1.2589232,1.41,-0.52287877,0.02,2022-12-26 21:15:00
507.6395,3.3,8.532907,74962.0,1.2729403,1.7,-0.40893543,0.1,2022-12-26 21:20:00
505.11972,3.4,8.363271,73070.0,1.2858273,1.73,-0.39794,0.03,2022-12-26 21:25:00
502.7089,3.39,8.258069,71728.0,1.2905207,1.71,-0.38721615,0.05,2022-12-26 21:30:00
507.98688,3.53,8.181491,75308.0,1.2697928,1.82,-0.35654733,0.02,2022-12-26 21:35:00
494.17572,2.84,6.987704,147045.0,0.59683985,1.39,-0.3187588,0.12,2022-12-26 21:40:00
500.16022,2.63,8.186629,137885.0,0.66079235,1.32,-0.40893543,0.14,2022-12-26 21:45:00
500.26447,2.8,8.207216,139570.0,0.6532383,1.4,-0.3467875,0.13,2022-12-26 21:50:00
497.21198,2.83,7.9320364,121112.0,0.7385875,1.4,-0.3372422,0.08,2022-12-26 21:55:00
505.23712,3.06,7.654319,112293.0,0.8373042,1.56,-0.30103,0.02,2022-12-26 22:00:00
506.75504,3.06,7.5696893,138233.0,0.6865621,1.57,-0.23657204,0.09,2022-12-26 22:05:00
505.61862,2.92,7.480869,159973.0,0.5891281,1.5,-0.22184876,0.07,2022-12-26 22:10:00
501.0794,2.94,7.0774217,143247.0,0.6397036,1.48,-0.21467017,0.17,2022-12-26 22:15:00
497.1826,3.11,7.3026915,154421.0,0.57916576,1.54,-0.1674911,0.04,2022-12-26 22:20:00
501.43643,3.3,7.0552893,165376.0,0.5553346,1.66,-0.10790541,0.04,2022-12-26 22:25:00
508.73306,3.11,7.2134457,171122.0,0.5613745,1.61,-0.1426675,0.13,2022-12-26 22:30:00
501.30328,3.26,7.4731054,155515.0,0.59005964,1.64,-0.14874166,0.24,2022-12-26 22:35:00
514.5822,2.21,7.6135273,151736.0,0.6560323,1.17,-0.37675074,0.05,2022-12-26 22:40:00
520.45056,2.26,7.802064,161255.0,0.6394865,1.23,-0.35654733,0.1,2022-12-26 22:45:00
514.01764,2.37,7.775809,163030.0,0.6085023,1.26,-0.32790217,0.02,2022-12-26 22:50:00
516.59924,2.27,7.9560604,145488.0,0.6925892,1.21,-0.38721615,0.03,2022-12-26 22:55:00
520.83765,2.15,7.9012275,130816.0,0.79011244,1.17,-0.43179828,0.01,2022-12-26 23:00:00
513.8478,2.41,7.802724,197946.0,0.5006524,1.27,-0.26760623,0.03,2022-12-26 23:10:00
514.9144,2.37,7.9245315,187701.0,0.531398,1.26,-0.30980393,0.03,2022-12-26 23:15:00
514.9144,2.37,7.847777,187701.0,0.531398,1.26,-0.30980393,0.04,2022-12-26 23:20:00
515.55865,2.38,7.845948,171874.0,0.5825949,1.27,-0.32790217,0.04,2022-12-26 23:25:00
511.54477,1.83,7.8952456,120884.0,0.80842775,0.96,-0.52287877,0.01,2022-12-26 23:35:00
511.54477,1.83,8.014075,120884.0,0.80842775,0.96,-0.53760207,0.06,2022-12-26 23:40:00
516.1886,2.28,8.009981,151250.0,0.6645572,1.22,-0.38721615,0.01,2022-12-26 23:45:00
528.3134,2.36,7.9009748,181684.0,0.594703,1.32,-0.3187588,0.05,2022-12-26 23:55:00
524.9713,2.26,7.8072658,153796.0,0.6887986,1.24,-0.37675074,0.04,2022-12-27 00:00:00
529.6065,2.2,7.966718,147579.0,0.7377298,1.24,-0.40893543,0.07,2022-12-27 00:05:00
527.03394,2.1,7.788665,136151.0,0.7876221,1.17,-0.4436975,0.11,2022-12-27 00:10:00
535.5539,2.12,6.6014924,152838.0,0.73754454,1.22,-0.36653155,0.18,2022-12-27 00:15:00
526.2923,1.99,6.7374473,142589.0,0.7487708,1.11,-0.38721615,0.14,2022-12-27 00:20:00
523.6689,2.09,6.831764,162428.0,0.64716953,1.15,-0.3467875,0.18,2022-12-27 00:25:00
525.3492,2.02,7.4918156,137693.0,0.7710778,1.12,-0.40893543,0.05,2022-12-27 00:30:00
522.77,2.33,5.462655,251886.0,0.41509956,1.28,-0.10790541,0.28,2022-12-27 00:35:00
509.8751,1.96,6.3582864,146096.0,0.6621429,1.03,-0.36653155,0.27,2022-12-27 00:40:00
509.8649,2.0,7.599796,131367.0,0.73633707,1.04,-0.43179828,0.02,2022-12-27 00:45:00
514.6577,2.08,7.8372507,125232.0,0.7952377,1.1,-0.455932,0.07,2022-12-27 00:50:00
515.6302,1.84,7.8690405,105962.0,0.94539714,0.98,-0.53760207,0.01,2022-12-27 00:55:00
511.931,2.15,7.8420787,129034.0,0.75914764,1.12,-0.43179828,0.02,2022-12-27 01:00:00
511.52026,2.14,7.8897276,130716.0,0.7475091,1.12,-0.4436975,0.02,2022-12-27 01:05:00
502.81628,1.97,7.675578,116704.0,0.79370064,1.0,-0.49485007,0.07,2022-12-27 01:10:00
511.20258,2.03,7.818907,113332.0,0.86050385,1.06,-0.49485007,0.01,2022-12-27 01:15:00
509.8073,2.16,7.7635303,126413.0,0.7649244,1.12,-0.4436975,0.03,2022-12-27 01:20:00
514.4574,2.17,7.737629,118677.0,0.8381454,1.15,-0.4685211,0.03,2022-12-27 01:25:00
513.077,2.33,7.7816257,141618.0,0.6965223,1.23,-0.38721615,0.01,2022-12-27 01:30:00
506.5556,1.98,7.7003446,95187.0,0.99582225,1.02,-0.53760207,0.02,2022-12-27 01:35:00
512.8078,2.18,7.903746,154290.0,0.6382725,1.15,-0.39794,0.05,2022-12-27 01:45:00
499.98157,2.14,8.171964,121969.0,0.7461902,1.07,-0.48148608,0.02,2022-12-27 01:50:00
514.3717,2.16,7.1003733,134784.0,0.73760253,1.14,-0.4202164,0.01,2022-12-27 02:00:00
537.7789,2.36,7.8093915,151187.0,0.75528383,1.37,-0.37675074,0.09,2022-12-27 02:05:00
535.523,2.5,7.547165,156208.0,0.7215031,1.43,-0.32790217,0.08,2022-12-27 02:10:00
535.32227,2.55,7.5057645,165485.0,0.68026173,1.46,-0.29242983,0.02,2022-12-27 02:15:00
513.82526,2.52,7.829361,161981.0,0.6117297,1.33,-0.3187588,0.04,2022-12-27 02:20:00
515.9982,2.33,7.6768093,150008.0,0.6692904,1.24,-0.36653155,0.1,2022-12-27 02:25:00
544.25775,2.7,7.8372507,149440.0,0.79313684,1.6,-0.3187588,0.11,2022-12-27 02:30:00
507.65485,1.64,7.86871,64692.0,1.4751613,0.85,-0.67778075,0.07,2022-12-27 02:35:00
512.66205,2.21,7.8512354,127210.0,0.77346087,1.18,-0.38721615,0.12,2022-12-27 02:40:00
516.4605,2.47,6.3065205,155104.0,0.6491078,1.33,-0.30103,0.06,2022-12-27 02:45:00
514.26965,2.35,7.348993,137142.0,0.7244727,1.24,-0.36653155,0.05,2022-12-27 02:50:00
506.1591,1.9,7.838635,120974.0,0.78164357,0.97,-0.49485007,0.12,2022-12-27 02:55:00
512.5989,1.72,8.085326,124700.0,0.78872675,0.9,-0.552842,0.05,2022-12-27 03:00:00
507.28217,1.86,8.090673,106834.0,0.8912257,0.96,-0.56863624,0.03,2022-12-27 03:05:00
500.61212,1.53,8.141627,92020.0,0.9929348,0.77,-0.67778075,0.03,2022-12-27 03:10:00
501.5589,1.66,8.144649,118195.0,0.7776036,0.83,-0.60206,0.05,2022-12-27 03:15:00
501.52866,1.93,8.136915,124151.0,0.7401601,0.97,-0.5086383,0.01,2022-12-27 03:20:00
524.3762,2.05,8.292177,139839.0,0.7548758,1.12,-0.48148608,0.02,2022-12-27 03:50:00
515.0922,1.73,8.096722,120867.0,0.8261244,0.92,-0.5850267,0.07,2022-12-27 03:55:00
534.3918,1.97,8.020661,162346.0,0.68966955,1.12,-0.455932,0.05,2022-12-27 04:00:00
522.48883,1.89,8.201737,124106.0,0.8410778,1.03,-0.552842,0.05,2022-12-27 04:05:00
531.68036,1.96,8.392204,186903.0,0.58964306,1.11,-0.4436975,0.04,2022-12-27 04:10:00
514.9651,2.21,8.528792,134784.0,0.7402546,1.17,-0.48148608,0.01,2022-12-27 04:15:00
514.7021,2.14,8.416086,135166.0,0.7369896,1.13,-0.49485007,0.02,2022-12-27 04:20:00
517.53296,2.02,8.480907,125322.0,0.8085686,1.08,-0.53760207,0.03,2022-12-27 04:25:00
518.61536,2.16,8.048161,137951.0,0.73933977,1.16,-0.48148608,0.04,2022-12-27 04:30:00
514.7402,2.16,8.496323,121535.0,0.819837,1.15,-0.52287877,0.02,2022-12-27 04:35:00
510.60275,2.3,8.647392,133309.0,0.7288842,1.2,-0.48148608,0.03,2022-12-27 04:40:00
512.91455,2.3,8.583549,131208.0,0.7510434,1.21,-0.48148608,0.04,2022-12-27 04:45:00
506.14282,2.08,8.417962,111506.0,0.8479282,1.06,-0.53760207,0.07,2022-12-27 04:55:00
511.78375,2.1,8.328655,127080.0,0.77013034,1.1,-0.5086383,0.07,2022-12-27 05:00:00
502.32944,2.17,7.9258127,115008.0,0.8029801,1.1,-0.5086383,0.05,2022-12-27 05:05:00
496.05463,2.12,8.146889,104196.0,0.8522901,1.04,-0.53760207,0.07,2022-12-27 05:10:00
497.48694,2.24,8.110173,123058.0,0.7281599,1.11,-0.4685211,0.04,2022-12-27 05:15:00
502.99692,2.16,8.10398,123294.0,0.75211823,1.09,-0.49485007,0.06,2022-12-27 05:20:00
517.83514,2.05,8.151731,113442.0,0.89486915,1.1,-0.52287877,0.09,2022-12-27 05:25:00
514.8262,2.2,7.9682183,136086.0,0.7325567,1.17,-0.4436975,0.06,2022-12-27 05:30:00
515.28925,2.1,8.074324,126618.0,0.78954124,1.12,-0.4685211,0.05,2022-12-27 05:35:00
522.7618,2.09,8.270732,126917.0,0.82378745,1.14,-0.49485007,0.12,2022-12-27 05:40:00
516.64966,2.16,8.189994,122235.0,0.824592,1.16,-0.48148608,0.1,2022-12-27 05:45:00
516.7301,2.09,8.119957,112908.0,0.89314204,1.12,-0.49485007,0.03,2022-12-27 05:50:00
506.51126,2.19,7.5370617,131870.0,0.718613,1.13,-0.455932,0.17,2022-12-27 05:55:00
540.62366,2.0,7.67335,124602.0,0.93160653,1.17,-0.4685211,0.07,2022-12-27 06:35:00
526.9104,2.04,7.859243,125608.0,0.85310876,1.14,-0.48148608,0.04,2022-12-27 06:40:00
532.0671,2.07,8.041729,150144.0,0.73566574,1.18,-0.4436975,0.11,2022-12-27 06:45:00
522.335,1.88,8.135558,112608.0,0.926108,1.03,-0.56863624,0.05,2022-12-27 06:50:00
526.4788,2.41,7.608719,189728.0,0.5633555,1.34,-0.30980393,0.16,2022-12-27 06:55:00
522.03235,2.14,7.72749,160072.0,0.6503272,1.17,-0.37675074,0.18,2022-12-27 07:00:00
524.0616,1.75,8.084442,133047.0,0.7919309,0.96,-0.552842,0.02,2022-12-27 07:05:00
520.8654,1.65,8.030959,114818.0,0.9003509,0.9,-0.6197888,0.04,2022-12-27 07:10:00
521.2892,1.92,8.13246,127143.0,0.8151335,1.05,-0.53760207,0.04,2022-12-27 07:15:00
516.82886,1.86,8.286483,134792.0,0.74858224,0.99,-0.53760207,0.09,2022-12-27 07:20:00
523.61786,2.11,8.120055,110826.0,0.9482121,1.16,-0.52287877,0.04,2022-12-27 07:30:00
525.2903,2.03,8.115473,113412.0,0.93583524,1.12,-0.52287877,0.04,2022-12-27 07:35:00
519.12823,2.13,7.8509746,128933.0,0.79348946,1.14,-0.4436975,0.13,2022-12-27 07:40:00
516.21436,2.16,7.810128,134364.0,0.74819076,1.15,-0.4202164,0.12,2022-12-27 07:45:00
523.3968,2.35,7.80282,160461.0,0.65404385,1.29,-0.3372422,0.04,2022-12-27 07:50:00
520.0756,2.18,7.8456993,132872.0,0.7743489,1.18,-0.4202164,0.05,2022-12-27 07:55:00
532.80066,1.85,8.021434,148438.0,0.74731916,1.05,-0.4685211,0.19,2022-12-27 08:00:00
527.2542,1.84,8.227114,146449.0,0.73319125,1.02,-0.5086383,0.03,2022-12-27 08:10:00
520.11725,1.77,8.143009,120013.0,0.85753167,0.96,-0.56863624,0.08,2022-12-27 08:20:00
515.105,1.91,7.77998,163966.0,0.6090217,1.02,-0.43179828,0.16,2022-12-27 08:25:00
527.2028,2.25,7.533983,194691.0,0.55134815,1.25,-0.29242983,0.09,2022-12-27 08:30:00
515.87366,1.88,7.0462117,137768.0,0.72820604,1.0,-0.4436975,0.14,2022-12-27 08:35:00
511.7635,2.27,7.3857565,168703.0,0.5800496,1.19,-0.30103,0.11,2022-12-27 08:40:00
517.34784,1.76,7.672425,129493.0,0.7816535,0.94,-0.52287877,0.08,2022-12-27 08:45:00
530.5427,1.98,7.9069276,170663.0,0.6414611,1.11,-0.4202164,0.03,2022-12-27 08:50:00
510.3278,1.69,6.971413,136260.0,0.71190405,0.89,-0.49485007,0.23,2022-12-27 08:55:00
500.01242,1.71,7.3976955,159443.0,0.57092226,0.85,-0.455932,0.08,2022-12-27 09:00:00
494.24158,1.93,7.785063,176330.0,0.49792278,0.95,-0.4202164,0.09,2022-12-27 09:05:00
508.22925,1.65,8.154073,159609.0,0.6000142,0.85,-0.53760207,0.04,2022-12-27 09:10:00
523.07965,1.73,7.9978623,183102.0,0.57208925,0.95,-0.455932,0.08,2022-12-27 09:35:00
520.59357,1.52,8.078187,170266.0,0.6061612,0.83,-0.53760207,0.1,2022-12-27 09:40:00
523.72595,1.64,8.087905,165485.0,0.63543,0.9,-0.52287877,0.06,2022-12-27 09:50:00
515.4956,1.75,7.718083,164384.0,0.6089084,0.93,-0.455932,0.09,2022-12-27 09:55:00
513.5355,1.82,7.8564243,145749.0,0.6786651,0.96,-0.4685211,0.09,2022-12-27 10:00:00
515.93225,1.74,7.882062,137556.0,0.72958624,0.93,-0.52287877,0.02,2022-12-27 10:05:00
521.9138,1.71,7.931463,138014.0,0.75373226,0.93,-0.53760207,0.01,2022-12-27 10:10:00
516.6868,1.57,7.9123826,130254.0,0.77400017,0.84,-0.56863624,0.02,2022-12-27 10:15:00
514.93146,1.41,7.695336,104196.0,0.95737046,0.75,-0.65757734,0.04,2022-12-27 10:20:00
524.5171,1.44,7.8249984,154928.0,0.6819257,0.79,-0.56863624,0.02,2022-12-27 10:40:00
522.21265,1.33,7.8921227,149726.0,0.6960123,0.72,-0.6197888,0.03,2022-12-27 10:45:00
526.1738,1.31,7.9415174,151856.0,0.7025845,0.73,-0.6197888,0.01,2022-12-27 11:10:00
526.1738,1.31,7.8435707,151856.0,0.7025845,0.73,-0.6197888,0.03,2022-12-27 11:15:00
510.6919,1.4,7.658786,151134.0,0.6432678,0.73,-0.56863624,0.05,2022-12-27 11:25:00
508.94763,1.55,7.4339895,152462.0,0.6309093,0.8,-0.49485007,0.08,2022-12-27 11:30:00
483.57324,1.79,7.258161,225859.0,0.3632025,0.84,-0.32790217,0.02,2022-12-27 11:35:00
500.07162,1.29,7.330955,146449.0,0.6218077,0.65,-0.56863624,0.04,2022-12-27 11:45:00
500.84747,1.46,7.3524284,162988.0,0.5614134,0.73,-0.49485007,0.01,2022-12-27 11:50:00
496.73654,1.46,7.302801,162076.0,0.5502716,0.72,-0.48148608,0.02,2022-12-27 11:55:00
514.5441,1.42,7.3156614,168895.0,0.5892466,0.75,-0.49485007,0.03,2022-12-27 12:00:00
518.40454,1.3,7.2865973,144668.0,0.70412016,0.7,-0.56863624,0.09,2022-12-27 12:05:00
506.4573,1.58,7.2774587,185684.0,0.510179,0.81,-0.4202164,0.02,2022-12-27 12:10:00
507.3457,1.15,7.288189,125250.0,0.7604817,0.59,-0.67778075,0.09,2022-12-27 12:30:00
507.3457,1.15,7.4372106,125250.0,0.7604817,0.59,-0.67778075,0.02,2022-12-27 12:35:00
480.91766,1.4,7.4506974,153680.0,0.52471566,0.65,-0.53760207,0.01,2022-12-27 12:55:00
537.378,1.31,7.3822355,210600.0,0.54095125,0.76,-0.48148608,0.01,2022-12-27 13:20:00
503.67004,1.43,6.8427334,168362.0,0.55308515,0.72,-0.48148608,0.11,2022-12-27 13:30:00
481.1383,1.52,7.0537367,164795.0,0.49002412,0.7,-0.455932,0.03,2022-12-27 13:35:00
481.1205,1.7,7.2507377,185014.0,0.43642232,0.79,-0.37675074,0.02,2022-12-27 13:40:00
476.6644,1.38,7.1022882,123058.0,0.637414,0.63,-0.56863624,0.02,2022-12-27 13:45:00
482.40714,1.43,6.8850126,139330.0,0.584356,0.67,-0.52287877,0.07,2022-12-27 13:50:00
489.15015,1.53,6.992646,173085.0,0.4911671,0.73,-0.43179828,0.06,2022-12-27 13:55:00
484.10007,1.51,6.8468165,168071.0,0.48973995,0.71,-0.4436975,0.01,2022-12-27 14:00:00
482.84412,1.48,6.729175,163973.0,0.49793643,0.7,-0.455932,0.03,2022-12-27 14:05:00
483.9493,1.37,7.0236316,145394.0,0.56557566,0.65,-0.52287877,0.07,2022-12-27 14:10:00
491.8649,1.29,7.0729766,124513.0,0.6946349,0.63,-0.5850267,0.08,2022-12-27 14:15:00
490.08118,1.53,7.1431646,153680.0,0.55647063,0.74,-0.4685211,0.07,2022-12-27 14:20:00
483.53406,1.54,6.8010736,169718.0,0.48322433,0.72,-0.4202164,0.07,2022-12-27 14:25:00
487.45062,1.66,6.8225875,177168.0,0.4746768,0.79,-0.38721615,0.01,2022-12-27 14:30:00
493.9355,1.67,6.6454945,168742.0,0.51931095,0.82,-0.39794,0.04,2022-12-27 14:35:00
496.8576,1.73,6.95323,178611.0,0.4997088,0.85,-0.35654733,0.04,2022-12-27 14:40:00
515.36615,1.7,6.9854774,170186.0,0.58768976,0.9,-0.37675074,0.04,2022-12-27 14:45:00
509.6963,1.98,6.861217,215205.0,0.44901773,1.03,-0.23657204,0.03,2022-12-27 14:50:00
504.60947,1.76,6.6841755,180932.0,0.5176544,0.89,-0.32790217,0.04,2022-12-27 14:55:00
513.0177,1.88,6.7542653,175765.0,0.56100255,0.99,-0.30103,0.06,2022-12-27 15:05:00
510.17236,1.93,7.1423664,174196.0,0.5563394,1.01,-0.32790217,0.04,2022-12-27 15:10:00
512.84753,1.95,7.0472903,178460.0,0.55196023,1.03,-0.3187588,0.08,2022-12-27 15:15:00
506.67264,1.9,7.105751,161056.0,0.5889723,0.97,-0.3467875,0.07,2022-12-27 15:20:00
501.17792,1.79,7.1875863,158770.0,0.5775128,0.9,-0.38721615,0.04,2022-12-27 15:25:00
502.31647,1.95,7.117064,183183.0,0.50409544,0.98,-0.3187588,0.09,2022-12-27 15:30:00
505.67697,2.02,7.022692,183422.0,0.5139975,1.03,-0.2839967,0.03,2022-12-27 15:35:00
506.76004,1.9,6.954236,164034.0,0.5785902,0.98,-0.3372422,0.01,2022-12-27 15:40:00
501.3949,1.88,7.0163093,166002.0,0.55309784,0.94,-0.32790217,0.08,2022-12-27 15:45:00
499.12527,1.89,6.926832,165485.0,0.5470448,0.94,-0.3187588,0.02,2022-12-27 15:50:00
494.9379,1.83,6.8852596,159217.0,0.5538627,0.9,-0.3372422,0.02,2022-12-27 15:55:00
491.39746,1.93,6.6554637,180860.0,0.47680774,0.94,-0.26760623,0.06,2022-12-27 16:00:00
496.1658,1.94,6.086288,182804.0,0.4861338,0.96,-0.25963733,0.02,2022-12-27 16:05:00
495.95493,1.81,6.1626453,184388.0,0.4813203,0.89,-0.27572417,0.03,2022-12-27 16:10:00
482.97562,1.73,5.483101,163083.0,0.5010784,0.82,-0.32790217,0.03,2022-12-27 16:15:00
479.43338,1.78,5.459249,154678.0,0.5163376,0.83,-0.32790217,0.04,2022-12-27 16:20:00
477.7748,1.75,5.2244997,154818.0,0.51033545,0.81,-0.3467875,0.03,2022-12-27 16:25:00
523.81226,2.02,5.0118656,207513.0,0.5069951,1.12,-0.20065947,0.07,2022-12-27 16:30:00
477.467,1.88,5.537852,177458.0,0.4443348,0.88,-0.26760623,0.08,2022-12-27 16:35:00
525.45917,1.91,5.534555,178882.0,0.59391797,1.06,-0.25181198,0.04,2022-12-27 16:40:00
515.10364,2.17,4.85681,229948.0,0.4342637,1.15,-0.13667715,0.11,2022-12-27 16:45:00
468.60202,1.73,5.5514145,163657.0,0.4545001,0.77,-0.3372422,0.05,2022-12-27 16:50:00
490.2876,2.12,6.5915704,156129.0,0.54846036,1.02,-0.26760623,0.02,2022-12-27 17:05:00
501.33026,2.21,6.801301,195188.0,0.47020563,1.11,-0.19382004,0.01,2022-12-27 17:10:00
501.33026,2.21,6.480602,195188.0,0.47020563,1.11,-0.19382004,0.06,2022-12-27 17:15:00
533.388,2.01,6.5667796,160465.0,0.6936822,1.14,-0.26760623,0.03,2022-12-27 17:20:00
531.81396,2.11,6.3574367,204928.0,0.53820044,1.19,-0.20065947,0.03,2022-12-27 17:25:00
537.10706,1.89,6.6399245,171230.0,0.6642855,1.09,-0.27572417,0.03,2022-12-27 17:40:00
522.4142,2.2,6.403085,191554.0,0.5446839,1.2,-0.18708667,0.03,2022-12-27 17:50:00
501.33423,2.14,6.5125723,159464.0,0.5755578,1.07,-0.25181198,0.02,2022-12-27 17:55:00
509.7068,2.12,6.6737394,170989.0,0.56516534,1.1,-0.24412516,0.06,2022-12-27 18:00:00
507.41705,1.97,5.725251,157759.0,0.60403556,1.02,-0.27572417,0.06,2022-12-27 18:05:00
505.40915,2.02,6.1203103,161584.0,0.58250254,1.03,-0.21467017,0.07,2022-12-27 18:10:00
500.15732,2.02,6.1494226,158386.0,0.5752509,1.01,-0.20065947,0.09,2022-12-27 18:15:00
506.01553,2.07,5.957533,177691.0,0.53168184,1.06,-0.14874166,0.02,2022-12-27 18:20:00
514.8235,1.97,5.777447,156762.0,0.6359264,1.04,-0.19382004,0.05,2022-12-27 18:25:00
475.576,1.55,5.626331,87908.0,0.88595647,0.7,-0.43179828,0.04,2022-12-27 18:35:00
496.1825,1.76,5.8328977,123114.0,0.7219042,0.87,-0.30103,0.03,2022-12-27 18:40:00
519.54865,1.99,4.722605,158698.0,0.646291,1.08,-0.17392519,0.05,2022-12-27 18:45:00
512.2583,1.85,4.411644,160099.0,0.613064,0.98,-0.18045606,0.22,2022-12-27 18:50:00
500.65643,1.59,5.451358,150469.0,0.6074012,0.81,-0.23657204,0.06,2022-12-27 18:55:00
505.5623,2.09,5.083827,180513.0,0.5219119,1.08,-0.10790541,0.07,2022-12-27 19:00:00
518.964,1.97,5.1906934,170482.0,0.5995135,1.07,-0.13667715,0.02,2022-12-27 19:05:00
529.353,2.04,5.2727985,204881.0,0.5306069,1.15,-0.07058106,0.03,2022-12-27 19:10:00
531.05054,2.15,5.54553,215925.0,0.50851065,1.21,-0.026872149,0.04,2022-12-27 19:15:00
523.0891,2.15,5.6641145,189048.0,0.5541269,1.18,-0.06550154,0.02,2022-12-27 19:20:00
508.98682,2.36,5.6003036,200218.0,0.48053998,1.22,-0.008773916,0.01,2022-12-27 19:25:00
502.99713,1.32,5.421411,102378.0,0.9057785,0.67,-0.39794,0.02,2022-12-27 19:30:00
505.52496,1.86,5.484988,179199.0,0.5256182,0.95,-0.119186416,0.05,2022-12-27 19:35:00
472.53296,1.41,5.317913,131379.0,0.5810806,0.63,-0.30980393,0.03,2022-12-27 19:40:00
477.3417,1.49,5.1781173,117097.0,0.67283,0.69,-0.29242983,0.02,2022-12-27 19:45:00
517.7063,1.94,5.3844404,178224.0,0.5691553,1.04,-0.10790541,0.05,2022-12-27 19:50:00
517.4572,2.26,5.5290236,206318.0,0.49091834,1.21,-0.0043648016,0.04,2022-12-27 19:55:00
523.1254,2.26,5.1727943,195700.0,0.53540736,1.24,0.0,0.03,2022-12-27 20:00:00
547.4563,2.03,5.2540746,209472.0,0.57625026,1.22,-0.022276402,0.02,2022-12-27 20:05:00
578.92487,2.2,4.150795,237472.0,0.6049029,1.47,0.02118928,0.26,2022-12-27 20:10:00
528.71045,2.34,5.024679,252667.0,0.42863145,1.31,0.117271274,0.12,2022-12-27 20:15:00
538.3421,2.13,4.7824154,242170.0,0.47306347,1.24,0.049218025,0.1,2022-12-27 20:20:00
526.09827,2.33,4.9476156,237152.0,0.44968614,1.29,0.07918126,0.12,2022-12-27 20:25:00
530.77,2.35,5.6376767,236343.0,0.4638163,1.33,0.025305841,0.04,2022-12-27 20:30:00
521.8308,2.39,4.805143,266246.0,0.39051893,1.3,0.16136801,0.09,2022-12-27 20:50:00
519.4614,2.24,4.643124,199011.0,0.51510465,1.21,0.041392695,0.07,2022-12-27 20:55:00
525.7932,2.2,3.5084753,225498.0,0.47207338,1.22,0.049218025,0.06,2022-12-27 21:00:00
481.08163,1.45,4.751642,124151.0,0.65020764,0.67,-0.30103,0.03,2022-12-27 21:05:00
493.39462,1.35,5.0932207,133491.0,0.6542104,0.66,-0.30103,0.11,2022-12-27 21:10:00
505.49954,2.01,5.0611563,184646.0,0.5100327,1.05,-0.045757502,0.09,2022-12-27 21:15:00
500.2384,1.99,4.7549024,188047.0,0.48476017,1.0,-0.0409586,0.07,2022-12-27 21:20:00
510.91837,2.01,5.2452455,200439.0,0.48570353,1.06,0.14612804,0.14,2022-12-27 21:25:00
501.5468,1.48,5.657464,153070.0,0.60039175,0.74,-0.26760623,0.01,2022-12-27 21:30:00
489.62723,1.68,4.166005,152462.0,0.55930036,0.81,-0.22914802,0.31,2022-12-27 21:45:00
514.1799,2.2,3.6733773,213192.0,0.46578497,1.17,0.049218025,0.15,2022-12-27 21:50:00
499.98636,1.85,4.115252,185119.0,0.49165556,0.93,-0.07572073,0.05,2022-12-27 21:55:00
503.85474,1.89,3.2316093,195026.0,0.47801247,0.99,-0.013228253,0.11,2022-12-27 22:00:00
519.16693,2.18,2.8456633,202095.0,0.5063496,1.19,0.07188199,0.08,2022-12-27 22:05:00
506.81244,1.98,3.085466,178013.0,0.5333263,1.03,-0.008773916,0.08,2022-12-27 22:10:00
516.34644,2.48,3.2712386,222583.0,0.4520111,1.33,0.15533602,0.08,2022-12-27 22:15:00
508.29114,1.99,4.310464,179938.0,0.5324277,1.03,0.0293838,0.05,2022-12-27 22:20:00
521.8322,2.42,4.86072,209736.0,0.49574214,1.32,0.12710482,0.08,2022-12-27 22:25:00
512.3738,2.52,4.990651,218527.0,0.44946316,1.32,0.16435286,0.02,2022-12-27 22:40:00
512.3738,2.52,4.983824,218527.0,0.44946316,1.32,0.16435286,0.01,2022-12-27 22:45:00
517.2818,2.54,4.990451,226599.0,0.4465087,1.36,0.17609127,0.01,2022-12-27 22:50:00
520.169,2.41,4.825443,206136.0,0.49941227,1.31,0.13353892,0.02,2022-12-27 23:05:00
515.2572,2.28,4.8283124,195286.0,0.5118174,1.22,0.1105897,0.01,2022-12-27 23:10:00
509.89755,2.52,4.7649765,204070.0,0.47410047,1.31,0.14612804,0.01,2022-12-27 23:15:00
520.75995,2.55,4.765396,226309.0,0.4565056,1.38,0.17897695,0.02,2022-12-27 23:20:00
517.9999,2.47,4.66325,206819.0,0.49132967,1.33,0.1430148,0.03,2022-12-27 23:25:00
520.91125,2.52,4.788706,211985.0,0.48779297,1.37,0.16435286,0.02,2022-12-27 23:30:00
527.9352,2.45,4.7189937,196631.0,0.54827267,1.36,0.1430148,0.04,2022-12-27 23:35:00
527.99585,2.71,4.750421,241652.0,0.4462862,1.51,0.23804612,0.04,2022-12-27 23:40:00
528.3345,2.36,4.0080047,198639.0,0.5440091,1.32,0.14612804,0.05,2022-12-27 23:50:00
539.18884,2.56,3.4345453,288876.0,0.3985228,1.49,0.54282546,0.84,2022-12-27 23:55:00
514.87177,2.26,2.4274473,215194.0,0.46338746,1.21,0.2552725,0.34,2022-12-28 00:00:00
521.49713,2.27,2.4246237,237932.0,0.43612164,1.24,0.30319607,0.39,2022-12-28 00:05:00
521.78864,2.18,2.0195298,199642.0,0.5206718,1.19,0.21218762,0.28,2022-12-28 00:20:00
504.06647,1.99,3.0818663,183710.0,0.5081208,1.04,0.16435286,0.05,2022-12-28 00:25:00
484.73132,1.77,3.8484414,185688.0,0.44507813,0.83,0.09342169,0.13,2022-12-28 00:30:00
516.431,2.37,4.7058473,237843.0,0.42322585,1.26,0.20951504,0.05,2022-12-28 00:40:00
517.1391,2.35,4.2962074,223526.0,0.45225862,1.26,0.18752073,0.04,2022-12-28 00:50:00
515.13324,2.71,4.1893673,269708.0,0.37031132,1.44,0.31597033,0.05,2022-12-28 00:55:00
506.21545,2.38,4.0598645,216216.0,0.43748528,1.23,0.1903317,0.11,2022-12-28 01:00:00
518.3042,2.55,3.473471,221840.0,0.45889947,1.37,0.26717174,0.04,2022-12-28 01:05:00
523.21454,2.47,3.5714145,223712.0,0.46861506,1.35,0.26007143,0.06,2022-12-28 01:10:00
498.2276,2.17,3.737606,184459.0,0.4880317,1.1,0.1398791,0.06,2022-12-28 01:15:00
502.06702,2.26,3.9660938,206444.0,0.4466055,1.15,0.18469143,0.13,2022-12-28 01:20:00
518.6899,2.47,3.8878915,255836.0,0.39884248,1.33,0.2624511,0.05,2022-12-28 01:25:00
497.5166,2.0,3.8117976,178983.0,0.5007321,1.0,0.096910015,0.08,2022-12-28 01:30:00
491.8002,1.92,3.5877988,168965.0,0.5116779,0.95,0.025305841,0.1,2022-12-28 01:35:00
493.22946,2.03,3.7993422,187409.0,0.46550712,1.02,0.049218025,0.06,2022-12-28 01:45:00
459.97202,1.19,3.91225,135929.0,0.51644725,0.5,-0.27572417,0.06,2022-12-28 01:50:00
476.7092,1.29,3.7076948,112185.0,0.6993968,0.59,-0.27572417,0.1,2022-12-28 01:55:00
506.7769,2.41,4.0048594,221836.0,0.42787597,1.25,0.15228835,0.09,2022-12-28 02:00:00
495.97354,2.03,3.8674023,185665.0,0.4780656,1.03,0.041392695,0.1,2022-12-28 02:05:00
504.70682,2.32,4.122645,209466.0,0.44740686,1.19,0.11394334,0.13,2022-12-28 02:10:00
489.4648,1.83,4.212434,171123.0,0.49779412,0.89,-0.031517047,0.09,2022-12-28 02:15:00
489.61514,2.02,4.6416163,189748.0,0.44936177,0.98,-0.0043648016,0.06,2022-12-28 02:20:00
486.71265,1.73,4.8101664,155439.0,0.5384866,0.85,-0.09151498,0.05,2022-12-28 02:25:00
524.9656,2.36,5.220479,234065.0,0.45257017,1.3,0.1105897,0.01,2022-12-28 02:30:00
502.83878,2.21,5.4537053,187701.0,0.49355587,1.12,-0.008773916,0.04,2022-12-28 02:45:00
501.85034,2.2,5.3134265,191678.0,0.48036405,1.1,0.00432137,0.06,2022-12-28 02:50:00
512.0309,2.13,4.741413,190145.0,0.5154769,1.12,0.0293838,0.22,2022-12-28 02:55:00
527.177,2.38,4.860185,204267.0,0.5254209,1.32,0.12385166,0.11,2022-12-28 03:00:00
523.11743,2.47,4.7751226,230565.0,0.45442384,1.35,0.15228835,0.04,2022-12-28 03:05:00
516.6726,2.56,4.875438,243271.0,0.41438556,1.36,0.17609127,0.3,2022-12-28 03:20:00
508.6483,2.55,4.5980215,243572.0,0.39419013,1.32,0.20412001,0.08,2022-12-28 03:25:00
507.64856,2.68,4.9490304,238927.0,0.39940003,1.38,0.17897695,0.18,2022-12-28 03:30:00
514.723,2.9,4.984476,240135.0,0.41488552,1.54,0.24797328,0.17,2022-12-28 03:35:00
511.57623,2.82,5.0056767,230943.0,0.42324162,1.47,0.19312459,0.15,2022-12-28 03:40:00
516.2538,2.65,4.874792,233720.0,0.43023193,1.41,0.19589968,0.07,2022-12-28 03:45:00
516.48987,2.33,2.8897924,230569.0,0.4367327,1.25,0.19312459,0.23,2022-12-28 03:50:00
528.1851,2.3,4.4304175,225073.0,0.4796948,1.28,0.18469143,0.12,2022-12-28 03:55:00
527.7935,2.3,4.5512304,210692.0,0.51125515,1.28,0.1398791,0.07,2022-12-28 04:00:00
545.1211,2.31,4.585946,189728.0,0.6278074,1.37,0.10720996,0.05,2022-12-28 04:05:00
538.74866,2.13,4.6470423,183257.0,0.62661374,1.24,0.06069783,0.04,2022-12-28 04:10:00
535.24316,2.02,4.669015,165247.0,0.6809281,1.16,0.033423774,0.04,2022-12-28 04:15:00
548.41254,2.08,4.7570786,167350.0,0.7252216,1.25,0.037426513,0.06,2022-12-28 04:20:00
546.8185,2.0,4.7747774,153680.0,0.78260696,1.2,0.0,0.02,2022-12-28 04:25:00
496.50662,2.1,4.6331954,179708.0,0.49556714,1.04,0.064457975,0.03,2022-12-28 04:30:00
491.0654,1.87,4.0408044,178897.0,0.48102644,0.92,0.033423774,0.11,2022-12-28 04:35:00
465.79727,1.58,4.025444,159682.0,0.45718956,0.71,-0.031517047,0.02,2022-12-28 04:40:00
505.00842,1.81,3.6034567,157373.0,0.59661424,0.95,-0.0043648016,0.02,2022-12-28 04:45:00
540.13446,2.13,3.9311702,186833.0,0.61955523,1.25,0.10380372,0.07,2022-12-28 04:50:00
469.0644,1.45,3.9896867,135453.0,0.55082446,0.64,-0.1426675,0.08,2022-12-28 04:55:00
489.887,2.19,4.2347846,212569.0,0.40181285,1.05,0.19589968,0.04,2022-12-28 05:25:00
476.14362,1.93,4.1390944,200711.0,0.38947746,0.88,0.11394334,0.11,2022-12-28 05:30:00
486.79697,1.97,4.304463,195188.0,0.429058,0.93,0.1398791,0.01,2022-12-28 05:35:00
483.7176,2.19,4.4756894,230317.0,0.35650343,1.02,0.19865711,0.05,2022-12-28 05:40:00
494.71027,2.43,4.287902,271406.0,0.3244518,1.19,0.30749604,0.04,2022-12-28 05:45:00
511.97214,2.0,2.7376997,181450.0,0.53998536,1.05,0.07188199,0.08,2022-12-28 05:50:00
500.69058,2.31,3.681277,240748.0,0.3797101,1.17,0.21484385,0.09,2022-12-28 05:55:00
510.20004,2.1,4.4655795,199319.0,0.48629817,1.09,0.10037054,0.09,2022-12-28 06:00:00
514.99805,2.11,4.325228,237624.0,0.41996753,1.12,0.2068259,0.12,2022-12-28 06:05:00
542.33026,2.2,4.494719,184259.0,0.6361944,1.3,0.08990512,0.06,2022-12-28 06:15:00
539.1617,2.23,4.825816,187611.0,0.6135333,1.3,0.08278538,0.04,2022-12-28 06:20:00
494.99216,2.34,4.685211,222912.0,0.39573666,1.15,0.17318627,0.05,2022-12-28 06:30:00
463.4922,1.73,3.5210793,179986.0,0.3993986,0.77,-0.008773916,0.08,2022-12-28 06:40:00
522.11505,2.3,3.3070834,212031.0,0.49120417,1.25,0.17897695,0.09,2022-12-28 06:45:00
497.68735,1.86,3.7355988,194729.0,0.46073428,0.93,0.025305841,0.04,2022-12-28 06:50:00
507.0952,2.13,4.0206842,212687.0,0.44715482,1.1,0.12385166,0.04,2022-12-28 06:55:00
534.335,2.21,3.850221,214906.0,0.52082336,1.26,0.13033378,0.08,2022-12-28 07:00:00
488.33542,2.01,4.314789,208066.0,0.40647507,0.97,0.06818584,0.09,2022-12-28 07:05:00
504.6651,2.36,4.445616,235469.0,0.397897,1.2,0.17318627,0.03,2022-12-28 07:10:00
512.755,2.38,4.3997045,232659.0,0.42314076,1.26,0.17897695,0.12,2022-12-28 07:15:00
452.42294,1.64,4.279591,138812.0,0.48032883,0.67,-0.14874166,0.09,2022-12-28 07:20:00
467.79343,1.93,4.3596673,239096.0,0.30942926,0.85,0.08990512,0.09,2022-12-28 07:40:00
463.36588,1.65,4.273839,197795.0,0.36312947,0.73,0.012837212,0.12,2022-12-28 07:45:00
441.5479,1.46,4.452976,171080.0,0.3613034,0.57,-0.10790541,0.06,2022-12-28 07:50:00
439.7821,1.61,4.801354,191766.0,0.3183334,0.62,-0.045757502,0.04,2022-12-28 07:55:00
439.97513,1.37,4.3912296,164285.0,0.3720909,0.53,-0.1426675,0.04,2022-12-28 08:00:00
444.61182,1.22,4.235068,136503.0,0.46267703,0.48,-0.23657204,0.03,2022-12-28 08:05:00
494.1685,1.63,2.4309053,163380.0,0.53714234,0.85,-0.060480744,0.05,2022-12-28 08:20:00
542.8537,2.03,2.4770346,222912.0,0.5274596,1.2,0.16731733,0.19,2022-12-28 08:25:00
493.67743,2.45,4.0112967,251695.0,0.3475918,1.19,0.22530928,0.18,2022-12-28 08:30:00
496.04486,2.08,4.438018,230109.0,0.38590318,1.02,0.17318627,0.05,2022-12-28 08:35:00
509.49506,2.12,4.4527407,228826.0,0.4217708,1.1,0.17609127,0.2,2022-12-28 08:40:00
452.57846,1.49,4.607971,143487.0,0.46517643,0.61,-0.18708667,0.06,2022-12-28 08:45:00
464.1262,1.51,4.5068502,123101.0,0.58645105,0.65,-0.18045606,0.18,2022-12-28 08:50:00
456.79492,1.63,4.8514123,133076.0,0.5162592,0.68,-0.15490197,0.14,2022-12-28 08:55:00
464.7268,1.61,4.8237433,142553.0,0.50847,0.7,-0.13667715,0.05,2022-12-28 09:00:00
460.00366,1.61,4.541211,144401.0,0.4862515,0.69,-0.119186416,0.08,2022-12-28 09:05:00
500.21857,1.85,4.4998336,182348.0,0.49984887,0.93,-0.0409586,0.08,2022-12-28 09:10:00
445.1405,1.07,4.457275,122512.0,0.5174258,0.42,-0.3467875,0.1,2022-12-28 09:15:00
478.96466,1.71,4.8764124,167023.0,0.47672036,0.8,-0.08618615,0.11,2022-12-28 09:20:00
487.27914,2.07,5.101549,196564.0,0.4273696,0.98,0.02118928,0.02,2022-12-28 09:25:00
491.01224,1.59,4.485867,169342.0,0.5079967,0.78,-0.09691001,0.08,2022-12-28 09:30:00
486.52,1.74,5.016742,180696.0,0.46264842,0.83,-0.060480744,0.05,2022-12-28 09:35:00
489.83673,1.86,3.9755375,207616.0,0.41126737,0.89,0.012837212,0.05,2022-12-28 09:40:00
491.9479,1.68,4.5162926,192760.0,0.44893402,0.82,-0.06550154,0.03,2022-12-28 09:45:00
486.78696,1.84,4.983663,193017.0,0.4338562,0.87,-0.026872149,0.03,2022-12-28 09:50:00
505.0608,1.8,5.0131426,208537.0,0.45038185,0.92,-0.013228253,0.03,2022-12-28 09:55:00
485.25247,1.73,4.8063083,191530.0,0.43294826,0.81,-0.05551733,0.06,2022-12-28 10:00:00
500.50958,1.88,5.0662804,244138.0,0.3740164,0.95,0.041392695,0.02,2022-12-28 10:05:00
496.49268,1.67,4.5137677,197617.0,0.45061702,0.82,-0.07058106,0.03,2022-12-28 10:10:00
483.99982,1.63,4.7180715,180872.0,0.45478594,0.77,-0.09151498,0.04,2022-12-28 10:15:00
489.61362,1.67,4.812816,187627.0,0.45443714,0.8,-0.07058106,0.02,2022-12-28 10:20:00
493.77798,1.73,4.8062043,187701.0,0.46639395,0.84,-0.060480744,0.01,2022-12-28 10:25:00
466.67337,1.46,4.776798,149503.0,0.4911825,0.65,-0.17392519,0.01,2022-12-28 10:30:00
497.6495,1.77,4.9078407,191180.0,0.46917605,0.88,-0.045757502,0.01,2022-12-28 10:35:00
486.4721,1.72,4.9848876,182028.0,0.4591224,0.81,-0.07058106,0.01,2022-12-28 10:40:00
482.72314,1.79,4.984516,191666.0,0.4256596,0.83,-0.036212165,0.02,2022-12-28 10:45:00
487.22122,1.87,4.8966928,202457.0,0.4147764,0.89,-0.013228253,0.03,2022-12-28 10:50:00
485.4342,1.82,4.7264047,196564.0,0.4223525,0.86,-0.031517047,0.04,2022-12-28 10:55:00
485.5995,1.76,4.8062043,198014.0,0.41970432,0.83,-0.0409586,0.03,2022-12-28 11:05:00
484.21942,1.75,4.26142,197106.0,0.41791868,0.83,-0.045757502,0.04,2022-12-28 11:10:00
471.78525,1.71,4.698042,182365.0,0.41656223,0.76,-0.07572073,0.03,2022-12-28 11:15:00
496.8712,1.7,4.760357,191136.0,0.46700302,0.84,-0.060480744,0.02,2022-12-28 11:20:00
489.0916,1.81,4.957318,208319.0,0.40794167,0.87,-0.017728778,0.06,2022-12-28 11:35:00
502.50854,1.79,4.8558726,195117.0,0.47382686,0.91,-0.045757502,0.04,2022-12-28 11:40:00
471.97955,1.7,4.8649254,191766.0,0.39664912,0.76,-0.05551733,0.01,2022-12-28 11:45:00
479.13052,1.53,4.8273907,173406.0,0.45966756,0.7,-0.13076828,0.04,2022-12-28 11:50:00
504.37988,2.02,5.0665274,216350.0,0.432298,1.03,0.041392695,0.04,2022-12-28 11:55:00
483.4083,1.79,4.962963,200724.0,0.40824956,0.84,-0.05061,0.11,2022-12-28 12:00:00
490.43085,1.76,4.970131,226599.0,0.37823862,0.85,-0.031517047,0.09,2022-12-28 12:05:00
476.0766,1.68,4.983854,204591.0,0.38192376,0.76,-0.05551733,0.04,2022-12-28 12:10:00
481.62875,1.56,4.721218,214029.0,0.3785004,0.73,-0.045757502,0.07,2022-12-28 12:15:00
484.62033,2.03,5.1051936,267513.0,0.3087206,0.96,0.1105897,0.09,2022-12-28 12:20:00
481.48083,1.81,5.138774,231064.0,0.35026065,0.84,-0.008773916,0.04,2022-12-28 12:25:00
437.58966,1.21,4.2398815,139973.0,0.42939067,0.46,-0.25181198,0.03,2022-12-28 12:45:00
449.3268,1.11,3.7958663,130525.0,0.5000208,0.45,-0.3372422,0.08,2022-12-28 12:50:00
496.8706,1.81,3.9315264,274828.0,0.32478774,0.89,0.07918126,0.07,2022-12-28 12:55:00
445.96448,1.28,4.300488,157702.0,0.40428695,0.52,-0.22184876,0.04,2022-12-28 13:00:00
441.72202,0.99,4.417703,102893.0,0.60147613,0.39,-0.4202164,0.05,2022-12-28 13:05:00
445.33707,1.51,4.1470714,197795.0,0.32092848,0.61,-0.07058106,0.04,2022-12-28 13:10:00
448.2958,1.67,4.1558633,195261.0,0.33186433,0.68,-0.0409586,0.05,2022-12-28 13:15:00
434.75253,1.18,4.4797096,141725.0,0.41558173,0.45,-0.2839967,0.02,2022-12-28 13:20:00
433.56976,1.28,4.704604,148154.0,0.3941908,0.49,-0.23657204,0.03,2022-12-28 13:25:00
447.83658,1.67,4.887903,190406.0,0.33924216,0.67,-0.07058106,0.05,2022-12-28 13:30:00
449.02432,1.19,4.9697685,115008.0,0.5662957,0.48,-0.32790217,0.04,2022-12-28 13:35:00
443.2903,1.28,4.578428,146971.0,0.42575917,0.51,-0.23657204,0.02,2022-12-28 13:40:00
443.74466,1.26,4.6521072,131488.0,0.47741336,0.5,-0.25963733,0.04,2022-12-28 13:45:00
441.379,1.2,4.9006734,115445.0,0.5347845,0.47,-0.3372422,0.09,2022-12-28 13:50:00
431.23267,1.15,4.9659944,137506.0,0.41762924,0.43,-0.30980393,0.03,2022-12-28 13:55:00
442.77078,1.3,5.00057,130816.0,0.47659492,0.51,-0.26760623,0.05,2022-12-28 14:00:00
440.69333,1.31,4.827225,123604.0,0.49707234,0.51,-0.25963733,0.06,2022-12-28 14:10:00
453.75473,1.21,4.8986835,123604.0,0.544386,0.5,-0.30103,0.09,2022-12-28 14:15:00
453.75473,1.21,4.9402633,123604.0,0.544386,0.5,-0.3187588,0.04,2022-12-28 14:20:00
454.84473,1.05,4.8628693,122861.0,0.55178404,0.43,-0.38721615,0.05,2022-12-28 14:25:00
454.89044,1.07,5.1461053,112567.0,0.602432,0.44,-0.39794,0.01,2022-12-28 14:30:00
457.3186,1.44,4.79702,158597.0,0.434732,0.6,-0.17392519,0.03,2022-12-28 14:50:00
428.08368,1.11,5.012006,127364.0,0.44071442,0.41,-0.3467875,0.03,2022-12-28 15:00:00
434.7164,1.06,4.966991,127352.0,0.4623648,0.4,-0.36653155,0.03,2022-12-28 15:05:00
429.54462,1.15,4.848649,117912.0,0.48111838,0.42,-0.32790217,0.02,2022-12-28 15:10:00
455.30563,1.28,4.625386,146798.0,0.46326804,0.54,-0.23657204,0.03,2022-12-28 15:15:00
477.35513,1.59,4.750642,183798.0,0.42869487,0.73,-0.09691001,0.03,2022-12-28 15:20:00
470.15982,1.51,4.993646,170096.0,0.44183627,0.67,-0.14874166,0.02,2022-12-28 15:25:00
465.42978,1.46,5.060079,142352.0,0.5115896,0.63,-0.20760833,0.01,2022-12-28 15:30:00
459.96152,1.39,5.1116633,127338.0,0.5512508,0.59,-0.25963733,0.06,2022-12-28 15:35:00
461.18765,1.47,5.041042,163973.0,0.43165234,0.62,-0.1674911,0.01,2022-12-28 15:40:00
452.0173,1.11,4.8760023,114245.0,0.5819903,0.45,-0.35654733,0.04,2022-12-28 15:45:00
464.01065,1.19,4.7906365,135117.0,0.5338838,0.52,-0.26760623,0.02,2022-12-28 15:50:00
474.07794,1.53,4.818859,193815.0,0.397913,0.69,-0.08092192,0.03,2022-12-28 15:55:00
450.74805,0.96,4.8781347,111864.0,0.58919764,0.39,-0.39794,0.02,2022-12-28 16:00:00
450.76807,0.97,4.8675866,111518.0,0.59110737,0.39,-0.39794,0.02,2022-12-28 16:05:00
469.54712,1.3,5.048445,118520.0,0.63154,0.57,-0.29242983,0.02,2022-12-28 16:10:00
466.7925,1.45,5.059308,155782.0,0.47175935,0.64,-0.18708667,0.01,2022-12-28 16:15:00
467.9932,1.37,5.040109,157360.0,0.47077835,0.6,-0.21467017,0.06,2022-12-28 16:25:00
468.13422,1.43,5.102441,177007.0,0.41891682,0.62,-0.16115092,0.03,2022-12-28 16:30:00
474.86194,1.55,4.689307,218368.0,0.35499355,0.7,-0.05061,0.01,2022-12-28 16:35:00
468.68994,1.45,5.008473,204481.0,0.36397302,0.64,-0.10237289,0.04,2022-12-28 16:40:00
425.6906,1.08,4.971247,141849.0,0.38886493,0.39,-0.3372422,0.02,2022-12-28 16:50:00
422.10846,1.01,4.9790263,128139.0,0.4192943,0.36,-0.38721615,0.02,2022-12-28 16:55:00
451.9838,1.24,4.726119,171816.0,0.3868914,0.52,-0.22914802,0.09,2022-12-28 17:00:00
451.13046,1.24,4.861111,142792.0,0.46280065,0.51,-0.27572417,0.02,2022-12-28 17:05:00
442.2042,1.12,5.030656,118844.0,0.52251875,0.44,-0.36653155,0.03,2022-12-28 17:10:00
452.5735,1.29,4.9823084,154926.0,0.43081525,0.53,-0.24412516,0.03,2022-12-28 17:15:00
441.10413,1.03,4.9390483,114481.0,0.53824294,0.4,-0.39794,0.02,2022-12-28 17:20:00
435.36426,1.2,5.0032487,120626.0,0.4904141,0.45,-0.3467875,0.03,2022-12-28 17:30:00
438.06873,1.16,5.0589623,130403.0,0.46247545,0.45,-0.3372422,0.02,2022-12-28 17:35:00
448.18842,1.26,5.255578,135892.0,0.47649488,0.51,-0.30103,0.04,2022-12-28 17:40:00
444.96484,1.11,5.446577,95565.0,0.6625128,0.44,-0.455932,0.03,2022-12-28 17:45:00
440.58618,1.0,5.392745,94231.0,0.6515226,0.39,-0.49485007,0.04,2022-12-28 17:50:00
445.23398,1.21,5.3479156,129986.0,0.4879935,0.48,-0.3467875,0.05,2022-12-28 17:55:00
457.00943,1.22,5.2698483,129153.0,0.53271854,0.51,-0.3372422,0.08,2022-12-28 18:00:00
454.3425,1.17,5.2350836,119459.0,0.5655497,0.49,-0.35654733,0.04,2022-12-28 18:05:00
487.2413,1.17,4.819077,147462.0,0.5695377,0.56,-0.30980393,0.07,2022-12-28 18:10:00
491.5605,1.27,5.142616,154440.0,0.55895203,0.62,-0.25963733,0.02,2022-12-28 18:15:00
479.43457,1.26,5.0830894,191263.0,0.4175752,0.58,-0.20760833,0.05,2022-12-28 18:20:00
467.92288,1.3,5.276988,188594.0,0.39262673,0.57,-0.23657204,0.09,2022-12-28 18:25:00
468.68683,1.27,5.2485237,160220.0,0.4645115,0.56,-0.27572417,0.09,2022-12-28 18:30:00
427.598,0.94,5.1918206,118978.0,0.47011322,0.34,-0.4685211,0.05,2022-12-28 18:40:00
441.6227,1.11,5.3331976,127477.0,0.48514146,0.44,-0.39794,0.03,2022-12-28 18:45:00
441.7062,1.22,5.225983,143894.0,0.43004426,0.48,-0.3372422,0.06,2022-12-28 18:50:00
425.06958,1.01,5.252209,118195.0,0.4645711,0.37,-0.43179828,0.02,2022-12-28 18:55:00
440.35233,1.22,5.25748,139392.0,0.43971142,0.47,-0.30980393,0.01,2022-12-28 19:00:00
413.71234,0.88,4.9922037,120518.0,0.41877976,0.3,-0.48148608,0.03,2022-12-28 19:30:00
423.1317,0.85,5.2353606,106484.0,0.508381,0.31,-0.53760207,0.02,2022-12-28 19:35:00
424.25732,0.97,4.981646,126830.0,0.4303714,0.35,-0.455932,0.04,2022-12-28 19:40:00
450.97217,1.15,5.0605135,176631.0,0.3737287,0.47,-0.27572417,0.05,2022-12-28 19:45:00
457.50665,1.18,4.962278,178654.0,0.38642,0.49,-0.26760623,0.04,2022-12-28 19:50:00
456.56006,1.04,4.686747,118195.0,0.5803276,0.43,-0.39794,0.02,2022-12-28 19:55:00
458.61093,0.92,4.7123137,100865.0,0.68959033,0.4,-0.49485007,0.11,2022-12-28 20:05:00
429.61206,0.74,5.3319883,72847.0,0.7791311,0.27,-0.67778075,0.02,2022-12-28 20:10:00
431.38095,0.78,5.3243027,67708.0,0.8490582,0.29,-0.65757734,0.09,2022-12-28 20:20:00
439.24106,1.25,5.3406835,136488.0,0.44554847,0.48,-0.30980393,0.04,2022-12-28 20:25:00
436.75266,1.17,5.2865486,123612.0,0.48333454,0.45,-0.36653155,0.03,2022-12-28 20:30:00
433.07407,1.07,5.393802,113555.0,0.5124682,0.4,-0.43179828,0.08,2022-12-28 20:35:00
433.72656,1.25,5.317076,125096.0,0.4673748,0.47,-0.3467875,0.08,2022-12-28 20:40:00
432.24802,1.0,5.5329647,110115.0,0.5253461,0.37,-0.48148608,0.09,2022-12-28 20:45:00
429.59866,1.37,5.202317,112129.0,0.50613004,0.5,-0.30103,0.06,2022-12-28 20:50:00
430.6516,1.36,5.211852,106442.0,0.53725034,0.51,-0.30980393,0.03,2022-12-28 20:55:00
437.96936,1.48,5.138745,128573.0,0.46872678,0.57,-0.22914802,0.04,2022-12-28 21:00:00
435.37152,1.53,5.068836,127168.0,0.4652095,0.58,-0.21467017,0.04,2022-12-28 21:05:00
434.06003,1.54,5.121923,107452.0,0.54542273,0.58,-0.24412516,0.02,2022-12-28 21:10:00
427.1624,1.29,5.119541,97453.0,0.5721319,0.47,-0.36653155,0.16,2022-12-28 21:15:00
431.34656,1.33,5.3080034,106967.0,0.5373036,0.5,-0.3372422,0.14,2022-12-28 21:20:00
432.9806,1.45,4.6186147,74202.0,0.7837288,0.55,-0.3467875,0.17,2022-12-28 21:25:00
443.17908,2.04,5.087789,26157.0,2.3903887,0.8,-0.30103,0.07,2022-12-28 21:30:00
443.78625,2.17,5.1981344,25476.0,2.4647686,0.85,-0.29242983,0.02,2022-12-28 21:35:00
442.44705,2.19,5.2192435,27448.0,2.2662656,0.86,-0.2839967,0.01,2022-12-28 21:40:00
444.64902,2.13,5.2446256,26175.0,2.4134953,0.84,-0.30103,0.04,2022-12-28 21:45:00
449.90497,1.64,5.3497663,17279.0,3.7922907,0.66,-0.4685211,0.09,2022-12-28 21:50:00
448.52725,1.62,5.4511375,22100.0,2.9368489,0.65,-0.4685211,0.03,2022-12-28 21:55:00
447.55554,1.62,5.522264,20047.0,3.2158246,0.65,-0.48148608,0.01,2022-12-28 22:00:00
450.40384,1.6,5.4994364,18926.0,3.4742384,0.65,-0.49485007,0.04,2022-12-28 22:05:00
445.70877,2.0,5.130809,25112.0,2.5343714,0.79,-0.35654733,0.02,2022-12-28 22:10:00
441.49756,2.23,5.048277,27939.0,2.2115982,0.87,-0.26760623,0.03,2022-12-28 22:15:00
433.80426,2.46,5.126334,30336.0,1.9283795,0.93,-0.21467017,0.01,2022-12-28 22:20:00
437.50842,2.4,5.151854,28646.0,2.0969203,0.92,-0.22914802,0.01,2022-12-28 22:25:00
440.5047,2.41,5.12083,32559.0,1.8845264,0.94,-0.21467017,0.03,2022-12-28 22:30:00
441.4019,2.68,5.0975485,35675.0,1.7308525,1.05,-0.15490197,0.01,2022-12-28 22:35:00
441.86145,2.8,5.1002846,36315.0,1.7058657,1.09,-0.13667715,0.01,2022-12-28 22:40:00
441.32617,2.77,5.105389,40271.0,1.5324973,1.08,-0.13076828,0.01,2022-12-28 22:45:00
441.78857,2.82,5.1126313,36910.0,1.6775053,1.1,-0.12493874,0.01,2022-12-28 22:50:00
443.14017,2.78,5.1146164,36315.0,1.7212808,1.09,-0.13667715,0.01,2022-12-28 22:55:00
442.3699,2.69,5.135445,34558.0,1.7990247,1.05,-0.16115092,0.02,2022-12-28 23:00:00
432.8693,3.11,4.857026,42585.0,1.3645113,1.16,-0.036212165,0.05,2022-12-28 23:10:00
433.5971,3.08,4.9648867,43260.0,1.3502638,1.15,-0.05551733,0.05,2022-12-28 23:15:00
426.43503,3.15,4.8343973,47251.0,1.1737516,1.15,-0.013228253,0.02,2022-12-28 23:20:00
424.231,3.55,4.774526,52706.0,1.0354316,1.28,0.05690485,0.06,2022-12-28 23:25:00
422.84576,3.45,4.82422,47250.0,1.1432941,1.23,0.02118928,0.05,2022-12-28 23:30:00
424.3011,3.19,4.853751,43859.0,1.2449334,1.15,-0.013228253,0.07,2022-12-28 23:35:00
422.9782,3.52,4.7839417,46253.0,1.1690773,1.26,0.049218025,0.02,2022-12-28 23:40:00
423.17667,3.46,4.7600946,46524.0,1.163966,1.24,0.041392695,0.01,2022-12-28 23:45:00
425.4843,3.58,4.7870345,48564.0,1.1341102,1.3,0.053078443,0.02,2022-12-28 23:50:00
422.63803,3.64,4.7547874,49312.0,1.0938121,1.3,0.07188199,0.04,2022-12-28 23:55:00
424.14966,3.52,4.768417,48092.0,1.1340948,1.27,0.053078443,0.09,2022-12-29 00:00:00
423.7753,3.71,4.691972,48254.0,1.1271849,1.33,0.07188199,0.08,2022-12-29 00:05:00
427.76944,2.96,5.0486135,43206.0,1.2961854,1.08,-0.08092192,0.07,2022-12-29 00:10:00
426.73816,2.79,5.083001,46624.0,1.1921704,1.01,-0.10790541,0.02,2022-12-29 00:15:00
421.92395,3.22,5.0476727,45753.0,1.1727073,1.15,-0.036212165,0.03,2022-12-29 00:20:00
422.8465,3.02,4.907474,54814.0,0.98553157,1.08,-0.013228253,0.15,2022-12-29 00:25:00
412.28702,3.34,4.4228725,60413.0,0.82649714,1.14,0.1105897,0.04,2022-12-29 00:30:00
411.78497,3.86,4.4602466,73059.0,0.68084884,1.31,0.20412001,0.09,2022-12-29 00:35:00
421.3834,3.38,4.660429,56530.0,0.9453595,1.2,0.08635984,0.04,2022-12-29 00:40:00
416.45605,4.06,4.2860003,64328.0,0.80089223,1.41,0.25285304,0.08,2022-12-29 00:45:00
415.55902,4.3,4.1103163,62101.0,0.8240628,1.48,0.2988531,0.06,2022-12-29 00:50:00
433.99402,4.14,2.5669825,78404.0,0.7471433,1.56,0.38738984,0.14,2022-12-29 00:55:00
428.57504,4.22,3.8870168,88372.0,0.6374413,1.55,0.38201708,0.05,2022-12-29 01:00:00
426.97995,4.33,4.1541667,81948.0,0.6794778,1.58,0.3324385,0.12,2022-12-29 01:05:00
429.0701,4.06,4.2278247,76675.0,0.73733,1.5,0.30103,0.1,2022-12-29 01:10:00
428.6883,4.07,4.2990465,73512.0,0.7669267,1.5,0.26717174,0.02,2022-12-29 01:15:00
423.81564,4.02,3.8893058,67426.0,0.80691856,1.45,0.30103,0.11,2022-12-29 01:20:00
420.38126,4.29,3.677676,75157.0,0.70580953,1.52,0.36172783,0.08,2022-12-29 01:25:00
419.89157,4.19,3.130591,87328.0,0.6052401,1.48,0.43616268,0.08,2022-12-29 01:30:00
418.54355,4.21,3.8148787,80988.0,0.64611995,1.47,0.40140057,0.03,2022-12-29 01:35:00
412.11176,4.12,3.7676253,76245.0,0.65401167,1.4,0.37839794,0.02,2022-12-29 01:45:00
412.76184,4.08,3.835062,80835.0,0.61990964,1.39,0.37474835,0.02,2022-12-29 01:50:00
414.58585,3.89,3.7946672,81394.0,0.6241611,1.34,0.3673559,0.03,2022-12-29 02:00:00
418.58054,3.92,3.7011487,74041.0,0.70693755,1.38,0.36172783,0.13,2022-12-29 02:05:00
419.14862,3.82,3.9157758,65737.0,0.79960793,1.34,0.28103337,0.02,2022-12-29 02:10:00
418.575,3.72,4.045022,64989.0,0.8053703,1.3,0.24551268,0.03,2022-12-29 02:15:00
420.88263,3.68,4.0347986,59223.0,0.89903784,1.3,0.23299614,0.04,2022-12-29 02:20:00
417.9724,3.61,4.1337876,60283.0,0.86435664,1.26,0.2068259,0.02,2022-12-29 02:25:00
416.43665,3.55,4.103084,60352.0,0.85353124,1.23,0.20412001,0.02,2022-12-29 02:30:00
419.191,3.8,4.0716825,63489.0,0.8281808,1.33,0.23804612,0.02,2022-12-29 02:35:00
415.24924,3.63,4.065378,62820.0,0.812742,1.25,0.21218762,0.01,2022-12-29 02:40:00
415.0407,3.74,4.134888,61956.0,0.8227884,1.29,0.23804612,0.02,2022-12-29 02:45:00
413.44785,3.75,4.149036,66492.0,0.7575365,1.29,0.24303806,0.02,2022-12-29 02:50:00
415.4374,3.95,4.107262,64651.0,0.7908386,1.37,0.26717174,0.03,2022-12-29 03:00:00
416.34995,3.97,4.234171,63030.0,0.8167371,1.38,0.24551268,0.01,2022-12-29 03:05:00
414.86368,3.91,4.227221,60796.0,0.8373745,1.34,0.23299614,0.01,2022-12-29 03:10:00
417.71497,4.07,4.2190638,65354.0,0.7957609,1.42,0.2624511,0.02,2022-12-29 03:20:00
417.51483,4.3,4.1275296,60031.0,0.8650303,1.5,0.28103337,0.01,2022-12-29 03:25:00
412.01025,4.06,4.193447,64126.0,0.77701557,1.38,0.2624511,0.01,2022-12-29 03:30:00
412.1009,4.03,4.1665454,63528.0,0.784867,1.37,0.25767857,0.01,2022-12-29 03:35:00
416.3185,4.06,4.2151513,60076.0,0.8566956,1.41,0.2552725,0.02,2022-12-29 03:40:00
412.4644,3.91,4.215424,60708.0,0.823583,1.33,0.22530928,0.05,2022-12-29 03:45:00
416.3417,3.94,4.3125052,61455.0,0.8376173,1.36,0.21748395,0.01,2022-12-29 03:50:00
417.5257,4.18,4.207588,67803.0,0.7659372,1.46,0.26951295,0.02,2022-12-29 03:55:00
415.15347,3.85,4.099244,62074.0,0.8219192,1.33,0.23044895,0.03,2022-12-29 04:00:00
412.43936,4.19,4.0186067,69826.0,0.7159028,1.43,0.31597033,0.06,2022-12-29 04:05:00
418.13623,4.24,4.051,69151.0,0.7544303,1.48,0.3096302,0.05,2022-12-29 04:10:00
414.56415,4.35,4.0273566,68206.0,0.74472463,1.5,0.32633585,0.06,2022-12-29 04:15:00
414.37012,4.03,4.207588,74379.0,0.6819226,1.38,0.28330123,0.06,2022-12-29 04:20:00
418.32483,3.93,4.1270933,64104.0,0.81497085,1.38,0.23552847,0.07,2022-12-29 04:25:00
417.2176,4.32,3.9702015,70752.0,0.73232734,1.5,0.31806332,0.03,2022-12-29 04:30:00
417.0167,4.22,4.1388526,77107.0,0.67096376,1.47,0.31597033,0.05,2022-12-29 04:45:00
421.21573,4.58,3.8980765,74112.0,0.7201939,1.63,0.376577,0.08,2022-12-29 04:50:00
409.92712,3.82,3.9827254,58037.0,0.84509605,1.28,0.20139715,0.09,2022-12-29 04:55:00
411.18088,3.72,4.3930173,64835.0,0.7637129,1.25,0.17609127,0.05,2022-12-29 05:00:00
411.14697,4.01,4.171882,66198.0,0.7477962,1.35,0.2552725,0.1,2022-12-29 05:05:00
409.57288,4.02,4.121468,69075.0,0.70814353,1.35,0.2855573,0.04,2022-12-29 05:10:00
409.7643,4.06,4.152758,66786.0,0.7334805,1.36,0.27184162,0.07,2022-12-29 05:15:00
408.659,4.03,4.0947523,66241.0,0.733323,1.34,0.2855573,0.02,2022-12-29 05:20:00
406.58813,3.6,4.1007557,61638.0,0.7757204,1.19,0.20412001,0.09,2022-12-29 05:25:00
410.20276,3.84,4.247187,63799.0,0.77038157,1.29,0.22788674,0.09,2022-12-29 05:30:00
406.9694,3.64,4.17781,60528.0,0.7922542,1.21,0.20951504,0.09,2022-12-29 05:35:00
405.72842,3.74,4.0706387,60820.0,0.7809904,1.23,0.24054927,0.02,2022-12-29 05:40:00
404.04352,3.56,4.344341,60982.0,0.7688903,1.16,0.16731733,0.02,2022-12-29 05:45:00
403.81055,3.51,4.2889977,62017.0,0.7547021,1.15,0.15533602,0.03,2022-12-29 05:50:00
407.9314,3.5,4.471264,66092.0,0.73091024,1.17,0.1492191,0.01,2022-12-29 05:55:00
410.06577,3.45,4.451258,69527.0,0.70617884,1.16,0.15533602,0.02,2022-12-29 06:00:00
410.13828,3.55,4.4423194,72669.0,0.67601776,1.19,0.17318627,0.02,2022-12-29 06:05:00
406.11194,3.36,4.4449186,68488.0,0.69559264,1.11,0.13353892,0.02,2022-12-29 06:10:00
411.15588,3.53,4.3220596,74302.0,0.6662803,1.2,0.1492191,0.08,2022-12-29 06:15:00
410.6827,4.15,4.505386,81487.0,0.60535806,1.4,0.23552847,0.05,2022-12-29 06:20:00
414.6858,3.57,4.675104,68709.0,0.73994815,1.23,0.1105897,0.04,2022-12-29 06:25:00
405.20792,3.34,4.596836,59980.0,0.78876954,1.1,0.064457975,0.03,2022-12-29 06:35:00
405.87048,3.67,4.7135973,60014.0,0.7923423,1.21,0.10037054,0.02,2022-12-29 06:40:00
403.80078,3.49,4.5918627,62653.0,0.74698466,1.14,0.08635984,0.02,2022-12-29 06:45:00
401.73422,3.69,4.2944384,64797.0,0.71082366,1.2,0.12710482,0.06,2022-12-29 06:50:00
401.3333,3.96,4.1485057,60526.0,0.75862116,1.28,0.15228835,0.21,2022-12-29 06:55:00
400.5892,3.88,4.316387,67207.0,0.6792716,1.25,0.15836251,0.05,2022-12-29 07:00:00
398.43054,3.85,4.620963,69104.0,0.6496055,1.22,0.15836251,0.12,2022-12-29 07:05:00
395.28503,3.92,4.879703,73268.0,0.5977545,1.23,0.13353892,0.03,2022-12-29 07:10:00
392.7974,4.13,4.827846,83722.0,0.51293516,1.27,0.19865711,0.06,2022-12-29 07:20:00
394.65753,4.02,4.800396,75139.0,0.57999456,1.25,0.16731733,0.1,2022-12-29 07:25:00
394.35483,3.82,4.8915133,72823.0,0.59701246,1.19,0.11394334,0.1,2022-12-29 07:30:00
392.8842,2.91,4.9248047,41017.0,1.0476998,0.9,-0.09691001,0.12,2022-12-29 07:35:00
391.98996,2.89,5.100451,44944.0,0.9493981,0.89,-0.09691001,0.01,2022-12-29 07:40:00
390.89407,2.95,5.148058,50743.0,0.83360255,0.9,-0.08092192,0.01,2022-12-29 07:45:00
390.03036,2.95,5.1183395,55008.0,0.76369286,0.89,-0.07058106,0.03,2022-12-29 07:50:00
389.82666,2.95,5.141595,52241.0,0.802836,0.9,-0.07572073,0.02,2022-12-29 07:55:00
389.3919,2.91,5.1926675,46426.0,0.900261,0.89,-0.10237289,0.03,2022-12-29 08:00:00
386.46927,3.12,5.0119057,51621.0,0.79089296,0.93,-0.031517047,0.04,2022-12-29 08:05:00
389.23175,3.37,5.0119658,78225.0,0.53361493,1.02,0.06069783,0.02,2022-12-29 08:10:00
397.4585,3.49,5.0008197,75729.0,0.5882857,1.11,0.06818584,0.01,2022-12-29 08:15:00
385.9603,2.59,4.929321,41213.0,0.98657066,0.77,-0.13076828,0.03,2022-12-29 08:20:00
383.42023,2.82,4.887341,46729.0,0.85241103,0.83,-0.060480744,0.06,2022-12-29 08:25:00
393.19827,3.64,4.8630342,62703.0,0.68705714,1.13,0.07188199,0.05,2022-12-29 08:30:00
399.3005,3.6,5.0904226,65949.0,0.68532,1.16,0.05690485,0.02,2022-12-29 08:35:00
402.09973,3.93,5.050099,74836.0,0.6172139,1.27,0.1105897,0.02,2022-12-29 08:40:00
387.94586,3.32,4.962318,58516.0,0.7060332,1.0,0.02118928,0.06,2022-12-29 08:45:00
399.0028,4.27,4.6253753,76678.0,0.5880613,1.36,0.16136801,0.05,2022-12-29 08:50:00
426.38098,4.78,4.922002,76844.0,0.72144943,1.74,0.2068259,0.05,2022-12-29 08:55:00
415.7034,4.49,4.923495,76245.0,0.67191935,1.55,0.17609127,0.02,2022-12-29 09:00:00
418.2937,4.78,4.6501184,74756.0,0.6986836,1.67,0.20951504,0.07,2022-12-29 09:05:00
422.7709,4.9,4.0591993,82096.0,0.65765536,1.75,0.23299614,0.07,2022-12-29 09:10:00
414.352,5.27,4.4976215,81939.0,0.6189215,1.81,0.30535138,0.13,2022-12-29 09:15:00
415.78845,5.44,4.789008,79282.0,0.6465922,1.88,0.3096302,0.02,2022-12-29 09:25:00
418.3491,5.67,4.796426,87755.0,0.5954342,1.99,0.3424227,0.08,2022-12-29 09:45:00
422.9162,5.92,4.32037,93442.0,0.5784194,2.12,0.40312052,0.04,2022-12-29 09:50:00
422.9162,5.92,4.3946557,93442.0,0.5784194,2.12,0.3944517,0.15,2022-12-29 09:55:00
413.00818,5.65,4.64278,92794.0,0.54102165,1.93,0.36921585,0.13,2022-12-29 10:00:00
419.342,5.63,4.2007737,88087.0,0.5975838,1.98,0.26481783,0.21,2022-12-29 10:05:00
428.93134,5.9,5.007654,93414.0,0.60459757,2.17,0.29446626,0.15,2022-12-29 10:10:00
437.9213,5.76,5.238511,80849.0,0.74515486,2.21,0.24303806,0.14,2022-12-29 10:15:00
436.60422,5.95,5.247047,84674.0,0.70485353,2.27,0.28330123,0.07,2022-12-29 10:20:00
431.5677,6.07,5.179662,90654.0,0.6350026,2.27,0.28103337,0.14,2022-12-29 10:25:00
427.76697,5.82,3.092604,88880.0,0.6300853,2.14,0.25767857,0.1,2022-12-29 10:30:00
419.91998,5.79,4.8115797,86692.0,0.60980874,2.04,0.23044895,0.08,2022-12-29 10:35:00
420.55887,5.89,5.2684054,84934.0,0.6253836,2.08,0.22010809,0.08,2022-12-29 10:40:00
418.25256,5.59,5.515188,82978.0,0.6292607,1.96,0.17026173,0.09,2022-12-29 10:45:00
413.10794,5.13,5.984396,85058.0,0.59067124,1.75,0.10037054,0.03,2022-12-29 10:50:00
410.6989,5.55,5.915953,86000.0,0.57366127,1.88,0.13033378,0.02,2022-12-29 10:55:00
410.62735,5.45,5.8594966,83524.0,0.5903467,1.84,0.117271274,0.05,2022-12-29 11:00:00
413.59924,6.12,5.9755836,77973.0,0.64673096,2.09,0.16136801,0.02,2022-12-29 11:05:00
418.4016,6.28,4.6626496,80042.0,0.6530666,2.2,0.17026173,0.08,2022-12-29 11:10:00
423.22034,6.07,3.4852402,83639.0,0.6476612,2.18,0.15533602,0.11,2022-12-29 11:15:00
425.07452,6.3,4.8983874,106211.0,0.51700824,2.28,0.25767857,0.18,2022-12-29 11:20:00
429.59235,6.09,5.5677013,74112.0,0.76572293,2.25,0.13033378,0.05,2022-12-29 11:25:00
440.81165,6.19,5.9330597,64439.0,0.95425886,2.4,0.07918126,0.12,2022-12-29 11:30:00
452.98773,6.23,6.1037936,70264.0,0.9526194,2.56,0.08990512,0.05,2022-12-29 11:35:00
448.78604,6.29,6.1990724,67113.0,0.9688287,2.53,0.09342169,0.05,2022-12-29 11:40:00
435.08893,6.33,5.8615184,76560.0,0.77116394,2.4,0.10720996,0.03,2022-12-29 11:45:00
432.41312,6.42,5.967688,79408.0,0.72936356,2.4,0.11394334,0.03,2022-12-29 11:50:00
438.2332,6.11,6.382711,79875.0,0.7559148,2.35,0.10037054,0.01,2022-12-29 11:55:00
434.25128,6.24,6.4202957,79481.0,0.73838,2.35,0.10720996,0.03,2022-12-29 12:00:00
435.1711,5.96,6.337531,78521.0,0.75234693,2.26,0.08278538,0.07,2022-12-29 12:05:00
435.222,5.68,6.331224,72595.0,0.8140579,2.15,0.06069783,0.07,2022-12-29 12:10:00
435.6891,5.69,6.3908453,72733.0,0.815231,2.16,0.05690485,0.12,2022-12-29 12:15:00
434.78613,6.06,6.077154,79305.0,0.7428598,2.29,0.117271274,0.12,2022-12-29 12:20:00
436.35895,5.92,4.969648,93751.0,0.63549674,2.26,0.1492191,0.16,2022-12-29 12:25:00
433.45157,6.04,5.9180236,77470.0,0.75321287,2.27,0.12385166,0.1,2022-12-29 12:30:00
430.97076,5.95,5.341994,91327.0,0.6276132,2.21,0.20139715,0.11,2022-12-29 12:35:00
438.46936,6.44,2.06388,108472.0,0.55756366,2.49,0.6364879,1.28,2022-12-29 12:40:00
435.8369,6.13,4.2448673,94767.0,0.6263452,2.33,0.28103337,0.45,2022-12-29 12:45:00
436.17883,5.49,6.0842257,92265.0,0.6449025,2.08,0.13353892,0.16,2022-12-29 12:50:00
437.81015,5.77,6.1422553,99726.0,0.6036282,2.21,0.15533602,0.01,2022-12-29 12:55:00
438.78644,6.08,6.139397,90887.0,0.66694134,2.34,0.16136801,0.06,2022-12-29 13:00:00
434.87683,6.4,6.0888257,99726.0,0.59112734,2.42,0.2068259,0.05,2022-12-29 13:05:00
437.55435,6.22,5.9830008,94987.0,0.6325919,2.38,0.19589968,0.08,2022-12-29 13:10:00
446.62045,6.23,5.2317686,101356.0,0.6319236,2.48,0.27184162,0.13,2022-12-29 13:20:00
433.25293,6.65,5.3472047,108252.0,0.5382643,2.5,0.2764618,0.09,2022-12-29 13:25:00
434.01346,6.33,5.860904,100141.0,0.58504695,2.38,0.22271647,0.07,2022-12-29 13:30:00
431.62936,6.35,5.754181,102994.0,0.5591698,2.37,0.23552847,0.08,2022-12-29 13:35:00
430.37592,6.66,5.8719673,102695.0,0.5557438,2.47,0.25285304,0.08,2022-12-29 13:40:00
431.1991,6.71,6.0729814,101700.0,0.5645292,2.5,0.23044895,0.06,2022-12-29 13:45:00
430.92184,6.62,6.032164,101700.0,0.5634,2.46,0.24303806,0.09,2022-12-29 13:50:00
423.6672,6.57,5.4266567,101205.0,0.53700906,2.36,0.24551268,0.17,2022-12-29 13:55:00
435.94437,6.64,6.056319,109793.0,0.54104006,2.52,0.23804612,0.06,2022-12-29 14:00:00
435.4002,6.14,5.174882,104778.0,0.56473595,2.33,0.1903317,0.08,2022-12-29 14:05:00
440.25388,6.47,5.174785,102026.0,0.6003333,2.51,0.18469143,0.23,2022-12-29 14:10:00
434.80267,6.65,3.7476523,99648.0,0.59127593,2.52,0.17897695,0.11,2022-12-29 14:15:00
439.67142,6.96,2.928993,97556.0,0.6252583,2.7,0.2068259,0.07,2022-12-29 14:20:00
451.54306,6.6,4.7701783,94910.0,0.6982674,2.69,0.16136801,0.13,2022-12-29 14:25:00
446.23154,6.71,6.3023014,93973.0,0.67972493,2.67,0.15836251,0.07,2022-12-29 14:30:00
452.05182,6.67,6.208043,93539.0,0.71098995,2.73,0.17318627,0.08,2022-12-29 14:35:00
452.54605,6.67,6.3926206,94891.0,0.7032478,2.73,0.17318627,0.04,2022-12-29 14:40:00
443.15155,7.2,5.6065145,114947.0,0.5438446,2.83,0.3138672,0.23,2022-12-29 14:45:00
443.22406,7.37,5.820799,116596.0,0.5364262,2.9,0.3424227,0.03,2022-12-29 14:50:00
443.29053,7.22,5.9347873,113431.0,0.5516512,2.84,0.31175387,0.02,2022-12-29 14:55:00
441.27756,7.37,5.99237,114481.0,0.538902,2.87,0.31806332,0.04,2022-12-29 15:00:00
439.9969,7.32,5.99318,110309.0,0.55424637,2.83,0.31175387,0.05,2022-12-29 15:10:00
439.5651,6.6,5.275955,114539.0,0.5321488,2.55,0.28780174,0.18,2022-12-29 15:15:00
439.7208,7.67,4.886123,137728.0,0.44304007,2.97,0.51454777,0.24,2022-12-29 15:20:00
435.41898,7.51,4.3723907,133918.0,0.441911,2.85,0.48287362,0.32,2022-12-29 15:25:00
438.18576,7.4,6.0761504,121629.0,0.4962497,2.84,0.32221928,0.11,2022-12-29 15:30:00
439.32077,7.51,6.2786064,121426.0,0.5010985,2.9,0.29003462,0.05,2022-12-29 15:35:00
439.68,7.3,6.1053257,128752.0,0.47378987,2.82,0.31175387,0.07,2022-12-29 15:40:00
437.12582,7.3,5.817766,126000.0,0.47543654,2.79,0.3443923,0.24,2022-12-29 15:45:00
435.73642,7.04,6.263386,113535.0,0.5224315,2.67,0.25042,0.12,2022-12-29 15:50:00
434.1715,7.6,6.5013695,113699.0,0.51586765,2.86,0.25042,0.24,2022-12-29 15:55:00
436.72067,7.48,6.716115,117741.0,0.50731975,2.85,0.22271647,0.26,2022-12-29 16:00:00
435.91025,7.5,7.0212107,112756.0,0.5266943,2.85,0.1818436,0.15,2022-12-29 16:05:00
434.7463,7.28,7.3231955,101676.0,0.57924885,2.75,0.1105897,0.16,2022-12-29 16:10:00
430.94818,6.77,6.160024,135386.0,0.42329836,2.52,0.17609127,0.31,2022-12-29 16:15:00
429.18768,6.94,6.462863,139231.0,0.40639675,2.56,0.25767857,0.06,2022-12-29 16:20:00
431.20883,7.27,6.1144176,139719.0,0.41094372,2.7,0.32633585,0.15,2022-12-29 16:25:00
430.49863,7.22,5.805179,150042.0,0.38071197,2.68,0.38738984,0.67,2022-12-29 16:30:00
429.53082,7.42,5.3487196,133076.0,0.42625245,2.74,0.4297523,0.22,2022-12-29 16:35:00
434.79883,7.38,5.305252,134086.0,0.43940338,2.79,0.4502491,0.11,2022-12-29 16:40:00
433.5551,7.36,5.323082,131108.0,0.44539458,2.77,0.4424798,0.18,2022-12-29 16:45:00
430.9744,7.91,4.6437593,138812.0,0.41292924,2.94,0.65513843,0.89,2022-12-29 16:50:00
435.3683,6.61,6.111276,106542.0,0.555259,2.51,0.19312459,0.2,2022-12-29 16:55:00
438.11636,6.4,6.7669935,90534.0,0.6663641,2.46,0.096910015,0.15,2022-12-29 17:00:00
439.90817,6.56,6.664901,95216.0,0.64169896,2.54,0.13353892,0.09,2022-12-29 17:05:00
441.69684,6.57,5.0549083,110019.0,0.56241834,2.57,0.19865711,0.25,2022-12-29 17:10:00
436.9449,6.48,5.1121616,123120.0,0.4859312,2.48,0.2855573,0.13,2022-12-29 17:15:00
442.8259,7.14,5.4751163,144077.0,0.43289635,2.8,0.3598355,0.2,2022-12-29 17:20:00
434.8682,6.94,4.906628,123450.0,0.47749794,2.63,0.32221928,0.09,2022-12-29 17:25:00
438.3948,6.84,5.551801,129558.0,0.46657127,2.63,0.2855573,0.08,2022-12-29 17:30:00
435.992,6.7,5.6735616,131061.0,0.45339668,2.55,0.29446626,0.33,2022-12-29 17:35:00
433.87952,7.15,5.288601,135630.0,0.43154848,2.69,0.37106785,0.08,2022-12-29 17:40:00
437.27005,6.93,5.046801,140614.0,0.42646223,2.65,0.3673559,0.13,2022-12-29 17:45:00
443.28287,6.8,5.6670985,147036.0,0.42554873,2.67,0.35602587,0.19,2022-12-29 17:50:00
444.83563,7.35,5.7433524,140713.0,0.44953784,2.91,0.35218254,0.08,2022-12-29 17:55:00
445.90366,6.95,5.8979063,143460.0,0.444234,2.77,0.34830487,0.72,2022-12-29 18:00:00
445.03763,6.68,7.0219727,139965.0,0.45257947,2.65,0.15836251,0.23,2022-12-29 18:05:00
448.43738,6.49,7.471954,134950.0,0.48065123,2.61,0.08635984,0.1,2022-12-29 18:10:00
448.51364,6.67,7.4080567,145652.0,0.4455705,2.68,0.1398791,0.19,2022-12-29 18:15:00
447.1702,7.17,6.506389,124080.0,0.5181738,2.87,0.1398791,0.5,2022-12-29 18:20:00
444.60596,8.06,6.4951825,133264.0,0.4739029,3.18,0.21218762,0.44,2022-12-29 18:25:00
442.3105,7.64,6.0972867,125696.0,0.49440476,2.99,0.13033378,0.09,2022-12-29 18:30:00
440.9256,7.74,6.2059164,123882.0,0.496771,3.01,0.1430148,0.19,2022-12-29 18:35:00
442.61404,8.13,6.2580028,142254.0,0.43779132,3.18,0.24303806,0.32,2022-12-29 18:40:00
437.09857,7.94,6.1168046,128131.0,0.46743864,3.03,0.15836251,0.22,2022-12-29 18:45:00
434.0462,7.73,6.809383,124790.0,0.46959656,2.92,0.16731733,0.19,2022-12-29 18:50:00
431.7151,7.97,6.767614,138702.0,0.41547176,2.97,0.1492191,0.11,2022-12-29 18:55:00
440.19043,8.36,7.3865147,144230.0,0.4244757,3.24,0.20951504,0.09,2022-12-29 19:00:00
439.79938,8.05,7.2684107,133642.0,0.45683974,3.11,0.20412001,0.13,2022-12-29 19:05:00
437.1247,8.01,7.2609777,138985.0,0.43101436,3.06,0.21748395,0.05,2022-12-29 19:10:00
437.0725,8.13,7.187079,129804.0,0.4613284,3.11,0.21484385,0.18,2022-12-29 19:15:00
437.8214,7.16,6.8617196,129912.0,0.46340802,2.75,0.13672057,0.09,2022-12-29 19:20:00
432.07974,7.47,6.567602,122671.0,0.4710031,2.79,0.20412001,0.18,2022-12-29 19:25:00
443.1344,8.44,4.074923,129350.0,0.48322976,3.32,0.3096302,0.23,2022-12-29 19:30:00
453.09338,8.51,5.823178,132510.0,0.5054974,3.49,0.3443923,0.13,2022-12-29 19:35:00
451.0597,8.09,5.560953,126406.0,0.5225382,3.29,0.35410845,0.25,2022-12-29 19:40:00
438.6985,7.99,5.086197,134846.0,0.449242,3.08,0.35410845,0.32,2022-12-29 19:45:00
434.04346,7.39,5.5730243,157441.0,0.3722016,2.78,0.42813483,0.26,2022-12-29 19:50:00
437.7125,7.51,3.9718637,168883.0,0.35619715,2.88,0.5921768,0.49,2022-12-29 19:55:00
430.04047,7.06,3.2971957,176233.0,0.32305947,2.61,0.5774918,0.37,2022-12-29 20:00:00
437.42395,6.67,5.2448645,155862.0,0.38516307,2.55,0.363612,0.29,2022-12-29 20:05:00
435.09045,6.49,4.6088066,161129.0,0.3664204,2.46,0.49968714,0.46,2022-12-29 20:10:00
429.36523,6.78,4.682233,158240.0,0.35803792,2.5,0.5550945,0.12,2022-12-29 20:15:00
432.80496,7.13,4.490813,168272.0,0.34516048,2.67,0.5831988,0.27,2022-12-29 20:20:00
431.59583,7.2,4.4822316,164445.0,0.35013053,2.69,0.5289167,0.22,2022-12-29 20:25:00
436.75848,7.02,5.253618,158081.0,0.3779609,2.68,0.43775058,0.12,2022-12-29 20:30:00
429.9366,6.24,5.9166374,132534.0,0.42925552,2.31,0.2624511,0.04,2022-12-29 20:35:00
435.09683,6.74,5.291597,146324.0,0.4035131,2.55,0.3598355,0.14,2022-12-29 20:40:00
435.92972,6.74,4.9262056,150184.0,0.39548957,2.56,0.376577,0.19,2022-12-29 20:45:00
434.68878,6.82,5.66828,160461.0,0.3668894,2.58,0.41161972,0.03,2022-12-29 20:55:00
434.68878,6.82,5.648221,160461.0,0.3668894,2.58,0.41161972,0.03,2022-12-29 21:00:00
428.26544,6.41,5.704858,151856.0,0.37012288,2.35,0.35410845,0.03,2022-12-29 21:10:00
426.2881,6.16,5.563551,160461.0,0.34526435,2.24,0.363612,0.07,2022-12-29 21:25:00
440.26926,7.29,5.3305254,160461.0,0.38175172,2.83,0.46686766,0.13,2022-12-29 21:30:00
431.85437,7.24,4.8291717,159225.0,0.36228386,2.7,0.40312052,0.14,2022-12-29 21:50:00
431.61578,6.94,5.8589506,155088.0,0.37130857,2.59,0.3443923,0.07,2022-12-29 21:55:00
434.05072,7.23,5.5702515,161867.0,0.36204317,2.72,0.35218254,0.18,2022-12-29 22:00:00
440.09787,7.42,3.7080183,169410.0,0.36114785,2.88,0.43933272,0.28,2022-12-29 22:05:00
440.8521,7.51,5.228327,171221.0,0.35923788,2.92,0.44715804,0.2,2022-12-29 22:10:00
457.7349,7.35,4.0589285,174909.0,0.395307,3.08,0.3324385,0.15,2022-12-29 22:15:00
475.21567,7.68,6.917304,145337.0,0.53461355,3.47,0.23804612,0.31,2022-12-29 22:20:00
471.1936,7.8,7.6583095,144891.0,0.52225614,3.46,0.17318627,0.08,2022-12-29 22:25:00
469.61346,7.73,7.5444417,130464.0,0.5739748,3.41,0.16731733,0.22,2022-12-29 22:30:00
475.16895,7.85,7.650137,151684.0,0.51208663,3.54,0.1903317,0.19,2022-12-29 22:35:00
476.97668,8.25,7.6589885,152409.0,0.51571083,3.76,0.19865711,0.04,2022-12-29 22:40:00
487.16476,8.1,7.6111298,150136.0,0.5591205,3.84,0.19865711,0.15,2022-12-29 22:45:00
482.50668,8.51,6.9297333,146019.0,0.55794543,3.96,0.27415785,0.53,2022-12-29 22:50:00
486.6648,8.87,7.183704,158597.0,0.5276028,4.2,0.3138672,0.25,2022-12-29 22:55:00
487.8573,8.27,7.4963655,154317.0,0.5463827,3.94,0.22788674,0.16,2022-12-29 23:00:00
494.70593,7.88,7.9503775,156163.0,0.56387085,3.86,0.16731733,0.18,2022-12-29 23:10:00
501.0954,8.07,8.622981,128334.0,0.71411103,4.06,0.05690485,0.33,2022-12-29 23:15:00
499.49677,9.07,8.583723,115697.0,0.7842695,4.53,0.096910015,0.19,2022-12-29 23:20:00
497.60974,9.44,8.530991,110575.0,0.8109859,4.68,0.10720996,0.22,2022-12-29 23:25:00
498.35968,9.01,8.5738325,116803.0,0.7713514,4.48,0.10037054,0.2,2022-12-29 23:30:00
495.9822,8.53,8.087868,141035.0,0.629382,4.21,0.09342169,0.4,2022-12-29 23:35:00
477.2812,9.67,9.196815,163687.0,0.48113337,4.4,0.13672057,0.13,2022-12-29 23:40:00
476.22888,9.72,8.665529,161321.0,0.48484692,4.41,0.17026173,0.38,2022-12-29 23:45:00
481.68872,8.89,9.50777,161507.0,0.501783,4.12,0.07188199,0.18,2022-12-29 23:50:00
482.9135,10.57,9.098208,172878.0,0.47249886,4.93,0.19865711,0.11,2022-12-30 00:00:00
486.0739,10.72,9.415955,159241.0,0.5234855,5.06,0.12385166,0.19,2022-12-30 00:05:00
489.2949,11.48,8.876024,174024.0,0.48896712,5.5,0.26007143,0.16,2022-12-30 00:10:00
489.751,11.73,8.664699,144351.0,0.5911922,5.63,0.18752073,0.23,2022-12-30 00:15:00
493.938,11.92,8.338322,143410.0,0.61105186,5.82,0.23044895,0.41,2022-12-30 00:20:00
505.2438,14.52,5.104322,145854.0,0.644667,7.41,0.46538287,0.24,2022-12-30 00:25:00
512.7332,12.93,7.245833,130254.0,0.75571185,6.8,0.376577,0.04,2022-12-30 00:30:00
506.8541,12.85,7.0165944,153070.0,0.62039137,6.6,0.47421628,0.23,2022-12-30 00:40:00
509.10214,13.38,6.7452283,144668.0,0.66552824,6.94,0.5237465,0.03,2022-12-30 00:45:00
520.3634,11.45,6.70288,153312.0,0.6722673,6.21,0.38201708,0.08,2022-12-30 00:50:00
517.5541,11.28,6.7448797,146398.0,0.69225216,6.04,0.37474835,0.17,2022-12-30 00:55:00
512.1936,11.39,6.2614217,141239.0,0.6946548,5.98,0.37106785,0.11,2022-12-30 01:00:00
508.8562,11.68,5.8359237,154470.0,0.6223598,6.04,0.41497335,0.13,2022-12-30 01:05:00
504.79453,11.17,5.279498,159222.0,0.5889087,5.69,0.48287362,0.74,2022-12-30 01:10:00
500.03925,11.35,5.216407,154902.0,0.5877571,5.68,0.44404483,0.72,2022-12-30 01:15:00
506.05014,11.45,6.0351386,139518.0,0.67729753,5.87,0.36172783,0.14,2022-12-30 01:20:00
510.22314,11.43,7.3128996,134513.0,0.72068965,5.96,0.3138672,0.1,2022-12-30 01:25:00
512.09424,11.5,7.744508,137360.0,0.71384037,6.03,0.31806332,0.08,2022-12-30 01:30:00
510.30536,12.02,7.876351,148840.0,0.6516446,6.26,0.35218254,0.07,2022-12-30 01:35:00
513.97095,12.81,7.9012785,137655.0,0.7204684,6.77,0.3344538,0.12,2022-12-30 01:45:00
517.47327,11.76,8.210025,127893.0,0.79202986,6.3,0.26717174,0.25,2022-12-30 01:50:00
509.29105,9.87,6.835912,165940.0,0.580884,5.13,0.22010809,0.41,2022-12-30 01:55:00
496.7274,8.76,8.98793,172592.0,0.516714,4.32,0.10720996,0.08,2022-12-30 02:00:00
501.24,8.05,8.952961,169503.0,0.541153,4.04,0.08635984,0.33,2022-12-30 02:05:00
503.20734,8.97,4.3623505,208592.0,0.44513932,4.55,0.2764618,1.15,2022-12-30 02:10:00
503.4604,7.48,9.508575,171781.0,0.54137486,3.79,-0.013228253,0.37,2022-12-30 02:15:00
511.29178,8.52,7.9202714,175839.0,0.5549144,4.46,0.10037054,0.12,2022-12-30 02:20:00
522.7026,9.52,8.6164665,177318.0,0.5894258,5.2,0.12710482,0.14,2022-12-30 02:25:00
513.9087,9.05,9.403522,243951.0,0.40638775,4.78,0.19312459,0.21,2022-12-30 02:30:00
516.56696,9.08,9.17327,173814.0,0.57960695,4.84,0.06818584,0.15,2022-12-30 02:35:00
504.27985,9.08,8.209714,203153.0,0.4600962,4.63,0.14612804,0.09,2022-12-30 02:40:00
498.68594,8.97,8.001956,207755.0,0.4345498,4.46,0.16731733,0.04,2022-12-30 02:45:00
503.84134,9.41,8.1695595,216308.0,0.43094635,4.78,0.21484385,0.15,2022-12-30 02:50:00
506.87387,9.5,8.01589,209608.0,0.45310697,4.88,0.19865711,0.09,2022-12-30 02:55:00
504.02518,9.38,8.192978,208656.0,0.44725803,4.77,0.19589968,0.06,2022-12-30 03:00:00
497.66144,9.23,8.525574,209046.0,0.4291102,4.58,0.21218762,0.42,2022-12-30 03:05:00
490.32895,8.99,6.9019055,213321.0,0.40152198,4.34,0.31175387,0.13,2022-12-30 03:10:00
492.34552,8.67,7.0030923,232012.0,0.37392223,4.21,0.32221928,0.2,2022-12-30 03:15:00
496.1265,9.32,7.717422,232375.0,0.38233584,4.59,0.30749604,0.37,2022-12-30 03:20:00
485.7736,8.84,8.397821,226296.0,0.3676606,4.17,0.23299614,0.44,2022-12-30 03:25:00
485.1295,8.97,8.631581,201972.0,0.41024098,4.22,0.17897695,0.16,2022-12-30 03:30:00
486.7293,9.22,8.60712,210367.0,0.39792714,4.37,0.22530928,0.07,2022-12-30 03:35:00
476.83698,9.1,8.546631,219479.0,0.3577897,4.14,0.22788674,0.07,2022-12-30 03:40:00
487.14453,8.57,8.244337,204745.0,0.40994045,4.07,0.15228835,0.16,2022-12-30 03:45:00
498.44202,7.27,10.078879,186160.0,0.48422056,3.62,-0.045757502,0.3,2022-12-30 03:50:00
504.0902,7.83,9.796193,203984.0,0.45768565,3.98,0.02118928,0.31,2022-12-30 03:55:00
508.36588,8.13,8.257996,189767.0,0.5050817,4.2,0.025305841,0.18,2022-12-30 04:00:00
526.18884,8.27,10.6809225,159839.0,0.6675539,4.58,-0.07058106,0.14,2022-12-30 04:05:00
520.90375,8.03,9.215107,193934.0,0.5331719,4.36,-0.022276402,0.22,2022-12-30 04:15:00
514.62213,9.0,10.477027,192844.0,0.5163125,4.77,-0.013228253,0.15,2022-12-30 04:20:00
514.04193,8.42,10.667938,182936.0,0.54236853,4.45,-0.07058106,0.07,2022-12-30 04:25:00
511.54388,7.45,10.659437,190483.0,0.51304024,3.9,-0.12493874,0.06,2022-12-30 04:30:00
508.71463,7.26,11.219607,183290.0,0.5240476,3.76,-0.13667715,0.11,2022-12-30 04:35:00
494.30222,7.3,10.538211,164853.0,0.53279144,3.57,-0.15490197,0.08,2022-12-30 04:40:00
494.96472,7.27,10.595003,179704.0,0.49080285,3.56,-0.12493874,0.18,2022-12-30 04:45:00
494.10645,7.03,11.571041,145654.0,0.6022767,3.43,-0.22184876,0.04,2022-12-30 04:50:00
498.77243,6.89,10.407766,181466.0,0.49777174,3.43,-0.16115092,0.08,2022-12-30 04:55:00
498.6753,6.49,11.145447,174679.0,0.51679885,3.23,-0.19382004,0.06,2022-12-30 05:00:00
498.04083,6.83,11.21058,164231.0,0.5475022,3.39,-0.18708667,0.1,2022-12-30 05:05:00
508.98526,6.68,11.160121,162202.0,0.5931606,3.46,-0.19382004,0.06,2022-12-30 05:10:00
496.14532,5.92,11.176377,143413.0,0.6195797,2.92,-0.27572417,0.08,2022-12-30 05:15:00
488.3409,6.31,10.94874,147423.0,0.57370025,3.01,-0.23657204,0.05,2022-12-30 05:20:00
492.88803,6.61,10.471628,160476.0,0.5424635,3.21,-0.17392519,0.11,2022-12-30 05:25:00
494.95258,6.63,10.19001,170098.0,0.5184805,3.26,-0.12493874,0.19,2022-12-30 05:30:00
497.4985,7.17,9.080694,225188.0,0.39794478,3.55,0.045322984,0.07,2022-12-30 05:35:00
504.36255,7.24,8.335598,251695.0,0.37155154,3.68,0.10037054,0.29,2022-12-30 05:40:00
518.9385,9.69,7.478188,191766.0,0.53289217,5.22,0.18752073,0.32,2022-12-30 05:45:00
518.6774,8.97,6.3604794,199326.0,0.5118783,4.82,0.07188199,0.42,2022-12-30 05:50:00
457.51547,8.2,8.527602,190508.0,0.36239755,3.44,0.041392695,0.45,2022-12-30 05:55:00
475.89313,8.79,9.374199,195554.0,0.39909416,4.02,0.08990512,0.45,2022-12-30 06:00:00
474.9794,9.2,9.05714,190562.0,0.407106,4.17,0.117271274,0.25,2022-12-30 06:05:00
496.45605,8.35,7.0419955,212147.0,0.41965774,4.13,0.096910015,0.12,2022-12-30 06:10:00
488.91046,8.07,8.125761,192524.0,0.4409012,3.87,0.041392695,0.09,2022-12-30 06:15:00
485.27203,8.84,8.526253,206812.0,0.40100664,4.17,0.096910015,0.13,2022-12-30 06:20:00
483.44983,8.12,8.740967,185186.0,0.44262198,3.79,0.02118928,0.22,2022-12-30 06:25:00
464.79718,8.5,9.346518,230075.0,0.31519333,3.68,0.08278538,0.11,2022-12-30 06:30:00
473.94153,8.51,9.400926,182608.0,0.42195547,3.82,0.033423774,0.13,2022-12-30 06:35:00
481.6342,8.65,9.720217,196570.0,0.41213256,4.02,0.06069783,0.21,2022-12-30 06:40:00
485.03696,8.78,9.731161,203152.0,0.40761596,4.14,0.041392695,0.11,2022-12-30 06:45:00
490.6739,9.19,8.128488,238547.0,0.3598485,4.46,0.09342169,0.12,2022-12-30 06:50:00
498.82846,8.85,9.893867,212289.0,0.42564732,4.41,0.033423774,0.12,2022-12-30 06:55:00
493.9594,9.28,10.096267,196451.0,0.44613048,4.54,0.0293838,0.13,2022-12-30 07:00:00
498.8941,8.91,8.65668,203772.0,0.4436196,4.43,0.0293838,0.2,2022-12-30 07:05:00
476.46625,8.21,8.576836,175114.0,0.44735095,3.73,-0.045757502,0.16,2022-12-30 07:15:00
481.72455,9.03,8.577161,207776.0,0.39013273,4.22,0.037426513,0.09,2022-12-30 07:20:00
484.72354,8.81,9.665392,183891.0,0.44940507,4.15,-0.026872149,0.12,2022-12-30 07:25:00
506.37912,7.42,10.018837,232550.0,0.40716645,3.82,0.00432137,0.26,2022-12-30 07:30:00
509.11334,8.21,8.819269,301046.0,0.3198422,4.27,0.096910015,0.13,2022-12-30 07:35:00
475.31165,7.57,8.79692,213781.0,0.3636805,3.49,0.02118928,0.04,2022-12-30 07:40:00
493.28397,8.41,10.10151,215308.0,0.4053274,4.1,0.017033322,0.1,2022-12-30 07:45:00
506.8151,7.73,9.337285,282009.0,0.33665794,3.99,0.08278538,0.24,2022-12-30 07:55:00
487.1351,7.31,6.212552,221799.0,0.37839752,3.54,0.033423774,0.51,2022-12-30 08:05:00
479.23114,7.97,8.714344,230540.0,0.3459757,3.7,0.06069783,0.07,2022-12-30 08:10:00
468.8137,8.27,8.077691,231969.0,0.32110655,3.66,0.08635984,0.04,2022-12-30 08:15:00
480.75455,8.17,9.695261,229547.0,0.35092247,3.79,0.049218025,0.13,2022-12-30 08:20:00
489.35526,7.81,9.848117,235494.0,0.36147285,3.75,0.0293838,0.19,2022-12-30 08:25:00
487.05988,7.37,9.653341,243337.0,0.34473938,3.5,0.008600163,0.17,2022-12-30 08:30:00
492.68237,6.98,9.366077,184944.0,0.4700847,3.39,-0.07058106,0.11,2022-12-30 08:35:00
502.60263,6.98,9.254237,246692.0,0.37498406,3.51,-0.0043648016,0.26,2022-12-30 08:40:00
495.7938,7.95,10.170482,279941.0,0.31670943,3.93,0.037426513,0.17,2022-12-30 08:45:00
493.10947,7.94,9.654268,230436.0,0.37830105,3.88,0.00432137,0.31,2022-12-30 08:50:00
489.41727,9.08,8.697362,330438.0,0.2577133,4.35,0.1818436,0.28,2022-12-30 08:55:00
481.01913,7.1,9.102763,250092.0,0.3226464,3.3,-0.031517047,0.37,2022-12-30 09:00:00
485.31644,7.86,9.649047,256203.0,0.32379252,3.72,-0.013228253,0.05,2022-12-30 09:05:00
494.37015,8.91,10.376691,280535.0,0.31322235,4.36,0.07554698,0.05,2022-12-30 09:10:00
488.87592,9.06,10.5464735,293079.0,0.28956488,4.33,0.096910015,0.05,2022-12-30 09:15:00
485.33347,8.26,10.754464,277929.0,0.29851395,3.89,0.041392695,0.05,2022-12-30 09:20:00
477.528,7.06,9.748995,217075.0,0.3633865,3.22,-0.09151498,0.04,2022-12-30 10:05:00
474.21063,7.69,9.96668,267837.0,0.28819287,3.48,0.017033322,0.11,2022-12-30 10:10:00
482.964,7.86,8.531155,236418.0,0.34562197,3.7,-0.008773916,0.13,2022-12-30 10:15:00
483.85883,7.56,11.12361,219283.0,0.3747826,3.6,-0.05061,0.11,2022-12-30 10:20:00
479.78403,7.44,11.631698,214906.0,0.3724793,3.43,-0.09691001,0.09,2022-12-30 10:25:00
478.04056,7.23,11.223444,239953.0,0.3298396,3.31,-0.060480744,0.12,2022-12-30 10:30:00
476.23,7.29,11.223747,224383.0,0.3485851,3.31,-0.09151498,0.12,2022-12-30 10:35:00
489.91562,7.15,10.588739,251834.0,0.33922547,3.44,0.02118928,0.42,2022-12-30 10:40:00
486.47403,7.4,9.886379,254932.0,0.32782915,3.51,0.02118928,0.18,2022-12-30 10:45:00
492.50372,7.15,11.579853,232562.0,0.37341112,3.47,-0.09691001,0.34,2022-12-30 10:50:00
500.71793,7.33,11.236561,228902.0,0.39942855,3.67,-0.07058106,0.36,2022-12-30 10:55:00
493.10004,6.86,11.407639,218560.0,0.3988332,3.34,-0.12493874,0.18,2022-12-30 11:00:00
500.95453,7.37,11.156097,272430.0,0.33610302,3.7,-0.026872149,0.06,2022-12-30 11:05:00
513.43756,6.93,11.822579,234239.0,0.42203066,3.65,-0.13667715,0.07,2022-12-30 11:10:00
523.2497,6.78,11.881856,238662.0,0.4393524,3.71,-0.14874166,0.14,2022-12-30 11:15:00
506.62265,7.14,11.668959,205998.0,0.46033648,3.67,-0.15490197,0.06,2022-12-30 11:20:00
502.78323,7.0,11.784145,208648.0,0.44385317,3.54,-0.16115092,0.05,2022-12-30 11:25:00
504.13153,7.2,11.644715,229443.0,0.40700468,3.66,-0.119186416,0.11,2022-12-30 11:30:00
500.1486,7.1,11.932481,219383.0,0.4152863,3.56,-0.16115092,0.09,2022-12-30 11:35:00
507.37375,7.3,12.101057,199349.0,0.47788915,3.76,-0.17392519,0.18,2022-12-30 11:40:00
508.1149,7.53,9.69617,198845.0,0.48128247,3.9,-0.13076828,0.33,2022-12-30 11:45:00
513.44305,6.88,11.723771,218145.0,0.4531818,3.63,-0.16115092,0.26,2022-12-30 11:50:00
529.6878,6.65,12.052207,202562.0,0.5377389,3.73,-0.24412516,0.21,2022-12-30 11:55:00
531.8049,7.39,8.748583,221685.0,0.49749178,4.18,-0.16115092,0.67,2022-12-30 12:00:00
518.27,6.47,12.202156,189878.0,0.5360357,3.47,-0.24412516,0.17,2022-12-30 12:05:00
518.9954,5.99,12.361756,170422.0,0.5998376,3.23,-0.3187588,0.06,2022-12-30 12:10:00
515.1191,5.94,12.064747,162007.0,0.6164387,3.15,-0.30980393,0.17,2022-12-30 12:15:00
515.3277,6.13,11.826627,170004.0,0.58818233,3.26,-0.26760623,0.02,2022-12-30 12:20:00
515.8565,6.21,11.831225,175114.0,0.57284456,3.3,-0.25181198,0.04,2022-12-30 12:25:00
519.31,6.68,11.717995,181684.0,0.56371796,3.6,-0.20760833,0.01,2022-12-30 12:30:00
526.7478,5.46,11.9668665,144077.0,0.743036,3.03,-0.36653155,0.02,2022-12-30 12:35:00
521.98926,5.86,11.988666,171230.0,0.6077931,3.19,-0.29242983,0.03,2022-12-30 12:40:00
519.724,6.08,11.912514,186355.0,0.5509533,3.29,-0.25181198,0.01,2022-12-30 12:50:00
530.4859,5.72,11.843973,157360.0,0.6954573,3.22,-0.32790217,0.05,2022-12-30 12:55:00
537.36053,5.61,11.957959,166118.0,0.6857342,3.24,-0.3187588,0.04,2022-12-30 13:05:00
525.7891,5.35,11.68656,155242.0,0.6856974,2.95,-0.3372422,0.05,2022-12-30 13:15:00
522.28613,5.74,11.34332,168705.0,0.6179829,3.13,-0.29242983,0.03,2022-12-30 13:20:00
512.102,5.83,8.079684,165920.0,0.590994,3.07,-0.27572417,0.13,2022-12-30 13:25:00
506.23965,5.64,7.7314034,172158.0,0.5495266,2.91,-0.21467017,0.39,2022-12-30 13:30:00
494.507,5.6,9.328998,175190.0,0.50200117,2.74,-0.20065947,0.33,2022-12-30 13:35:00
502.66507,5.58,10.321356,152031.0,0.6087005,2.82,-0.26760623,0.16,2022-12-30 13:40:00
516.30817,4.85,11.14756,143726.0,0.699851,2.58,-0.36653155,0.02,2022-12-30 13:45:00
512.65607,4.97,9.315009,153241.0,0.64205,2.61,-0.30103,0.31,2022-12-30 13:50:00
507.47284,5.31,9.700793,197946.0,0.48156902,2.74,-0.19382004,0.14,2022-12-30 13:55:00
502.10068,4.51,10.589944,129624.0,0.71142906,2.27,-0.37675074,0.09,2022-12-30 14:00:00
508.81116,4.71,10.174031,144173.0,0.6666257,2.45,-0.32790217,0.12,2022-12-30 14:05:00
512.0714,4.95,10.262918,155124.0,0.6320074,2.6,-0.29242983,0.09,2022-12-30 14:10:00
516.54877,4.77,10.687534,142190.0,0.7084377,2.54,-0.3372422,0.04,2022-12-30 14:15:00
514.05896,4.97,10.820587,150323.0,0.660105,2.63,-0.30980393,0.03,2022-12-30 14:20:00
505.64313,4.5,10.283648,138835.0,0.6789268,2.31,-0.35654733,0.03,2022-12-30 14:25:00
509.9897,4.96,8.284781,152973.0,0.63281834,2.61,-0.26760623,0.09,2022-12-30 14:30:00
524.0232,5.48,7.9784956,157207.0,0.67007196,3.02,-0.22914802,0.17,2022-12-30 14:35:00
518.56335,4.96,8.075394,154933.0,0.658096,2.67,-0.30980393,0.13,2022-12-30 14:40:00
514.0033,5.53,9.664051,182743.0,0.5428143,2.92,-0.20760833,0.14,2022-12-30 14:45:00
530.1021,5.63,7.6461034,181213.0,0.6025556,3.18,-0.18045606,0.17,2022-12-30 14:50:00
529.75616,5.56,7.6988177,152179.0,0.7160595,3.14,-0.22914802,0.08,2022-12-30 14:55:00
530.08936,5.46,7.8403573,140276.0,0.7783422,3.09,-0.23657204,0.16,2022-12-30 15:00:00
540.9957,6.51,9.900853,172220.0,0.6754667,3.81,-0.09151498,0.08,2022-12-30 15:05:00
537.55066,6.37,8.995343,196834.0,0.57936287,3.68,-0.060480744,0.06,2022-12-30 15:10:00
539.0671,6.58,9.513307,249501.0,0.46109134,3.83,0.033423774,0.12,2022-12-30 15:15:00
533.7115,5.93,8.640938,200426.0,0.55642486,3.39,-0.07572073,0.33,2022-12-30 15:20:00
531.2738,6.05,8.663983,217995.0,0.50434166,3.41,0.00432137,0.41,2022-12-30 15:25:00
529.1677,5.78,8.607729,219113.0,0.4956022,3.24,0.008600163,0.14,2022-12-30 15:30:00
530.02094,5.71,8.675379,232378.0,0.46966082,3.21,0.053078443,0.05,2022-12-30 15:35:00
527.5532,5.36,8.834801,211528.0,0.5085133,2.99,-0.022276402,0.08,2022-12-30 15:40:00
533.06433,5.41,8.925341,208484.0,0.5329022,3.08,-0.0409586,0.21,2022-12-30 15:45:00
536.73676,5.42,8.645935,201959.0,0.56200343,3.13,-0.07058106,0.17,2022-12-30 15:50:00
547.7778,5.29,7.0014,243795.0,0.49602777,3.18,0.041392695,0.04,2022-12-30 15:55:00
555.3762,6.25,7.9841843,279038.0,0.4523682,3.86,0.17026173,0.1,2022-12-30 16:00:00
554.6491,5.4,4.9675546,257437.0,0.4883298,3.34,0.07188199,0.08,2022-12-30 16:05:00
558.9574,4.95,7.9124837,235816.0,0.5460996,3.11,-0.026872149,0.16,2022-12-30 16:10:00
551.2262,4.64,8.792553,215670.0,0.5717752,2.82,-0.12493874,0.13,2022-12-30 16:15:00
548.1629,4.52,8.715612,202903.0,0.5972999,2.72,-0.13667715,0.32,2022-12-30 16:20:00
554.8925,5.07,7.642683,270469.0,0.4654359,3.13,0.049218025,0.13,2022-12-30 16:25:00
559.5282,5.24,7.9555955,256189.0,0.5042717,3.29,0.045322984,0.04,2022-12-30 16:30:00
548.07196,5.1,7.127763,257049.0,0.4712385,3.07,0.02118928,0.17,2022-12-30 16:35:00
568.60834,5.92,7.704817,294679.0,0.46093482,3.83,0.17609127,0.05,2022-12-30 16:40:00
562.87305,5.67,7.831098,286987.0,0.45858598,3.6,0.1430148,0.07,2022-12-30 16:45:00
546.22266,4.96,7.184226,264398.0,0.45334506,2.96,0.06069783,0.07,2022-12-30 16:50:00
570.7737,5.38,6.4974,312789.0,0.43941608,3.52,0.16731733,0.21,2022-12-30 16:55:00
565.34576,5.04,7.28412,266982.0,0.49972054,3.23,0.10380372,0.15,2022-12-30 17:00:00
542.1581,4.91,7.2135844,286373.0,0.40893775,2.89,0.15228835,0.08,2022-12-30 17:05:00
537.19086,4.86,7.92532,346528.0,0.32840312,2.81,0.17609127,0.05,2022-12-30 17:10:00
553.2369,5.48,7.8275027,283053.0,0.4406257,3.35,0.17026173,0.12,2022-12-30 17:15:00
548.70123,4.8,7.1535306,338458.0,0.35917267,2.89,0.19589968,0.17,2022-12-30 17:20:00
556.5644,5.63,7.188359,333687.0,0.38080746,3.53,0.2988531,0.21,2022-12-30 17:25:00
578.4562,5.78,7.6576366,284728.0,0.50323755,3.88,0.20951504,0.24,2022-12-30 17:30:00
553.87256,5.3,7.647189,242288.0,0.51660454,3.27,0.08990512,0.16,2022-12-30 17:35:00
542.3168,5.08,8.04291,269598.0,0.43477875,2.99,0.10720996,0.08,2022-12-30 17:40:00
544.341,5.08,8.064992,291390.0,0.40695566,3.01,0.12710482,0.03,2022-12-30 17:45:00
542.41534,5.48,8.062759,296450.0,0.39562082,3.22,0.17026173,0.02,2022-12-30 18:00:00
546.7161,5.42,8.100179,274189.0,0.43838724,3.24,0.13353892,0.11,2022-12-30 18:05:00
549.11646,5.41,8.256034,260355.0,0.46802038,3.27,0.10037054,0.02,2022-12-30 18:10:00
549.9013,5.29,8.3265,259631.0,0.47141683,3.2,0.07918126,0.04,2022-12-30 18:15:00
547.06274,5.16,8.147767,234193.0,0.5142697,3.1,0.0293838,0.09,2022-12-30 18:20:00
554.49146,5.22,8.173133,220067.0,0.5707487,3.22,-0.0043648016,0.12,2022-12-30 18:25:00
547.6627,4.93,8.039919,227251.0,0.53179103,2.96,-0.045757502,0.1,2022-12-30 18:30:00
542.1661,5.01,8.428748,242150.0,0.48364282,2.95,-0.026872149,0.3,2022-12-30 18:35:00
552.35657,4.97,9.420138,175485.0,0.7072037,3.03,-0.16115092,0.02,2022-12-30 18:40:00
553.96094,5.04,9.523392,184307.0,0.67946017,3.09,-0.14874166,0.06,2022-12-30 18:45:00
559.9631,5.07,9.657707,178591.0,0.72512984,3.19,-0.16115092,0.03,2022-12-30 18:50:00
554.6684,5.14,9.475089,191766.0,0.65563136,3.16,-0.12493874,0.1,2022-12-30 18:55:00
556.98346,4.98,8.989344,199636.0,0.63800406,3.09,-0.08618615,0.08,2022-12-30 19:00:00
554.17737,5.13,8.959576,204440.0,0.613293,3.15,-0.060480744,0.03,2022-12-30 19:05:00
556.95166,4.97,9.015348,196924.0,0.6466756,3.08,-0.08618615,0.04,2022-12-30 19:10:00
555.1947,5.12,8.868691,206290.0,0.6112731,3.16,-0.045757502,0.07,2022-12-30 19:15:00
554.51636,5.02,8.841612,201003.0,0.6249684,3.09,-0.060480744,0.09,2022-12-30 19:20:00
551.27826,4.72,8.59729,183994.0,0.6704077,2.87,-0.09691001,0.08,2022-12-30 19:25:00
554.6925,4.58,8.590652,202531.0,0.62086695,2.82,-0.07572073,0.21,2022-12-30 19:30:00
562.0274,4.92,8.461164,211959.0,0.61801416,3.11,-0.036212165,0.29,2022-12-30 19:35:00
562.5802,4.96,8.736509,189296.0,0.69412535,3.14,-0.07058106,0.07,2022-12-30 19:40:00
571.51245,5.34,8.590535,233852.0,0.5901128,3.49,0.037426513,0.22,2022-12-30 19:45:00
570.02856,5.33,8.418515,246363.0,0.55563027,3.47,0.045322984,0.25,2022-12-30 19:50:00
561.23566,4.92,8.32214,212034.0,0.61509037,3.1,-0.017728778,0.06,2022-12-30 19:55:00
556.3218,4.97,8.580927,204079.0,0.62180895,3.08,-0.0409586,0.04,2022-12-30 20:00:00
559.4264,5.15,8.479812,208882.0,0.61812747,3.22,-0.013228253,0.04,2022-12-30 20:05:00
556.85834,5.01,8.47645,213466.0,0.596252,3.1,-0.013228253,0.1,2022-12-30 20:10:00
558.28754,4.77,8.109223,193425.0,0.66330206,2.97,-0.05061,0.2,2022-12-30 20:15:00
562.384,4.71,8.303396,216386.0,0.6065668,2.98,-0.026872149,0.29,2022-12-30 20:20:00
568.6394,5.39,7.7268753,274703.0,0.49453744,3.49,0.17318627,0.12,2022-12-30 20:25:00
566.61993,5.12,7.1439834,242436.0,0.5541861,3.3,0.1105897,0.2,2022-12-30 20:30:00
574.6631,5.12,6.849066,240059.0,0.58477765,3.38,0.10037054,0.04,2022-12-30 20:35:00
578.07886,5.4,6.961738,273208.0,0.52339274,3.61,0.17318627,0.06,2022-12-30 20:40:00
563.7619,4.24,7.756971,210600.0,0.6279974,2.7,-0.017728778,0.04,2022-12-30 20:45:00
557.5266,4.33,7.5499077,247956.0,0.51523507,2.7,0.049218025,0.08,2022-12-30 20:50:00
559.01855,4.54,7.247786,225145.0,0.57217735,2.84,0.033423774,0.03,2022-12-30 20:55:00
557.9631,4.09,6.8576164,247808.0,0.51680017,2.55,0.11394334,0.28,2022-12-30 21:10:00
579.8818,4.97,5.6848836,281589.0,0.5127614,3.37,0.2787536,0.3,2022-12-30 21:15:00
568.2611,4.72,6.2397275,276456.0,0.4903846,3.05,0.25285304,0.19,2022-12-30 21:20:00
579.1638,4.98,5.717744,280504.0,0.5127634,3.34,0.40483373,0.17,2022-12-30 21:25:00
580.41315,4.93,6.568508,250666.0,0.577662,3.33,0.24054927,0.13,2022-12-30 21:30:00
578.4122,5.19,5.217068,256904.0,0.55760854,3.48,0.3673559,0.85,2022-12-30 21:35:00
586.5126,5.21,5.895396,238602.0,0.62694347,3.58,0.21748395,0.35,2022-12-30 21:40:00
573.29095,5.08,6.0325947,277619.0,0.5019122,3.34,0.35602587,0.41,2022-12-30 21:45:00
573.3718,4.5,6.769978,227330.0,0.6132122,2.96,0.15228835,0.15,2022-12-30 21:50:00
573.3525,4.6,5.847401,256530.0,0.54335517,3.02,0.28103337,0.26,2022-12-30 21:55:00
581.0189,4.89,3.6810052,267613.0,0.5428406,3.3,0.3201463,0.08,2022-12-30 22:00:00
573.8652,4.97,4.4514494,238537.0,0.58596903,3.28,0.22788674,0.16,2022-12-30 22:05:00
573.22723,4.8,5.961048,215683.0,0.6458189,3.17,0.16731733,0.04,2022-12-30 22:10:00
567.20984,4.86,6.4830623,220909.0,0.61016333,3.13,0.1818436,0.1,2022-12-30 22:15:00
573.6379,5.1,6.4027495,237635.0,0.58746827,3.36,0.23044895,0.09,2022-12-30 22:20:00
580.3551,4.89,4.1548285,212649.0,0.68072337,3.31,0.25042,0.12,2022-12-30 22:40:00
587.1937,5.75,4.1160417,266825.0,0.56265897,3.98,0.38916612,0.04,2022-12-30 22:45:00
577.11,4.76,6.054048,218127.0,0.6521445,3.18,0.23299614,0.04,2022-12-30 22:50:00
572.84235,4.91,6.108633,223489.0,0.62196,3.23,0.25042,0.03,2022-12-30 22:55:00
568.15283,4.9,6.2901273,208094.0,0.65109706,3.17,0.22788674,0.04,2022-12-30 23:00:00
562.5489,4.59,5.91055,199920.0,0.6571248,2.91,0.1903317,0.05,2022-12-30 23:05:00
571.6877,4.96,6.255885,221705.0,0.6230388,3.24,0.25042,0.05,2022-12-30 23:10:00
568.7999,4.83,6.3073688,200028.0,0.67975664,3.13,0.20951504,0.03,2022-12-30 23:15:00
560.3365,4.68,5.758246,217810.0,0.5957977,2.94,0.23299614,0.03,2022-12-30 23:20:00
557.6522,4.49,5.8323326,212237.0,0.60237026,2.79,0.1903317,0.04,2022-12-30 23:25:00
561.0973,4.39,6.4428644,183901.0,0.708642,2.76,0.12057395,0.03,2022-12-30 23:30:00
565.26685,4.78,6.0824504,193312.0,0.689861,3.07,0.17026173,0.01,2022-12-30 23:35:00
565.0322,4.68,6.280462,183227.0,0.72689176,2.99,0.1492191,0.03,2022-12-30 23:50:00
569.956,4.78,6.49151,185014.0,0.7395791,3.11,0.15836251,0.01,2022-12-30 23:55:00
