V,Np,B,Tp,Texp/Tp,Pdyn,logBeta,B_rms,Time
464.83105,5.03,4.8053927,77162.0,0.9400296,2.17,0.2624511,0.04,2016-03-13 00:00:00
464.82242,4.96,4.943501,76338.0,0.95012134,2.14,0.23804612,0.04,2016-03-13 00:05:00
464.02036,4.99,4.8701234,80247.0,0.8989928,2.15,0.26481783,0.1,2016-03-13 00:10:00
465.17392,5.05,4.8457093,81603.0,0.8909139,2.19,0.27184162,0.01,2016-03-13 00:15:00
462.6387,5.14,4.7082376,81583.0,0.8761003,2.2,0.2988531,0.08,2016-03-13 00:20:00
459.0254,5.1,4.55167,73690.0,0.9465516,2.15,0.2988531,0.03,2016-03-13 00:25:00
458.4859,5.39,4.5116405,80815.0,0.8599456,2.27,0.34044415,0.03,2016-03-13 00:35:00
460.991,5.3,4.48396,85800.0,0.8238393,2.25,0.3598355,0.06,2016-03-13 00:40:00
460.3503,5.44,4.5074825,87253.0,0.80662036,2.31,0.376577,0.02,2016-03-13 00:45:00
462.93265,5.22,4.5745053,84294.0,0.8496019,2.24,0.34044415,0.04,2016-03-13 00:50:00
461.24448,5.39,4.6686296,81498.0,0.8688125,2.29,0.3324385,0.05,2016-03-13 00:55:00
462.17715,5.26,4.5768986,83623.0,0.85207593,2.25,0.34044415,0.06,2016-03-13 01:00:00
470.08533,5.39,3.6804755,92888.0,0.8086893,2.38,0.5065051,0.44,2016-03-13 01:05:00
476.60718,5.67,3.7600398,97638.0,0.80306405,2.58,0.56348115,0.08,2016-03-13 01:10:00
470.0955,5.69,3.903985,94965.0,0.7910554,2.52,0.53402615,0.14,2016-03-13 01:15:00
473.68503,5.34,3.8880458,99818.0,0.7706296,2.4,0.4871384,0.11,2016-03-13 01:20:00
473.98132,5.39,3.5851498,102308.0,0.75333875,2.42,0.60206,0.12,2016-03-13 01:25:00
478.28854,5.44,3.569986,102116.0,0.776312,2.49,0.59659714,0.1,2016-03-13 01:30:00
483.27023,5.37,4.374997,99125.0,0.82595354,2.51,0.43456894,0.14,2016-03-13 01:35:00
480.38806,5.0,4.8894987,89226.0,0.90065885,2.31,0.27415785,0.03,2016-03-13 01:40:00
480.37262,5.02,4.894946,93075.0,0.8633268,2.32,0.2855573,0.02,2016-03-13 01:45:00
477.61734,4.88,4.871201,88995.0,0.8868822,2.22,0.26717174,0.04,2016-03-13 01:50:00
476.18787,4.96,4.7938604,89494.0,0.8737461,2.25,0.2855573,0.08,2016-03-13 01:55:00
476.31403,4.88,4.949697,84689.0,0.9240815,2.21,0.24551268,0.11,2016-03-13 02:00:00
470.24133,4.67,5.126246,78684.0,0.9556599,2.06,0.17897695,0.03,2016-03-13 02:05:00
470.60065,4.91,4.884066,87564.0,0.86078936,2.17,0.26951295,0.05,2016-03-13 02:10:00
471.82507,4.87,4.3448935,86394.0,0.8795326,2.17,0.30319607,0.17,2016-03-13 02:15:00
469.40582,4.95,4.4601903,95745.0,0.7810332,2.18,0.3598355,0.04,2016-03-13 02:20:00
468.66882,4.95,4.421979,91951.0,0.80929124,2.18,0.365488,0.03,2016-03-13 02:25:00
467.85745,5.23,4.4454584,105404.0,0.7022013,2.29,0.40823996,0.04,2016-03-13 02:30:00
464.50345,5.15,4.5110307,103584.0,0.6987135,2.22,0.38738984,0.04,2016-03-13 02:35:00
463.21338,5.2,4.525428,118957.0,0.60317284,2.23,0.41664052,0.05,2016-03-13 02:40:00
464.11835,5.25,4.571422,107367.0,0.67235655,2.26,0.39093512,0.02,2016-03-13 02:45:00
463.3555,5.23,4.562861,96880.0,0.74133146,2.24,0.372912,0.04,2016-03-13 02:50:00
462.54468,5.27,4.499544,93653.0,0.76270556,2.26,0.38021126,0.02,2016-03-13 02:55:00
459.3088,5.18,4.5566106,109186.0,0.6400596,2.18,0.39093512,0.02,2016-03-13 03:00:00
459.24835,5.39,4.392994,117850.0,0.5927614,2.27,0.45484486,0.08,2016-03-13 03:05:00
461.66772,5.69,4.289394,107319.0,0.6616623,2.43,0.48000696,0.03,2016-03-13 03:10:00
460.4284,5.48,4.3084216,101558.0,0.6933695,2.32,0.44870633,0.01,2016-03-13 03:15:00
462.63785,5.81,4.3323092,95703.0,0.74683625,2.49,0.46089786,0.05,2016-03-13 03:20:00
462.34628,5.9,4.3398156,95564.0,0.7464562,2.52,0.46389303,0.03,2016-03-13 03:25:00
462.51865,5.89,4.377739,94861.0,0.75286114,2.52,0.45331836,0.01,2016-03-13 03:30:00
461.8767,5.84,4.4938736,94020.0,0.7563183,2.49,0.42813483,0.03,2016-03-13 03:35:00
460.80573,5.82,4.544733,94395.0,0.74788934,2.47,0.41161972,0.02,2016-03-13 03:45:00
463.546,5.8,4.5860114,95834.0,0.7503822,2.49,0.40312052,0.03,2016-03-13 03:50:00
461.9186,5.66,4.6667976,96953.0,0.73364556,2.42,0.38201708,0.07,2016-03-13 03:55:00
459.50952,5.39,4.85033,110900.0,0.63102484,2.28,0.35024804,0.06,2016-03-13 04:00:00
462.9553,5.28,5.035881,105111.0,0.68144387,2.26,0.28780174,0.13,2016-03-13 04:05:00
461.22766,4.95,5.288648,90729.0,0.78032875,2.11,0.20139715,0.08,2016-03-13 04:10:00
461.183,5.04,5.1318808,88756.0,0.7974346,2.14,0.20951504,0.11,2016-03-13 04:15:00
461.57996,4.87,5.289669,96844.0,0.7327964,2.08,0.20139715,0.01,2016-03-13 04:20:00
460.98688,4.91,5.3688827,98908.0,0.7146383,2.09,0.20412001,0.03,2016-03-13 04:25:00
461.71292,5.1,5.4122543,92389.0,0.7688208,2.18,0.19589968,0.01,2016-03-13 04:30:00
459.26056,4.93,5.4286737,99497.0,0.702159,2.08,0.19312459,0.01,2016-03-13 04:35:00
460.91882,4.8,5.477271,90281.0,0.7825673,2.04,0.16136801,0.04,2016-03-13 04:40:00
456.98425,4.62,5.434271,92360.0,0.7448072,1.93,0.1430148,0.03,2016-03-13 04:50:00
458.12778,5.33,4.30754,97300.0,0.7125146,2.24,0.39794004,0.43,2016-03-13 04:55:00
457.8044,6.03,4.2289596,98992.0,0.6987984,2.53,0.5010593,0.33,2016-03-13 05:00:00
455.20187,6.26,4.7553864,98866.0,0.6873809,2.59,0.4871384,0.44,2016-03-13 05:05:00
462.4542,4.93,5.476614,84173.0,0.8480888,2.11,0.13672057,0.34,2016-03-13 05:10:00
466.6315,5.66,5.388701,92091.0,0.797176,2.47,0.24054927,0.08,2016-03-13 05:15:00
464.88904,5.55,5.1409144,91688.0,0.79140925,2.4,0.22788674,0.14,2016-03-13 05:20:00
461.8743,5.9,5.882091,96446.0,0.73728204,2.52,0.18752073,0.39,2016-03-13 05:25:00
463.2185,5.86,6.875565,104509.0,0.6865829,2.51,0.06818584,0.31,2016-03-13 05:30:00
462.0233,5.41,7.272943,95370.0,0.7463492,2.31,-0.026872149,0.08,2016-03-13 05:35:00
460.56128,5.53,7.143347,92070.0,0.7655099,2.35,-0.0043648016,0.14,2016-03-13 05:40:00
459.09955,5.16,6.6984477,88245.0,0.79082656,2.17,0.008600163,0.07,2016-03-13 05:45:00
459.63547,4.94,6.3380594,87951.0,0.79635686,2.09,0.012837212,0.09,2016-03-13 05:50:00
452.9081,4.73,6.317088,95830.0,0.69809276,1.94,0.0293838,0.04,2016-03-13 05:55:00
456.3195,4.54,6.2714033,97861.0,0.69976145,1.89,0.017033322,0.03,2016-03-13 06:00:00
458.74518,4.43,6.032363,102234.0,0.68097633,1.87,0.0293838,0.1,2016-03-13 06:05:00
455.50455,4.74,5.8945227,94882.0,0.7177269,1.96,0.096910015,0.07,2016-03-13 06:10:00
455.2132,4.66,5.4724855,87416.0,0.7774762,1.93,0.08278538,0.04,2016-03-13 06:15:00
455.5892,4.68,5.804567,83722.0,0.8138693,1.94,0.08635984,0.02,2016-03-13 06:20:00
456.8437,4.66,5.7740455,85755.0,0.8014057,1.95,0.09342169,0.02,2016-03-13 06:25:00
455.47253,4.56,5.697447,83800.0,0.8124638,1.89,0.08990512,0.02,2016-03-13 06:30:00
454.94238,4.69,5.666048,82055.0,0.8267391,1.94,0.10037054,0.03,2016-03-13 06:35:00
455.5023,4.63,5.698719,86949.0,0.78319824,1.92,0.10380372,0.02,2016-03-13 06:40:00
455.67224,4.59,5.5717683,86130.0,0.7915643,1.91,0.117271274,0.04,2016-03-13 06:45:00
455.37067,4.78,5.468629,85783.0,0.79313004,1.99,0.15228835,0.08,2016-03-13 06:50:00
455.71872,4.97,5.2708063,83853.0,0.8133171,2.06,0.1903317,0.07,2016-03-13 06:55:00
458.834,5.06,4.927971,84675.0,0.82268566,2.13,0.23804612,0.1,2016-03-13 07:00:00
459.03183,5.63,5.2467704,93104.0,0.74920994,2.37,0.26717174,0.04,2016-03-13 07:05:00
460.48727,5.41,5.4020553,80384.0,0.8763591,2.29,0.20412001,0.01,2016-03-13 07:10:00
461.89056,5.28,5.214758,90809.0,0.7831349,2.25,0.24303806,0.06,2016-03-13 07:15:00
455.18826,4.9,5.7755437,79063.0,0.85946983,2.03,0.096910015,0.04,2016-03-13 07:35:00
454.97046,4.95,5.764911,76940.0,0.8818702,2.05,0.10380372,0.01,2016-03-13 07:40:00
453.8517,4.9,5.7180943,75394.0,0.8930827,2.02,0.10037054,0.01,2016-03-13 07:50:00
453.5771,4.7,5.6525393,87868.0,0.7648554,1.94,0.12057395,0.02,2016-03-13 07:55:00
456.8236,4.82,5.591431,86538.0,0.7940459,2.01,0.1398791,0.03,2016-03-13 08:00:00
454.28363,4.86,5.4909196,89971.0,0.75060576,2.0,0.16435286,0.04,2016-03-13 08:10:00
454.79077,4.93,5.5103993,87738.0,0.7723873,2.04,0.16435286,0.05,2016-03-13 08:15:00
453.83505,4.86,5.5387363,89708.0,0.7504947,2.0,0.15533602,0.04,2016-03-13 08:20:00
451.02972,4.77,5.5469723,94874.0,0.6960631,1.94,0.15836251,0.02,2016-03-13 08:25:00
452.04565,4.78,5.556636,90262.0,0.7367713,1.96,0.14612804,0.03,2016-03-13 08:30:00
454.99005,5.01,5.613172,85608.0,0.7926852,2.07,0.14612804,0.02,2016-03-13 08:35:00
450.6561,5.04,5.671014,77540.0,0.8494731,2.05,0.12710482,0.01,2016-03-13 08:45:00
451.6161,5.08,5.6579943,79431.0,0.83476144,2.07,0.13672057,0.02,2016-03-13 08:50:00
452.56027,5.04,5.6436157,77973.0,0.8559171,2.06,0.13353892,0.03,2016-03-13 08:55:00
448.93298,4.81,5.7452674,77368.0,0.841269,1.94,0.09342169,0.01,2016-03-13 09:00:00
450.39774,4.87,5.7103853,71785.0,0.91593885,1.98,0.08635984,0.01,2016-03-13 09:05:00
445.9578,5.27,5.604159,73682.0,0.8652574,2.09,0.1492191,0.03,2016-03-13 09:10:00
446.91095,5.14,5.6763635,74537.0,0.86103594,2.05,0.12057395,0.09,2016-03-13 09:15:00
445.8973,4.7,5.952529,71774.0,0.88788384,1.87,0.033423774,0.09,2016-03-13 09:20:00
447.3179,4.7,5.962424,70342.0,0.91497445,1.88,0.033423774,0.05,2016-03-13 09:25:00
452.40656,5.28,5.4386854,89431.0,0.74546725,2.16,0.17609127,0.09,2016-03-13 09:30:00
445.5009,5.25,5.4909563,89050.0,0.71365273,2.08,0.19312459,0.02,2016-03-13 09:35:00
444.55286,5.37,5.658816,93442.0,0.6756141,2.12,0.20139715,0.06,2016-03-13 09:40:00
441.29144,5.31,5.60762,87822.0,0.7025584,2.07,0.1818436,0.03,2016-03-13 09:45:00
444.84073,5.38,5.606086,88516.0,0.71465135,2.12,0.18469143,0.03,2016-03-13 09:50:00
441.99496,5.11,5.7364883,83102.0,0.74615294,2.0,0.13672057,0.07,2016-03-13 09:55:00
444.93384,5.21,5.6372776,83287.0,0.7600142,2.06,0.15836251,0.05,2016-03-13 10:00:00
446.1303,5.25,5.701754,81438.0,0.78379506,2.09,0.1492191,0.02,2016-03-13 10:10:00
445.7461,5.17,5.7580724,81487.0,0.7812256,2.05,0.13672057,0.01,2016-03-13 10:15:00
439.97598,5.27,5.706111,92493.0,0.6609075,2.04,0.17318627,0.09,2016-03-13 10:20:00
439.56625,5.39,5.7690988,92493.0,0.6589935,2.08,0.16435286,0.06,2016-03-13 10:25:00
442.7166,5.42,5.6112566,83945.0,0.7424207,2.12,0.16731733,0.04,2016-03-13 10:30:00
438.5022,5.34,5.604168,89583.0,0.67528605,2.06,0.18752073,0.09,2016-03-13 10:35:00
448.36148,4.95,5.649407,66199.0,0.9793155,1.98,0.1430148,0.15,2016-03-13 10:40:00
444.016,4.83,5.9310203,86522.0,0.7269099,1.9,0.08990512,0.02,2016-03-13 10:45:00
445.79434,4.82,6.0210795,85956.0,0.74085784,1.91,0.07554698,0.06,2016-03-13 10:50:00
442.044,4.93,5.896448,83022.0,0.74713004,1.93,0.096910015,0.09,2016-03-13 10:55:00
440.72797,4.88,5.8654494,89314.0,0.6880797,1.9,0.10720996,0.01,2016-03-13 11:00:00
438.84076,4.82,5.8195276,84829.0,0.71484596,1.86,0.10037054,0.05,2016-03-13 11:05:00
435.94125,4.86,5.672407,85066.0,0.6982942,1.85,0.117271274,0.03,2016-03-13 11:10:00
422.291,4.92,5.6601143,76576.0,0.7025741,1.75,0.11394334,0.02,2016-03-13 11:15:00
423.4018,4.92,5.732897,64038.0,0.84702957,1.76,0.06818584,0.09,2016-03-13 11:20:00
420.26025,5.02,5.4632316,63587.0,0.833488,1.77,0.07918126,0.07,2016-03-13 11:25:00
423.3439,4.67,6.0566244,54486.0,0.99509954,1.67,-0.013228253,0.06,2016-03-13 11:30:00
429.95212,4.52,6.230971,49852.0,1.141325,1.67,-0.060480744,0.1,2016-03-13 11:35:00
442.3931,6.98,4.580502,65884.0,0.94379276,2.73,0.35410845,0.49,2016-03-13 11:40:00
438.98492,6.23,4.722732,76660.0,0.7918302,2.4,0.37106785,0.14,2016-03-13 11:45:00
438.20502,6.1,4.577914,73956.0,0.8162503,2.35,0.2855573,0.17,2016-03-13 11:50:00
428.7906,5.45,5.2160616,73771.0,0.76480204,2.0,0.2068259,0.05,2016-03-13 11:55:00
429.06476,5.65,5.344333,77681.0,0.72775304,2.08,0.22530928,0.07,2016-03-13 12:00:00
424.49918,5.53,5.2011347,73070.0,0.7483362,1.99,0.22271647,0.04,2016-03-13 12:05:00
422.58643,5.65,5.165501,70840.0,0.76111746,2.01,0.24303806,0.02,2016-03-13 12:10:00
421.23822,5.73,5.0981765,69732.0,0.7655579,2.03,0.25767857,0.02,2016-03-13 12:15:00
423.17053,5.64,5.0269475,73058.0,0.74119055,2.02,0.24797328,0.04,2016-03-13 12:20:00
425.01917,5.57,5.1092467,74580.0,0.7359843,2.02,0.25285304,0.01,2016-03-13 12:25:00
424.47842,5.67,5.165946,76428.0,0.7153478,2.05,0.25767857,0.01,2016-03-13 12:30:00
423.26193,5.69,5.161269,78729.0,0.68826383,2.04,0.26007143,0.03,2016-03-13 12:35:00
423.96344,5.57,5.1324263,79262.0,0.68716896,2.0,0.26007143,0.1,2016-03-13 12:40:00
423.8185,5.61,5.011237,79419.0,0.685081,2.01,0.2855573,0.07,2016-03-13 12:45:00
423.1139,5.63,5.1034107,78976.0,0.6853646,2.02,0.26481783,0.03,2016-03-13 12:50:00
419.69028,5.71,4.7034564,77010.0,0.6853079,2.01,0.30319607,0.12,2016-03-13 12:55:00
419.9278,5.76,5.032832,84175.0,0.6280796,2.03,0.30103,0.08,2016-03-13 13:00:00
423.52835,5.35,5.1917048,77107.0,0.7041198,1.92,0.22788674,0.01,2016-03-13 13:05:00
421.87433,5.37,5.098529,76245.0,0.70345896,1.91,0.23299614,0.1,2016-03-13 13:10:00
419.4192,5.45,5.091277,75244.0,0.699983,1.92,0.25285304,0.07,2016-03-13 13:15:00
419.5888,5.43,4.667773,81082.0,0.65040153,1.92,0.33645976,0.14,2016-03-13 13:20:00
418.7398,5.43,4.336312,92425.0,0.5669937,1.91,0.2988531,0.08,2016-03-13 13:25:00
409.0749,5.28,2.808594,83214.0,0.58559996,1.76,0.53147894,0.47,2016-03-13 13:30:00
412.3345,5.38,3.445127,85518.0,0.58407676,1.83,0.5797836,0.4,2016-03-13 13:35:00
414.4319,5.19,4.3000116,90266.0,0.5621636,1.78,0.38201708,0.04,2016-03-13 13:40:00
416.3644,5.28,3.9425626,82374.0,0.6250092,1.83,0.3856063,0.1,2016-03-13 13:45:00
418.88358,5.37,3.9824114,85126.0,0.61626786,1.88,0.4199558,0.13,2016-03-13 13:50:00
426.4752,5.23,3.6582508,83828.0,0.661798,1.9,0.5250448,0.18,2016-03-13 13:55:00
418.29538,4.86,4.1563926,71198.0,0.7336082,1.7,0.2787536,0.27,2016-03-13 14:00:00
414.76718,4.82,4.752978,67336.0,0.75549746,1.66,0.23804612,0.02,2016-03-13 14:05:00
418.5391,5.12,4.4446483,74966.0,0.69799966,1.79,0.34044415,0.07,2016-03-13 14:10:00
418.7949,5.22,4.4608183,78628.0,0.6667582,1.83,0.35410845,0.02,2016-03-13 14:15:00
419.98636,5.14,4.140966,81825.0,0.64639854,1.81,0.3944517,0.09,2016-03-13 14:20:00
423.21973,5.74,3.7874,78475.0,0.6902773,2.06,0.50920254,0.07,2016-03-13 14:25:00
418.3445,5.51,3.339042,85182.0,0.6133989,1.93,0.6364879,0.35,2016-03-13 14:30:00
421.9358,5.64,2.7456694,111633.0,0.48067835,2.01,0.7853298,0.16,2016-03-13 14:35:00
426.41205,5.0,2.5438554,87624.0,0.6328361,1.82,0.59769523,0.22,2016-03-13 14:40:00
422.6084,5.13,2.975063,78017.0,0.6912121,1.84,0.7558749,1.01,2016-03-13 14:45:00
413.70886,5.27,4.4337454,61572.0,0.8196774,1.8,0.31597033,0.12,2016-03-13 14:50:00
418.04462,4.94,3.9594193,63208.0,0.824801,1.72,0.363612,0.3,2016-03-13 14:55:00
413.45047,4.06,3.79717,63460.0,0.79374576,1.39,0.33645976,0.21,2016-03-13 15:15:00
410.16992,3.8,4.409331,63674.0,0.7717016,1.28,0.1903317,0.37,2016-03-13 15:20:00
405.10208,3.79,4.7103395,58214.0,0.81203735,1.24,0.117271274,0.03,2016-03-13 15:25:00
407.87296,3.64,3.9137452,56395.0,0.8562067,1.21,0.18752073,0.28,2016-03-13 15:30:00
407.58987,3.9,4.469161,56775.0,0.84863997,1.29,0.15533602,0.2,2016-03-13 15:35:00
407.63998,4.07,4.8051324,54912.0,0.87776756,1.35,0.12385166,0.07,2016-03-13 15:40:00
409.5457,3.98,4.7919307,59567.0,0.82100666,1.34,0.13033378,0.06,2016-03-13 15:45:00
409.9802,4.07,4.592668,49631.0,0.9886283,1.37,0.15228835,0.03,2016-03-13 15:50:00
408.97263,4.09,4.529349,51808.0,0.9398588,1.37,0.16435286,0.04,2016-03-13 15:55:00
409.93585,4.35,4.538557,57158.0,0.8581492,1.46,0.20412001,0.04,2016-03-13 16:00:00
407.91818,4.13,4.3836627,54590.0,0.88482225,1.38,0.20412001,0.07,2016-03-13 16:05:00
409.01794,4.03,4.355238,48888.0,0.99633855,1.35,0.17609127,0.07,2016-03-13 16:10:00
407.4319,4.26,4.4218774,51377.0,0.93667233,1.41,0.20412001,0.04,2016-03-13 16:15:00
405.59164,4.02,4.4581385,49813.0,0.9525626,1.32,0.16435286,0.04,2016-03-13 16:20:00
405.2234,3.99,4.457421,49064.0,0.9643735,1.31,0.16435286,0.04,2016-03-13 16:25:00
404.61902,3.66,3.999375,55866.0,0.8430293,1.2,0.19589968,0.16,2016-03-13 16:30:00
405.057,3.83,4.178636,57219.0,0.8258719,1.26,0.22010809,0.03,2016-03-13 16:35:00
405.2606,3.87,4.1741347,53998.0,0.8765055,1.27,0.21218762,0.03,2016-03-13 16:40:00
407.62085,3.76,4.264739,52430.0,0.91918623,1.25,0.18752073,0.04,2016-03-13 16:45:00
408.03082,4.04,4.2393985,56313.0,0.8584871,1.35,0.23552847,0.07,2016-03-13 16:50:00
407.3304,3.98,4.176733,49554.0,0.97037816,1.32,0.22010809,0.07,2016-03-13 16:55:00
409.04938,4.24,4.1086984,53890.0,0.9040759,1.42,0.25285304,0.04,2016-03-13 17:00:00
411.0457,4.47,4.1856184,50157.0,0.98619664,1.51,0.26481783,0.02,2016-03-13 17:05:00
409.95102,4.43,4.236614,51972.0,0.9438879,1.49,0.26007143,0.02,2016-03-13 17:10:00
411.72604,4.31,4.31196,54613.0,0.9104056,1.46,0.24303806,0.05,2016-03-13 17:15:00
409.99655,4.47,4.0458126,46890.0,1.0465494,1.5,0.28780174,0.09,2016-03-13 17:20:00
411.69592,4.53,4.029466,53305.0,0.9325328,1.54,0.29666522,0.05,2016-03-13 17:25:00
413.05624,4.67,3.9969614,55488.0,0.90509194,1.59,0.34044415,0.06,2016-03-13 17:30:00
413.64188,4.73,4.0016246,56338.0,0.8953769,1.62,0.3598355,0.08,2016-03-13 17:35:00
412.57343,4.73,4.052851,51837.0,0.9653187,1.61,0.32837963,0.03,2016-03-13 17:40:00
412.61932,5.03,4.1931615,46378.0,1.0793169,1.71,0.3138672,0.03,2016-03-13 17:45:00
410.80243,4.82,4.1675053,48096.0,1.0265634,1.63,0.30749604,0.04,2016-03-13 17:50:00
411.4959,5.04,4.0508146,51491.0,0.9639262,1.71,0.3384565,0.05,2016-03-13 17:55:00
413.63248,5.11,4.1461425,40599.0,1.2423993,1.75,0.31175387,0.02,2016-03-13 18:00:00
411.75183,5.04,4.2159104,42955.0,1.1577157,1.71,0.2988531,0.06,2016-03-13 18:05:00
413.67078,5.24,4.2190166,39170.0,1.2880957,1.8,0.30535138,0.05,2016-03-13 18:10:00
412.2078,5.02,4.1616464,43273.0,1.1531743,1.7,0.30319607,0.03,2016-03-13 18:15:00
415.2934,5.01,4.202535,39888.0,1.2804191,1.73,0.29003462,0.03,2016-03-13 18:20:00
414.91745,5.07,4.294811,39944.0,1.2750243,1.75,0.28103337,0.03,2016-03-13 18:25:00
413.28317,4.93,4.0175366,45296.0,1.1106431,1.69,0.29666522,0.02,2016-03-13 18:30:00
413.0495,4.99,4.1552615,46391.0,1.0825202,1.7,0.3138672,0.08,2016-03-13 18:35:00
413.7886,5.4,4.202166,46487.0,1.0863136,1.85,0.346353,0.06,2016-03-13 18:40:00
414.6858,5.0,4.1641927,45454.0,1.1185175,1.72,0.31175387,0.05,2016-03-13 18:45:00
413.1289,5.23,4.3093157,46058.0,1.0909995,1.78,0.30749604,0.04,2016-03-13 18:50:00
412.09427,5.23,4.3089094,44660.0,1.1164026,1.78,0.30319607,0.02,2016-03-13 18:55:00
410.73682,5.31,4.3606076,47111.0,1.0475056,1.79,0.30535138,0.04,2016-03-13 19:00:00
409.46967,5.2,4.4991775,43832.0,1.1150906,1.74,0.2624511,0.04,2016-03-13 19:05:00
409.669,5.29,4.4659715,44244.0,1.106382,1.78,0.2787536,0.12,2016-03-13 19:10:00
409.75403,5.41,4.401136,46130.0,1.0618339,1.82,0.30749604,0.04,2016-03-13 19:15:00
409.4096,5.46,4.5233283,44498.0,1.0978998,1.83,0.28103337,0.02,2016-03-13 19:20:00
409.64914,5.57,4.473321,45668.0,1.0717214,1.87,0.30319607,0.03,2016-03-13 19:25:00
409.15573,5.38,4.5353503,44093.0,1.1058466,1.8,0.26951295,0.02,2016-03-13 19:30:00
408.90802,5.45,4.5950627,43970.0,1.1068513,1.82,0.2624511,0.04,2016-03-13 19:35:00
409.83902,5.43,4.5137677,43456.0,1.1279002,1.82,0.2764618,0.04,2016-03-13 19:40:00
409.86606,5.45,4.4156313,46023.0,1.0652087,1.83,0.30535138,0.03,2016-03-13 19:45:00
411.24683,5.1,4.414091,51742.0,0.95744365,1.72,0.2922561,0.05,2016-03-13 19:50:00
408.25073,5.04,4.4347153,50211.0,0.9644329,1.68,0.2787536,0.02,2016-03-13 19:55:00
411.02762,5.1,4.4006023,51183.0,0.9662955,1.72,0.29446626,0.04,2016-03-13 20:00:00
411.1653,5.16,4.4278326,52478.0,0.9434333,1.75,0.29446626,0.06,2016-03-13 20:05:00
411.21912,5.05,4.444975,49903.0,0.99251884,1.71,0.2764618,0.04,2016-03-13 20:10:00
412.16187,4.96,4.5057297,52348.0,0.95293033,1.69,0.26481783,0.04,2016-03-13 20:15:00
411.5292,5.04,4.4661956,53015.0,0.9364524,1.71,0.27184162,0.05,2016-03-13 20:20:00
412.048,4.94,4.5048532,52606.0,0.94744164,1.68,0.26007143,0.04,2016-03-13 20:25:00
412.68747,4.97,4.410306,55740.0,0.89849836,1.7,0.29003462,0.04,2016-03-13 20:30:00
411.6161,4.92,4.303638,50395.0,0.9857855,1.67,0.26717174,0.09,2016-03-13 20:35:00
411.3145,5.28,4.17635,61528.0,0.8055754,1.79,0.37474835,0.06,2016-03-13 20:40:00
411.29953,5.42,4.057351,62048.0,0.7987336,1.84,0.41161972,0.03,2016-03-13 20:45:00
412.07217,5.61,4.03745,67010.0,0.743922,1.9,0.4456042,0.01,2016-03-13 20:50:00
412.0529,5.63,4.032989,63461.0,0.7854108,1.91,0.43775058,0.02,2016-03-13 20:55:00
411.2587,5.3,4.129806,43197.0,1.1469432,1.8,0.3443923,0.01,2016-03-13 21:00:00
410.6596,5.16,4.146637,40895.0,1.2060196,1.74,0.32428244,0.05,2016-03-13 21:05:00
408.60916,4.58,4.3969765,43719.0,1.1106752,1.53,0.21484385,0.12,2016-03-13 21:10:00
408.97144,4.63,4.5156283,51136.0,0.95220125,1.55,0.22530928,0.04,2016-03-13 21:15:00
410.29077,4.8,4.4019313,45622.0,1.0780416,1.62,0.25285304,0.02,2016-03-13 21:20:00
409.7672,4.81,4.454324,47938.0,1.0218887,1.61,0.24303806,0.05,2016-03-13 21:25:00
410.3007,4.52,4.5389533,44760.0,1.0988853,1.52,0.1903317,0.05,2016-03-13 21:30:00
408.82437,4.81,4.3175573,50894.0,0.9556582,1.61,0.22010809,0.06,2016-03-13 21:35:00
412.52243,5.18,4.0570555,45369.0,1.1025144,1.77,0.23299614,0.02,2016-03-13 21:40:00
413.61472,5.7,4.3728366,45659.0,1.1045669,1.95,0.2922561,0.02,2016-03-13 21:45:00
413.3936,5.91,4.574385,43198.0,1.1655526,2.02,0.30103,0.01,2016-03-13 21:50:00
414.69296,5.87,4.5960307,43418.0,1.1710314,2.02,0.2988531,0.04,2016-03-13 21:55:00
416.41656,5.98,4.6002173,44307.0,1.162448,2.07,0.30535138,0.04,2016-03-13 22:00:00
417.5242,5.86,4.7422676,42008.0,1.2362468,2.04,0.26481783,0.04,2016-03-13 22:05:00
416.55435,5.83,4.70017,43036.0,1.1980124,2.02,0.26717174,0.05,2016-03-13 22:10:00
414.41077,5.66,4.761953,39178.0,1.2950177,1.94,0.23804612,0.01,2016-03-13 22:15:00
414.01913,5.7,4.7502,39424.0,1.283155,1.95,0.24551268,0.04,2016-03-13 22:20:00
414.4292,5.79,4.626424,41479.0,1.2233478,1.99,0.28103337,0.06,2016-03-13 22:25:00
413.87213,5.67,4.7839003,38453.0,1.314103,1.94,0.23552847,0.01,2016-03-13 22:30:00
414.05435,5.64,4.8021455,37639.0,1.3443635,1.93,0.22530928,0.03,2016-03-13 22:35:00
413.347,5.69,4.8028326,37452.0,1.3439033,1.95,0.23044895,0.02,2016-03-13 22:40:00
413.30835,5.72,4.7920246,38668.0,1.3012627,1.95,0.23804612,0.04,2016-03-13 22:45:00
413.7683,5.79,4.7784204,39839.0,1.2673949,1.98,0.24797328,0.05,2016-03-13 22:50:00
414.0105,5.87,4.7461667,41208.0,1.227524,2.01,0.26481783,0.07,2016-03-13 22:55:00
414.87207,5.87,4.706527,40861.0,1.245986,2.02,0.26717174,0.09,2016-03-13 23:00:00
413.75833,5.54,4.829275,39202.0,1.2878926,1.9,0.21748395,0.08,2016-03-13 23:05:00
413.8702,5.56,4.887412,37108.0,1.3617139,1.91,0.20412001,0.04,2016-03-13 23:10:00
415.55103,5.72,4.832649,38051.0,1.3448282,1.98,0.22788674,0.05,2016-03-13 23:15:00
417.1962,5.7,4.6990533,40944.0,1.2652737,1.99,0.25767857,0.03,2016-03-13 23:20:00
416.5079,5.8,4.5803165,45306.0,1.1375924,2.01,0.2988531,0.06,2016-03-13 23:25:00
413.86078,5.5,4.775207,36315.0,1.3913504,1.88,0.22788674,0.12,2016-03-13 23:30:00
413.9559,5.49,4.9171233,39790.0,1.2707478,1.88,0.20139715,0.05,2016-03-13 23:35:00
413.68802,5.42,4.8894787,39944.0,1.2633001,1.86,0.20139715,0.03,2016-03-13 23:40:00
412.41608,5.32,4.8821,37157.0,1.3450989,1.81,0.18469143,0.04,2016-03-13 23:45:00
411.33978,5.37,4.9500504,37271.0,1.3301204,1.82,0.17609127,0.03,2016-03-13 23:50:00
409.72858,5.48,4.8886094,38625.0,1.2679076,1.84,0.20139715,0.04,2016-03-13 23:55:00
405.01697,5.12,4.7394304,44940.0,1.051202,1.68,0.21218762,0.04,2016-03-14 00:05:00
405.1737,4.9,4.711645,44240.0,1.0691222,1.61,0.20139715,0.02,2016-03-14 00:10:00
406.30197,4.76,4.734406,43694.0,1.0918931,1.57,0.1818436,0.02,2016-03-14 00:15:00
408.04895,4.87,4.723833,46491.0,1.0400006,1.62,0.20412001,0.02,2016-03-14 00:20:00
408.39645,4.96,4.742183,45556.0,1.064162,1.66,0.20412001,0.03,2016-03-14 00:25:00
408.52557,4.88,4.7825203,43336.0,1.1197779,1.63,0.1818436,0.01,2016-03-14 00:30:00
408.24432,4.9,4.782144,43911.0,1.1027483,1.63,0.18752073,0.04,2016-03-14 00:35:00
408.5304,4.94,4.773678,45471.0,1.0672401,1.65,0.19589968,0.09,2016-03-14 00:40:00
409.4881,5.1,4.7171493,44600.0,1.0960428,1.71,0.21484385,0.03,2016-03-14 00:45:00
409.38892,4.93,4.7093205,44424.0,1.0995556,1.65,0.20412001,0.01,2016-03-14 00:50:00
407.47665,5.29,4.7230496,46136.0,1.0434343,1.76,0.23552847,0.01,2016-03-14 00:55:00
406.45657,5.17,4.7769656,45249.0,1.0556192,1.71,0.21218762,0.03,2016-03-14 01:00:00
404.99725,5.09,4.8339734,40879.0,1.1554556,1.67,0.18469143,0.02,2016-03-14 01:05:00
404.9281,5.32,4.919207,41870.0,1.1275082,1.74,0.19312459,0.03,2016-03-14 01:10:00
405.61725,5.27,4.950414,40549.0,1.1704193,1.74,0.17897695,0.03,2016-03-14 01:15:00
405.104,5.27,4.823215,45076.0,1.0487318,1.73,0.21218762,0.02,2016-03-14 01:20:00
404.40875,4.97,4.7646613,45908.0,1.024234,1.63,0.20139715,0.05,2016-03-14 01:25:00
404.8851,5.06,4.9570456,44375.0,1.0635079,1.66,0.16731733,0.09,2016-03-14 01:30:00
405.7516,4.98,4.833694,43262.0,1.0981528,1.64,0.1818436,0.09,2016-03-14 01:35:00
405.38577,5.37,4.704774,43476.0,1.0896834,1.77,0.24054927,0.02,2016-03-14 01:40:00
403.04626,5.2,4.73618,45207.0,1.0292464,1.69,0.22010809,0.05,2016-03-14 01:45:00
401.333,5.12,4.7958937,42147.0,1.0894297,1.65,0.19865711,0.1,2016-03-14 01:50:00
401.58575,5.33,4.8853045,43214.0,1.064615,1.72,0.20139715,0.04,2016-03-14 01:55:00
401.5364,5.18,4.905028,42549.0,1.0808405,1.67,0.18469143,0.03,2016-03-14 02:00:00
400.85797,4.91,4.771677,44025.0,1.0391192,1.58,0.1903317,0.05,2016-03-14 02:05:00
398.02582,4.75,4.665169,47716.0,0.93781006,1.51,0.20412001,0.06,2016-03-14 02:10:00
398.18152,4.52,4.6604075,52130.0,0.85944873,1.43,0.19312459,0.07,2016-03-14 02:15:00
400.1305,4.32,4.7513366,51159.0,0.8891744,1.38,0.15533602,0.04,2016-03-14 02:20:00
401.753,4.67,4.7702727,45522.0,1.0119491,1.51,0.17026173,0.03,2016-03-14 02:25:00
401.11588,4.77,4.6866727,45542.0,1.0065193,1.53,0.19589968,0.01,2016-03-14 02:30:00
399.73065,4.44,4.6628423,47556.0,0.95356864,1.42,0.17318627,0.09,2016-03-14 02:35:00
399.3972,4.52,4.68472,49150.0,0.9202493,1.44,0.1818436,0.05,2016-03-14 02:40:00
399.3532,4.35,4.7302747,54675.0,0.826973,1.39,0.16731733,0.04,2016-03-14 02:45:00
399.33896,4.67,4.705635,47461.0,0.9525659,1.49,0.18752073,0.03,2016-03-14 02:50:00
399.9554,4.72,4.741192,49753.0,0.91305715,1.51,0.1903317,0.03,2016-03-14 02:55:00
400.3592,4.67,4.7953415,49394.0,0.9225869,1.5,0.17318627,0.07,2016-03-14 03:00:00
402.93945,5.24,4.8317904,49153.0,0.9458377,1.7,0.22010809,0.03,2016-03-14 03:05:00
403.21838,5.23,4.8070884,48886.0,0.9530545,1.7,0.22271647,0.02,2016-03-14 03:10:00
401.1478,4.92,4.750263,51738.0,0.8862009,1.58,0.21218762,0.04,2016-03-14 03:15:00
396.18115,4.36,4.6437273,51678.0,0.85347927,1.37,0.17609127,0.13,2016-03-14 03:20:00
393.51593,4.17,4.530298,36502.0,1.1831949,1.29,0.1398791,0.02,2016-03-14 03:25:00
389.9532,4.34,4.6446314,33040.0,1.2706825,1.32,0.13033378,0.03,2016-03-14 03:30:00
390.92673,4.3,4.6867795,33296.0,1.2707382,1.31,0.117271274,0.01,2016-03-14 03:35:00
392.00613,4.14,4.7295666,34964.0,1.2205477,1.27,0.09342169,0.03,2016-03-14 03:40:00
395.14276,4.28,4.7951956,33887.0,1.2909739,1.34,0.096910015,0.02,2016-03-14 03:45:00
392.79535,4.52,4.797802,32015.0,1.3413483,1.39,0.117271274,0.02,2016-03-14 03:50:00
391.10934,4.51,4.8052053,33257.0,1.2740792,1.38,0.117271274,0.01,2016-03-14 03:55:00
391.8465,4.54,4.810686,35855.0,1.1887089,1.39,0.12710482,0.05,2016-03-14 04:00:00
392.78574,4.6,4.866919,34566.0,1.2422608,1.42,0.117271274,0.07,2016-03-14 04:05:00
394.00952,4.75,4.9299493,36884.0,1.1755188,1.48,0.12710482,0.02,2016-03-14 04:10:00
395.1444,4.58,4.9268856,36529.0,1.1976181,1.43,0.1105897,0.01,2016-03-14 04:15:00
399.1637,4.46,5.0647902,35387.0,1.2758353,1.42,0.07188199,0.03,2016-03-14 04:20:00
395.42728,4.58,5.0233254,36412.0,1.2041458,1.43,0.096910015,0.05,2016-03-14 04:25:00
393.4419,4.76,4.9507375,36185.0,1.1928614,1.47,0.12385166,0.05,2016-03-14 04:30:00
395.38336,4.92,4.8472366,37090.0,1.1817254,1.54,0.15533602,0.05,2016-03-14 04:35:00
392.44492,4.83,4.775018,37578.0,1.1396059,1.49,0.16435286,0.03,2016-03-14 04:40:00
390.71838,5.16,4.8253913,39737.0,1.0629976,1.57,0.17026173,0.1,2016-03-14 04:45:00
390.71457,5.37,4.8976526,39593.0,1.0668312,1.64,0.19589968,0.03,2016-03-14 04:50:00
390.53674,5.1,4.9555426,38326.0,1.1005385,1.55,0.15836251,0.04,2016-03-14 04:55:00
390.99576,5.05,4.936669,38338.0,1.1042244,1.54,0.15836251,0.07,2016-03-14 05:00:00
391.41705,4.92,4.99779,39949.0,1.0632535,1.5,0.1398791,0.06,2016-03-14 05:05:00
389.6262,5.13,4.8388634,38868.0,1.0773349,1.56,0.1818436,0.04,2016-03-14 05:10:00
389.7308,5.07,4.771635,40255.0,1.0410844,1.54,0.19312459,0.05,2016-03-14 05:15:00
388.33572,5.26,4.7317333,40290.0,1.028633,1.59,0.21218762,0.02,2016-03-14 05:20:00
388.62393,5.46,4.7214403,39862.0,1.0420811,1.65,0.23299614,0.01,2016-03-14 05:25:00
388.98352,5.44,4.777311,40567.0,1.0269237,1.65,0.22271647,0.03,2016-03-14 05:30:00
387.5603,5.48,4.8124213,42110.0,0.9780707,1.65,0.22530928,0.03,2016-03-14 05:35:00
389.91574,5.25,4.8572216,39186.0,1.0710661,1.6,0.1903317,0.07,2016-03-14 05:40:00
388.62457,5.43,4.865203,35600.0,1.1668441,1.64,0.1903317,0.02,2016-03-14 05:45:00
384.7518,5.34,4.8717656,34258.0,1.1753322,1.58,0.17318627,0.06,2016-03-14 05:50:00
390.74924,5.36,5.1800966,42145.0,1.0025086,1.64,0.1492191,0.09,2016-03-14 05:55:00
389.18005,5.31,5.1899424,39681.0,1.051505,1.61,0.1398791,0.14,2016-03-14 06:00:00
389.08517,5.6,5.0873275,39911.0,1.0446521,1.7,0.17897695,0.11,2016-03-14 06:05:00
387.44907,6.0,5.314339,39443.0,1.0432717,1.8,0.17026173,0.05,2016-03-14 06:10:00
387.76807,5.82,5.273263,39076.0,1.0557715,1.75,0.16136801,0.03,2016-03-14 06:15:00
385.46997,5.68,5.1912427,37870.0,1.0694206,1.69,0.15836251,0.05,2016-03-14 06:20:00
386.16437,5.64,5.3557167,36299.0,1.121973,1.68,0.12710482,0.02,2016-03-14 06:25:00
386.25735,5.92,5.367476,36651.0,1.1120307,1.77,0.1492191,0.03,2016-03-14 06:30:00
387.74304,5.84,5.249619,36679.0,1.1245408,1.75,0.16136801,0.06,2016-03-14 06:35:00
386.8182,5.97,5.3234386,35881.0,1.1410369,1.79,0.15533602,0.06,2016-03-14 06:40:00
387.44156,5.91,5.058557,46081.0,0.8929338,1.77,0.21748395,0.03,2016-03-14 06:45:00
397.25134,5.74,5.2268825,69545.0,0.6395578,1.82,0.24303806,0.08,2016-03-14 06:50:00
395.59476,5.37,5.178156,76681.0,0.5725433,1.68,0.23299614,0.04,2016-03-14 06:55:00
392.36237,5.55,4.8512573,63145.0,0.6777429,1.71,0.26481783,0.14,2016-03-14 07:00:00
387.52826,5.79,5.0135217,47624.0,0.8646051,1.74,0.22530928,0.11,2016-03-14 07:05:00
385.56232,5.48,5.1019216,41966.0,0.9657619,1.63,0.17026173,0.03,2016-03-14 07:10:00
387.06638,5.73,5.077332,43508.0,0.9428925,1.71,0.20139715,0.01,2016-03-14 07:15:00
387.01184,5.74,5.1173234,42374.0,0.96770144,1.72,0.18752073,0.03,2016-03-14 07:20:00
386.78857,5.99,5.1084538,40170.0,1.018964,1.79,0.2068259,0.02,2016-03-14 07:25:00
385.86752,5.99,5.1472325,41155.0,0.9872221,1.78,0.20139715,0.02,2016-03-14 07:30:00
385.34927,5.87,5.2326856,40710.0,0.9938464,1.75,0.17609127,0.04,2016-03-14 07:35:00
385.6014,5.65,5.34468,39570.0,1.024563,1.68,0.1398791,0.08,2016-03-14 07:40:00
385.70898,5.72,5.4470267,37369.0,1.0858513,1.7,0.12385166,0.01,2016-03-14 07:45:00
386.06503,5.99,5.4996,37773.0,1.0773275,1.79,0.13353892,0.03,2016-03-14 07:50:00
385.1804,5.61,5.5243917,38396.0,1.0523053,1.67,0.10380372,0.04,2016-03-14 07:55:00
386.14267,5.48,5.7607813,37412.0,1.0884042,1.63,0.053078443,0.12,2016-03-14 08:00:00
385.73685,5.49,5.6709347,37396.0,1.0853114,1.63,0.06818584,0.04,2016-03-14 08:05:00
387.6244,5.46,5.376272,43493.0,0.94745713,1.64,0.12057395,0.07,2016-03-14 08:10:00
390.93454,5.31,5.7781396,43607.0,0.97032887,1.63,0.05690485,0.23,2016-03-14 08:15:00
389.94864,5.29,6.0230722,39015.0,1.0760431,1.61,0.00432137,0.04,2016-03-14 08:20:00
389.92444,5.27,6.076479,36735.0,1.1426082,1.6,-0.008773916,0.08,2016-03-14 08:25:00
389.19003,5.2,5.9233356,37188.0,1.1220852,1.58,0.008600163,0.04,2016-03-14 08:30:00
388.31363,4.93,5.95373,45992.0,0.90094537,1.49,0.0,0.1,2016-03-14 08:35:00
390.6175,5.27,5.887894,48256.0,0.8746351,1.61,0.045322984,0.06,2016-03-14 08:40:00
390.92673,5.41,5.7863116,49086.0,0.86196667,1.65,0.064457975,0.04,2016-03-14 08:45:00
389.94733,5.73,5.8083563,52661.0,0.79720056,1.74,0.10037054,0.05,2016-03-14 08:50:00
390.79636,5.49,5.9615684,49427.0,0.85513157,1.68,0.05690485,0.05,2016-03-14 08:55:00
390.16382,5.46,6.0796466,50258.0,0.8367618,1.66,0.037426513,0.04,2016-03-14 09:00:00
388.8496,5.7,5.7385798,50148.0,0.8298353,1.72,0.09342169,0.1,2016-03-14 09:05:00
389.2136,5.62,5.862124,49429.0,0.84436196,1.7,0.07188199,0.08,2016-03-14 09:10:00
390.93704,5.72,6.2576194,56989.0,0.74249357,1.75,0.053078443,0.05,2016-03-14 09:15:00
389.3111,6.14,6.2263474,60211.0,0.6937025,1.86,0.09342169,0.03,2016-03-14 09:20:00
387.89706,6.26,6.2352304,61035.0,0.6766292,1.88,0.10380372,0.02,2016-03-14 09:25:00
387.73206,6.36,6.1575484,62592.0,0.65892446,1.91,0.12057395,0.04,2016-03-14 09:30:00
387.80847,6.23,6.186477,65713.0,0.62801445,1.87,0.11394334,0.05,2016-03-14 09:35:00
389.40765,5.89,6.282046,61274.0,0.68219435,1.79,0.07188199,0.01,2016-03-14 09:40:00
389.97964,5.86,6.3435082,58191.0,0.7216273,1.78,0.053078443,0.04,2016-03-14 09:45:00
391.3689,5.86,6.3421206,56824.0,0.74721324,1.79,0.045322984,0.05,2016-03-14 09:50:00
390.89423,5.84,6.36235,56686.0,0.74620795,1.78,0.041392695,0.07,2016-03-14 09:55:00
391.54477,5.72,6.465207,56852.0,0.74789065,1.75,0.02118928,0.02,2016-03-14 10:00:00
391.8416,5.69,6.401687,57513.0,0.7410412,1.74,0.0293838,0.03,2016-03-14 10:05:00
391.12787,5.77,6.487696,55699.0,0.7608448,1.77,0.02118928,0.05,2016-03-14 10:10:00
390.37094,5.85,6.4795527,56482.0,0.74578667,1.79,0.0293838,0.04,2016-03-14 10:15:00
390.2788,5.73,6.485445,57833.0,0.7278297,1.75,0.02118928,0.07,2016-03-14 10:20:00
389.74255,6.27,6.3336325,61042.0,0.6866222,1.9,0.08990512,0.06,2016-03-14 10:25:00
389.57474,6.05,6.261613,59072.0,0.7085699,1.84,0.07918126,0.08,2016-03-14 10:30:00
386.75983,7.03,6.0897703,55539.0,0.7368212,2.1,0.15533602,0.06,2016-03-14 10:35:00
386.7504,7.36,5.868449,54243.0,0.7543683,2.2,0.1903317,0.05,2016-03-14 10:40:00
388.12378,6.84,6.177451,59023.0,0.70096827,2.06,0.1398791,0.01,2016-03-14 10:45:00
388.68094,6.56,6.251872,61070.0,0.68050456,1.98,0.12057395,0.02,2016-03-14 10:50:00
388.4488,6.22,6.2909937,59042.0,0.702571,1.88,0.08990512,0.04,2016-03-14 10:55:00
381.4719,10.85,5.9298058,48317.0,0.81142455,3.16,0.35410845,0.04,2016-03-14 12:00:00
380.89224,11.01,6.1997905,50895.0,0.7666852,3.2,0.33041382,0.23,2016-03-14 12:05:00
382.67957,11.09,6.101811,55035.0,0.7194198,3.25,0.37106785,0.16,2016-03-14 12:10:00
381.0459,11.37,5.884165,49776.0,0.78490573,3.3,0.38201708,0.02,2016-03-14 12:15:00
382.44592,10.9,5.8978724,48048.0,0.8224707,3.19,0.36172783,0.03,2016-03-14 12:20:00
381.79318,11.07,5.87767,52811.0,0.7443239,3.23,0.37839794,0.02,2016-03-14 12:25:00
380.99292,10.86,5.935099,55523.0,0.70335835,3.15,0.365488,0.08,2016-03-14 12:30:00
376.64108,10.54,5.8860345,54256.0,0.6944969,2.99,0.36172783,0.02,2016-03-14 12:35:00
377.93393,10.41,5.8271523,56460.0,0.6745436,2.97,0.365488,0.07,2016-03-14 12:40:00
376.9273,10.04,5.5997677,52744.0,0.7160974,2.85,0.30319607,0.2,2016-03-14 12:45:00
379.2259,7.73,6.5074873,53008.0,0.72614485,2.22,0.1398791,0.06,2016-03-14 12:50:00
376.053,7.96,6.4134235,51385.0,0.7297419,2.25,0.16136801,0.02,2016-03-14 12:55:00
376.4488,8.05,6.386282,50880.0,0.739402,2.28,0.16731733,0.03,2016-03-14 13:00:00
376.6903,8.07,6.3491178,51939.0,0.7257737,2.29,0.17609127,0.02,2016-03-14 13:05:00
376.08203,7.92,6.363057,49625.0,0.75580424,2.24,0.15836251,0.01,2016-03-14 13:10:00
376.68213,7.96,6.368367,51234.0,0.73571086,2.26,0.16435286,0.03,2016-03-14 13:15:00
374.59933,8.0,6.25028,49664.0,0.7459807,2.25,0.17609127,0.06,2016-03-14 13:20:00
371.57016,9.06,5.964319,54691.0,0.66050553,2.5,0.2855573,0.19,2016-03-14 13:25:00
370.487,9.84,5.8565865,54359.0,0.65852773,2.7,0.33645976,0.08,2016-03-14 13:30:00
370.90134,10.02,5.8848705,53444.0,0.6721367,2.76,0.34044415,0.11,2016-03-14 13:35:00
372.19315,9.54,5.8768783,53919.0,0.67346543,2.64,0.30319607,0.18,2016-03-14 13:40:00
371.21878,8.91,5.9917445,48740.0,0.73897153,2.45,0.2624511,0.02,2016-03-14 13:45:00
371.62573,9.53,6.0431614,51095.0,0.7073202,2.63,0.29003462,0.03,2016-03-14 13:50:00
373.23212,9.48,6.0640907,53418.0,0.68570644,2.64,0.28330123,0.04,2016-03-14 13:55:00
369.60574,10.66,5.8265686,52057.0,0.6825692,2.92,0.37106785,0.03,2016-03-14 14:00:00
371.28366,10.39,6.0618234,55358.0,0.65098214,2.87,0.3384565,0.14,2016-03-14 14:05:00
372.87384,10.18,6.2540064,55732.0,0.6552738,2.83,0.2988531,0.02,2016-03-14 14:10:00
374.81375,10.25,6.3607783,54470.0,0.6813739,2.88,0.2764618,0.05,2016-03-14 14:15:00
375.1746,10.28,6.495583,52099.0,0.7145202,2.9,0.2624511,0.02,2016-03-14 14:20:00
375.39304,10.49,6.593641,52832.0,0.7058846,2.96,0.2552725,0.04,2016-03-14 14:25:00
375.77936,10.23,6.59242,51944.0,0.72025454,2.89,0.23552847,0.04,2016-03-14 14:30:00
376.4077,10.95,6.7730646,53368.0,0.70469195,3.1,0.25042,0.08,2016-03-14 14:35:00
376.5236,10.85,6.8036313,52294.0,0.719854,3.08,0.24303806,0.05,2016-03-14 14:40:00
377.90192,11.32,6.7961974,54751.0,0.6954154,3.24,0.25767857,0.07,2016-03-14 14:45:00
374.68185,11.02,6.7927833,55361.0,0.66967356,3.09,0.2624511,0.09,2016-03-14 14:50:00
374.3739,11.1,6.68324,55452.0,0.66686547,3.11,0.2764618,0.02,2016-03-14 14:55:00
375.16083,11.18,6.747696,53308.0,0.69823533,3.15,0.2624511,0.02,2016-03-14 15:00:00
374.70685,11.19,6.6257153,52727.0,0.70327353,3.14,0.28330123,0.03,2016-03-14 15:05:00
373.5597,11.15,6.5910544,52011.0,0.7061821,3.11,0.28330123,0.02,2016-03-14 15:10:00
377.0462,6.84,6.4920416,16074.0,2.3520553,1.94,-0.008773916,0.07,2016-03-14 15:15:00
371.21457,11.31,6.492965,56310.0,0.63960576,3.12,0.3138672,0.02,2016-03-14 15:25:00
372.7029,11.41,6.431773,57956.0,0.62922966,3.17,0.32221928,0.07,2016-03-14 15:30:00
373.18326,11.56,6.4780626,57269.0,0.6393362,3.22,0.32633585,0.04,2016-03-14 15:35:00
371.97507,11.16,6.4794135,55674.0,0.65104705,3.09,0.30535138,0.06,2016-03-14 15:40:00
371.10547,11.41,6.464426,56282.0,0.63933855,3.15,0.31806332,0.05,2016-03-14 15:45:00
370.8867,11.18,6.5265303,56380.0,0.6370568,3.08,0.30749604,0.05,2016-03-14 15:50:00
370.4349,11.46,6.3037295,57685.0,0.6202867,3.15,0.346353,0.09,2016-03-14 15:55:00
369.86478,11.57,6.12721,58516.0,0.608553,3.17,0.376577,0.04,2016-03-14 16:00:00
368.65472,12.34,5.724238,57520.0,0.61280715,3.36,0.4456042,0.09,2016-03-14 16:05:00
370.05698,12.02,5.722639,55830.0,0.6388631,3.29,0.4456042,0.01,2016-03-14 16:10:00
369.5972,11.88,5.7911143,54916.0,0.64698726,3.25,0.4265113,0.05,2016-03-14 16:15:00
368.44006,11.84,5.8557663,54805.0,0.64200014,3.21,0.40823996,0.08,2016-03-14 16:20:00
368.42368,12.21,5.8565774,54205.0,0.6490166,3.32,0.42160395,0.07,2016-03-14 16:25:00
367.64728,11.99,6.1890306,53367.0,0.6548929,3.24,0.372912,0.06,2016-03-14 16:30:00
366.89145,12.38,6.1917524,53777.0,0.6457496,3.33,0.38738984,0.07,2016-03-14 16:35:00
369.44977,12.53,6.0208054,54814.0,0.64738655,3.42,0.4265113,0.09,2016-03-14 16:40:00
369.2075,12.51,5.927166,50880.0,0.6960193,3.41,0.4265113,0.04,2016-03-14 16:45:00
367.85458,12.06,5.834869,52169.0,0.67110825,3.26,0.41830128,0.04,2016-03-14 16:50:00
369.33658,12.35,5.7926416,52793.0,0.67152876,3.37,0.43616268,0.02,2016-03-14 16:55:00
370.76538,12.93,5.715339,53219.0,0.6742086,3.55,0.47129175,0.04,2016-03-14 17:00:00
369.88257,13.06,5.5935946,53082.0,0.67095095,3.57,0.4913617,0.03,2016-03-14 17:05:00
368.31607,13.35,5.128801,54637.0,0.64329964,3.63,0.5078559,0.08,2016-03-14 17:10:00
367.68564,13.6,5.612789,51780.0,0.67518383,3.68,0.50242716,0.02,2016-03-14 17:15:00
365.4153,13.78,5.812306,53669.0,0.6389795,3.68,0.46089786,0.13,2016-03-14 17:20:00
369.2728,13.71,5.7053833,53443.0,0.6630047,3.74,0.4871384,0.13,2016-03-14 17:25:00
388.9046,24.79,8.985154,71088.0,0.58565307,7.6,0.3944517,1.43,2016-03-14 17:30:00
392.0348,26.31,8.620794,76775.0,0.55597454,8.13,0.47421628,0.87,2016-03-14 17:35:00
389.54623,23.21,9.130487,69185.0,0.60485804,7.13,0.3424227,0.55,2016-03-14 17:40:00
401.57663,28.03,9.864066,79857.0,0.57606745,9.07,0.38916612,0.57,2016-03-14 17:45:00
400.29767,29.67,11.030304,78673.0,0.57895917,9.51,0.3201463,0.2,2016-03-14 17:50:00
407.01843,30.97,10.629304,76517.0,0.6269399,10.26,0.35218254,1.06,2016-03-14 17:55:00
405.87775,38.65,14.368556,76081.0,0.6250481,12.73,0.20139715,0.67,2016-03-14 18:00:00
406.51697,42.41,14.613819,76183.0,0.6272765,14.02,0.22010809,0.31,2016-03-14 18:05:00
411.91196,42.4,15.565262,69202.0,0.7194865,14.38,0.15533602,0.63,2016-03-14 18:10:00
415.39316,42.12,16.96598,68834.0,0.74253374,14.53,0.07554698,0.08,2016-03-14 18:15:00
422.3183,46.89,15.960986,69306.0,0.7764284,16.76,0.18469143,1.23,2016-03-14 18:20:00
427.2056,54.44,13.39661,81793.0,0.68188614,19.87,0.41830128,0.8,2016-03-14 18:25:00
429.1937,63.67,10.3891535,83003.0,0.6817281,23.46,0.6757783,0.84,2016-03-14 18:30:00
430.50793,69.73,12.711105,47771.0,1.1958431,25.85,0.4313638,0.81,2016-03-14 18:35:00
432.82913,63.76,14.897363,42553.0,1.3651434,23.88,0.24551268,1.71,2016-03-14 18:45:00
432.57983,51.08,17.524216,55596.0,1.0430039,19.13,0.07188199,1.99,2016-03-14 18:50:00
435.34573,49.98,13.09532,78121.0,0.7571441,18.91,0.10720996,0.5,2016-03-14 18:55:00
444.34036,31.92,19.378265,174638.0,0.36095718,12.59,0.017033322,0.96,2016-03-14 19:00:00
448.9016,30.51,10.727413,194983.0,0.33373755,12.31,0.30103,3.34,2016-03-14 19:05:00
443.88052,37.28,12.306238,201708.0,0.31150958,14.69,0.53402615,3.59,2016-03-14 19:10:00
459.1995,36.4,21.850597,159292.0,0.43840107,15.36,-0.031517047,1.07,2016-03-14 19:15:00
462.21964,35.92,23.420158,146032.0,0.4880679,15.36,-0.13076828,0.61,2016-03-14 19:20:00
467.44485,34.49,23.124317,160483.0,0.45993546,15.08,-0.13667715,0.32,2016-03-14 19:25:00
476.58542,32.19,19.066658,196202.0,0.3995802,14.64,0.037426513,1.67,2016-03-14 19:30:00
481.8123,19.44,16.282095,245971.0,0.32973886,9.04,-0.15490197,0.79,2016-03-14 19:35:00
483.36462,16.72,15.82578,367398.0,0.22298008,7.83,0.00432137,1.75,2016-03-14 19:40:00
482.4934,14.8,21.169361,356212.0,0.2286943,6.9,-0.21467017,0.46,2016-03-14 19:45:00
493.34528,13.0,17.454836,519351.0,0.16810215,6.33,-0.09151498,0.47,2016-03-14 19:50:00
503.61533,14.33,14.115129,578812.0,0.1608243,7.27,0.28103337,1.74,2016-03-14 19:55:00
508.04507,12.3,12.902938,515417.0,0.18559667,6.35,0.096910015,0.81,2016-03-14 20:05:00
504.3917,13.28,10.65239,527027.0,0.1774757,6.76,0.24054927,1.22,2016-03-14 20:10:00
513.8075,12.26,14.444075,503366.0,0.19683081,6.47,0.18469143,0.59,2016-03-14 20:15:00
521.11475,12.57,15.2330885,477724.0,0.21671635,6.83,0.12385166,0.05,2016-03-14 20:20:00
515.66205,11.8,15.156296,490050.0,0.20445964,6.27,0.117271274,0.12,2016-03-14 20:25:00
510.37967,12.51,14.982186,543305.0,0.17860086,6.51,0.19312459,0.11,2016-03-14 20:30:00
519.1657,13.46,14.085148,613043.0,0.16692135,7.27,0.2855573,0.35,2016-03-14 20:35:00
518.0073,13.74,9.359086,512738.0,0.19819257,7.38,0.3096302,0.69,2016-03-14 20:40:00
513.2657,11.47,12.522416,521016.0,0.18953942,6.04,0.29446626,0.28,2016-03-14 20:45:00
512.7609,13.34,10.473461,541102.0,0.18194547,7.02,0.46686766,0.41,2016-03-14 20:50:00
517.5526,14.48,10.791575,519058.0,0.19524491,7.76,0.52113813,1.4,2016-03-14 20:55:00
510.33163,15.29,10.606437,551632.0,0.17585331,7.97,0.5658479,1.21,2016-03-14 21:00:00
529.57214,14.79,8.666476,495510.0,0.21967553,8.3,0.38201708,3.13,2016-03-14 21:05:00
525.1702,14.74,9.28319,609032.0,0.17414428,8.14,0.28103337,0.47,2016-03-14 21:10:00
520.38403,13.76,15.814589,609994.0,0.1689842,7.46,0.21218762,0.52,2016-03-14 21:15:00
517.15295,15.84,14.786355,663009.0,0.15248665,8.47,0.38201708,0.36,2016-03-14 21:20:00
513.5861,16.74,13.455638,707571.0,0.13983771,8.83,0.50515,0.35,2016-03-14 21:25:00
519.20044,16.96,12.057947,663487.0,0.15426269,9.14,0.51587385,0.65,2016-03-14 21:30:00
522.1068,14.45,11.692532,579656.0,0.17966756,7.89,0.32837963,1.19,2016-03-14 21:35:00
522.7623,13.56,12.080224,607554.0,0.17208837,7.41,0.35793486,0.16,2016-03-14 22:00:00
519.03186,15.03,13.130065,644804.0,0.15857199,8.1,0.38738984,0.23,2016-03-14 22:05:00
515.7636,15.5,11.1128435,640285.0,0.15658166,8.25,0.4941546,0.41,2016-03-14 22:10:00
516.235,14.27,11.404798,562160.0,0.17885016,7.6,0.45484486,0.46,2016-03-14 22:15:00
512.9367,14.45,10.782805,560579.0,0.17581135,7.61,0.51719594,0.66,2016-03-14 22:20:00
516.6313,13.68,9.559216,513685.0,0.19619586,7.28,0.59659714,0.34,2016-03-14 22:25:00
507.3886,16.22,9.634811,625063.0,0.15242529,8.35,0.7283538,0.18,2016-03-14 22:30:00
504.65536,16.32,8.976736,681970.0,0.1373767,8.31,0.8169038,0.14,2016-03-14 22:35:00
507.7725,15.26,9.014361,594380.0,0.1606716,7.86,0.7535831,0.28,2016-03-14 22:40:00
514.933,13.44,8.682828,520349.0,0.19170809,7.08,0.6344773,0.55,2016-03-14 22:45:00
523.80096,12.97,8.962243,481713.0,0.21838936,7.02,0.47275648,0.45,2016-03-14 22:50:00
575.5133,11.41,9.661625,479022.0,0.29440966,7.38,0.4756712,0.31,2016-03-14 22:55:00
605.59827,8.23,9.437341,378537.0,0.43660387,6.03,0.26007143,0.48,2016-03-14 23:00:00
599.1055,8.38,8.220127,382118.0,0.41824004,5.99,0.47421628,1.35,2016-03-14 23:05:00
579.72107,10.3,3.6023605,409874.0,0.35197017,6.93,0.9571282,0.9,2016-03-14 23:10:00
568.61743,10.68,3.2893312,414239.0,0.32791358,6.92,1.3298047,0.99,2016-03-14 23:15:00
563.5558,9.57,4.491926,380696.0,0.34701118,6.08,0.86687785,0.43,2016-03-14 23:20:00
562.5595,9.15,7.3092403,342130.0,0.38400647,5.79,0.48000696,0.32,2016-03-14 23:25:00
575.3547,8.89,7.280728,340209.0,0.4141799,5.88,0.39967373,0.17,2016-03-14 23:30:00
575.24554,7.98,5.8124866,302130.0,0.46610582,5.3,0.33041382,0.22,2016-03-14 23:35:00
559.40295,8.03,6.3608885,294386.0,0.4385359,5.04,0.32221928,0.36,2016-03-14 23:40:00
546.79047,8.0,8.686202,286485.0,0.41974914,4.78,0.2624511,0.1,2016-03-14 23:45:00
545.9889,8.23,8.990991,238602.0,0.50168866,4.91,0.19865711,0.1,2016-03-14 23:50:00
544.6576,7.89,8.816467,280575.0,0.42340776,4.68,0.22788674,0.03,2016-03-14 23:55:00
551.2382,8.42,8.372939,262124.0,0.47047618,5.12,0.2624511,0.21,2016-03-15 00:00:00
551.415,8.21,8.103789,247273.0,0.49923068,5.0,0.25042,0.07,2016-03-15 00:05:00
555.00244,7.65,8.170856,212748.0,0.59207904,4.71,0.1818436,0.06,2016-03-15 00:10:00
549.4635,7.79,8.367491,278130.0,0.4389722,4.71,0.26717174,0.07,2016-03-15 00:15:00
550.8599,7.62,8.389089,278538.0,0.4418064,4.62,0.26007143,0.06,2016-03-15 00:20:00
551.3327,7.56,8.337512,263640.0,0.46802047,4.6,0.24797328,0.06,2016-03-15 00:25:00
548.35986,8.15,8.680403,246418.0,0.49237296,4.9,0.22530928,0.09,2016-03-15 00:30:00
550.45404,8.15,8.583525,250446.0,0.49023667,4.94,0.23804612,0.1,2016-03-15 00:35:00
550.7186,7.96,8.3877535,265166.0,0.46371558,4.83,0.26007143,0.05,2016-03-15 00:40:00
548.4937,8.02,7.9298296,287206.0,0.42276892,4.83,0.34044415,0.04,2016-03-15 00:50:00
548.2402,7.99,7.928688,287206.0,0.42216083,4.8,0.33645976,0.04,2016-03-15 00:55:00
548.7097,7.85,7.93063,296032.0,0.41066748,4.73,0.3424227,0.05,2016-03-15 01:00:00
548.97363,7.84,7.8248706,285543.0,0.42639044,4.73,0.3443923,0.1,2016-03-15 01:05:00
558.391,8.14,6.9553432,274185.0,0.4681993,5.08,0.35218254,0.12,2016-03-15 01:10:00
559.06793,7.92,7.157548,258680.0,0.4981379,4.95,0.3201463,0.12,2016-03-15 01:15:00
564.19354,7.63,7.669746,233358.0,0.56810445,4.86,0.28330123,0.29,2016-03-15 01:20:00
557.3994,7.32,8.141063,246456.0,0.5180029,4.55,0.24303806,0.23,2016-03-15 01:25:00
544.6447,7.31,7.865221,254470.0,0.4668091,4.34,0.26951295,0.11,2016-03-15 01:30:00
543.3561,7.77,8.051788,236181.0,0.49926195,4.59,0.25767857,0.04,2016-03-15 01:35:00
546.4532,8.31,8.143709,232088.0,0.5171361,4.97,0.27184162,0.08,2016-03-15 01:40:00
545.3703,8.62,8.194096,239235.0,0.4985987,5.13,0.2855573,0.05,2016-03-15 01:45:00
546.3918,8.21,8.241851,245701.0,0.4883135,4.9,0.27184162,0.11,2016-03-15 01:50:00
549.2067,8.32,8.1300125,240730.0,0.5064337,5.02,0.28103337,0.03,2016-03-15 01:55:00
555.7932,8.18,8.053645,243321.0,0.51998466,5.06,0.28780174,0.06,2016-03-15 02:00:00
554.7851,7.42,8.176363,233240.0,0.53940207,4.57,0.22010809,0.1,2016-03-15 02:05:00
548.31366,7.9,8.171774,236881.0,0.5120619,4.75,0.25042,0.07,2016-03-15 02:10:00
547.6976,7.56,8.33099,237283.0,0.5094084,4.54,0.22271647,0.12,2016-03-15 02:15:00
544.698,8.02,8.199482,234448.0,0.50682914,4.76,0.25042,0.02,2016-03-15 02:20:00
543.55566,8.0,8.297584,230133.0,0.5129687,4.73,0.23804612,0.04,2016-03-15 02:25:00
541.7631,8.07,8.052509,248930.0,0.46938235,4.74,0.2552725,0.06,2016-03-15 02:30:00
541.14075,7.94,8.099827,263750.0,0.4414256,4.65,0.26951295,0.04,2016-03-15 02:35:00
541.43335,7.84,8.254725,263531.0,0.44253656,4.59,0.25285304,0.14,2016-03-15 02:40:00
543.2115,7.3,8.466333,259291.0,0.4543872,4.31,0.18752073,0.1,2016-03-15 02:45:00
537.66016,6.69,8.973193,279680.0,0.4080043,3.87,0.1398791,0.15,2016-03-15 02:50:00
540.17615,6.4,9.163935,267386.0,0.43301123,3.74,0.08278538,0.2,2016-03-15 02:55:00
541.39233,7.47,8.840695,250498.0,0.46545118,4.38,0.17026173,0.1,2016-03-15 03:00:00
557.8268,7.18,8.765848,259999.0,0.49219373,4.46,0.16435286,0.15,2016-03-15 03:05:00
542.3035,6.4,8.509148,239313.0,0.48976254,3.77,0.08635984,0.14,2016-03-15 03:10:00
549.4012,6.56,8.7685175,262613.0,0.46474567,3.96,0.11394334,0.14,2016-03-15 03:15:00
544.9537,7.97,6.322096,232296.0,0.51227236,4.73,0.19312459,0.61,2016-03-15 03:20:00
557.43677,6.79,8.369092,292165.0,0.43705282,4.22,0.17609127,0.27,2016-03-15 03:25:00
558.67865,7.17,8.170569,257827.0,0.49870336,4.47,0.1430148,0.42,2016-03-15 03:30:00
555.42377,7.25,7.8597965,281568.0,0.448423,4.48,0.23044895,0.14,2016-03-15 03:35:00
555.3119,7.51,8.411076,279576.0,0.4513349,4.63,0.23299614,0.08,2016-03-15 03:40:00
548.86847,7.93,7.491668,271572.0,0.44805872,4.79,0.25767857,0.5,2016-03-15 03:45:00
541.5525,7.51,8.485305,327605.0,0.3562278,4.4,0.29003462,0.15,2016-03-15 03:50:00
550.1545,7.44,7.7085147,269967.0,0.4540182,4.5,0.22271647,0.5,2016-03-15 03:55:00
554.2573,7.66,8.642066,252707.0,0.496377,4.71,0.19312459,0.1,2016-03-15 04:00:00
547.03687,7.8,8.539655,226720.0,0.5311425,4.66,0.1903317,0.04,2016-03-15 04:05:00
550.4911,7.63,6.3764095,222416.0,0.5521344,4.63,0.20139715,0.05,2016-03-15 04:10:00
553.95166,7.74,4.120449,250033.0,0.5008248,4.76,0.30749604,0.47,2016-03-15 04:15:00
576.3409,6.91,4.4178157,265294.0,0.5339773,4.6,0.30749604,0.23,2016-03-15 04:20:00
564.053,7.02,6.3102775,287604.0,0.46059495,4.47,0.35218254,0.52,2016-03-15 04:25:00
565.38257,6.61,6.6772227,264853.0,0.5038395,4.23,0.23044895,0.23,2016-03-15 04:30:00
565.9224,6.42,6.9834943,267108.0,0.5010724,4.12,0.21748395,0.18,2016-03-15 04:35:00
559.29736,6.54,6.7505407,240023.0,0.53754437,4.09,0.22010809,0.18,2016-03-15 04:40:00
562.18555,6.94,5.9776416,254711.0,0.51473415,4.39,0.32837963,0.36,2016-03-15 04:45:00
564.6431,6.86,6.6375527,260952.0,0.50929236,4.38,0.27415785,0.31,2016-03-15 04:50:00
563.27606,6.71,7.748658,233290.0,0.56539834,4.25,0.2068259,0.1,2016-03-15 04:55:00
559.58026,6.28,7.681719,215639.0,0.59927136,3.94,0.17026173,0.06,2016-03-15 05:00:00
550.5802,5.98,8.117869,212031.0,0.5794692,3.63,0.096910015,0.1,2016-03-15 05:05:00
552.71844,6.44,7.7852874,220714.0,0.56343013,3.93,0.18469143,0.04,2016-03-15 05:10:00
553.2595,6.21,7.741428,213949.0,0.5830189,3.8,0.16136801,0.05,2016-03-15 05:15:00
555.75,6.13,7.784864,213485.0,0.5925126,3.79,0.15228835,0.03,2016-03-15 05:20:00
556.16223,5.88,7.665859,207755.0,0.6102615,3.64,0.13353892,0.05,2016-03-15 05:25:00
552.3767,6.05,7.7118483,231064.0,0.5371575,3.69,0.17609127,0.09,2016-03-15 05:30:00
558.0882,6.44,7.644299,222912.0,0.5749203,4.01,0.19865711,0.06,2016-03-15 05:35:00
559.3478,6.06,7.5151243,201261.0,0.6412529,3.79,0.14612804,0.09,2016-03-15 05:45:00
554.27814,5.94,6.9889417,222274.0,0.56440514,3.65,0.20412001,0.04,2016-03-15 05:50:00
549.03394,5.82,7.3014045,226489.0,0.5377499,3.51,0.18752073,0.04,2016-03-15 05:55:00
554.07825,5.9,7.534892,227600.0,0.5505792,3.62,0.18752073,0.02,2016-03-15 06:00:00
554.82837,6.56,7.223697,231785.0,0.5429199,4.04,0.25285304,0.07,2016-03-15 06:05:00
555.3433,6.3,7.696525,228758.0,0.5516949,3.88,0.19312459,0.09,2016-03-15 06:10:00
556.1664,5.85,7.83445,204416.0,0.62024426,3.62,0.117271274,0.02,2016-03-15 06:15:00
551.104,5.55,7.8000574,204026.0,0.6039902,3.37,0.096910015,0.02,2016-03-15 06:20:00
551.8104,5.73,7.737732,205408.0,0.60232353,3.5,0.12385166,0.09,2016-03-15 06:25:00
549.1702,4.7,7.8527,165433.0,0.7367852,2.83,-0.017728778,0.03,2016-03-15 06:30:00
544.6404,4.98,7.84343,173736.0,0.6837152,2.95,0.017033322,0.13,2016-03-15 06:35:00
541.52045,4.81,7.74709,164853.0,0.7077852,2.82,-0.017728778,0.06,2016-03-15 06:40:00
539.4122,5.05,7.7431455,175348.0,0.6573907,2.94,0.0293838,0.07,2016-03-15 06:45:00
537.5167,4.86,7.5848927,181111.0,0.62953603,2.81,0.033423774,0.05,2016-03-15 06:50:00
542.7486,4.89,7.7059326,175690.0,0.6688273,2.88,0.008600163,0.01,2016-03-15 06:55:00
554.821,5.83,7.6101117,192917.0,0.65227777,3.59,0.12057395,0.06,2016-03-15 07:00:00
554.8688,5.45,7.318825,189033.0,0.6658584,3.35,0.10037054,0.13,2016-03-15 07:05:00
547.56854,5.52,7.5481787,208702.0,0.5787456,3.31,0.12385166,0.05,2016-03-15 07:10:00
553.9889,5.12,7.265439,194482.0,0.6440129,3.14,0.10720996,0.18,2016-03-15 07:15:00
563.5871,5.48,7.020214,200274.0,0.6597393,3.48,0.15836251,0.17,2016-03-15 07:20:00
571.1853,5.57,7.5073695,194118.0,0.70963705,3.63,0.117271274,0.09,2016-03-15 07:25:00
567.9194,5.86,7.34783,195514.0,0.6921047,3.78,0.1492191,0.04,2016-03-15 07:30:00
572.41174,6.3,7.370088,210600.0,0.65848136,4.13,0.20951504,0.12,2016-03-15 07:35:00
578.614,6.43,7.3257694,217800.0,0.658437,4.31,0.23299614,0.05,2016-03-15 07:40:00
570.6871,6.37,7.2890673,214906.0,0.63925433,4.15,0.23299614,0.09,2016-03-15 07:45:00
564.7549,5.94,5.9686093,191596.0,0.6940791,3.8,0.14612804,0.04,2016-03-15 07:50:00
559.64484,5.67,7.29582,190121.0,0.67994964,3.55,0.1398791,0.06,2016-03-15 07:55:00
560.07715,5.72,7.3119698,188390.0,0.68784875,3.59,0.1398791,0.03,2016-03-15 08:00:00
560.41516,5.6,7.2120104,179166.0,0.72462094,3.52,0.13353892,0.03,2016-03-15 08:05:00
560.4707,5.34,7.1376395,175983.0,0.73795474,3.36,0.117271274,0.03,2016-03-15 08:10:00
557.2024,5.21,7.0831914,178731.0,0.71349955,3.24,0.12057395,0.03,2016-03-15 08:15:00
560.16656,5.11,7.1247807,172539.0,0.75141424,3.21,0.096910015,0.04,2016-03-15 08:20:00
557.1198,5.03,7.1906676,171244.0,0.744351,3.12,0.08278538,0.03,2016-03-15 08:25:00
558.048,5.2,6.7909427,183926.0,0.69662756,3.24,0.1398791,0.12,2016-03-15 08:30:00
554.65265,4.47,6.8248005,166638.0,0.7544299,2.75,0.053078443,0.07,2016-03-15 08:35:00
553.6273,4.76,6.819567,163094.0,0.76639616,2.92,0.06818584,0.04,2016-03-15 08:40:00
555.3957,5.01,6.8553996,166851.0,0.75661325,3.09,0.10380372,0.07,2016-03-15 08:45:00
560.1857,5.02,6.960273,168553.0,0.76926565,3.15,0.10037054,0.03,2016-03-15 08:50:00
561.5221,5.19,7.0331,167617.0,0.7793205,3.27,0.10720996,0.04,2016-03-15 08:55:00
562.4515,5.14,6.9741597,165040.0,0.79557425,3.26,0.10720996,0.05,2016-03-15 09:00:00
560.9692,5.06,6.8702693,166661.0,0.78139096,3.19,0.11394334,0.06,2016-03-15 09:05:00
554.1882,4.81,6.817104,171560.0,0.7308769,2.95,0.10380372,0.04,2016-03-15 09:10:00
546.7068,4.65,6.876671,171203.0,0.7020588,2.78,0.08635984,0.04,2016-03-15 09:15:00
548.6149,4.89,6.7808704,166132.0,0.7313784,2.94,0.1105897,0.09,2016-03-15 09:20:00
540.63245,4.08,6.6625075,144652.0,0.80251825,2.39,0.008600163,0.09,2016-03-15 09:25:00
547.1405,4.29,6.3795767,155393.0,0.77539957,2.58,0.05690485,0.14,2016-03-15 09:30:00
551.04364,4.31,6.3580346,156493.0,0.7871768,2.63,0.07188199,0.03,2016-03-15 09:35:00
535.56067,3.43,6.68618,126441.0,0.89155614,1.97,-0.09691001,0.01,2016-03-15 09:40:00
553.81146,4.92,6.701657,175466.0,0.713096,3.02,0.13353892,0.04,2016-03-15 09:45:00
553.4304,4.61,6.6141214,163282.0,0.76466656,2.83,0.08990512,0.02,2016-03-15 09:50:00
542.5091,3.72,6.696828,138099.0,0.84971577,2.21,-0.036212165,0.03,2016-03-15 09:55:00
538.3111,3.46,6.76196,133691.0,0.8567611,2.02,-0.07572073,0.02,2016-03-15 10:00:00
548.9991,4.43,6.732028,178384.0,0.6826307,2.67,0.08990512,0.03,2016-03-15 10:05:00
532.3928,3.5,6.714916,144585.0,0.76540756,1.98,-0.060480744,0.04,2016-03-15 10:10:00
531.0086,3.07,6.7512813,132510.0,0.8284145,1.73,-0.1426675,0.01,2016-03-15 10:15:00
549.0385,4.68,5.9608893,202236.0,0.60225487,2.82,0.23552847,0.26,2016-03-15 10:20:00
536.20276,3.86,6.179167,174442.0,0.6486426,2.24,0.08635984,0.28,2016-03-15 10:25:00
532.8653,3.64,6.326539,141854.0,0.7823007,2.07,-0.031517047,0.17,2016-03-15 10:30:00
532.3316,3.9,6.467813,181362.0,0.60997814,2.23,0.09342169,0.18,2016-03-15 10:35:00
522.6431,3.5,6.6499624,154156.0,0.6777471,1.93,-0.017728778,0.13,2016-03-15 10:40:00
528.7556,4.17,6.567016,191494.0,0.5657087,2.34,0.09342169,0.03,2016-03-15 10:45:00
528.9619,4.23,6.451674,203316.0,0.5334624,2.38,0.12385166,0.07,2016-03-15 10:50:00
513.3297,3.13,6.6887145,151552.0,0.65186477,1.65,-0.09151498,0.03,2016-03-15 10:55:00
509.85815,2.73,6.6690035,138233.0,0.6997346,1.42,-0.17392519,0.04,2016-03-15 11:00:00
538.48553,4.5,8.139417,125328.0,0.9148541,2.61,-0.15490197,0.04,2016-03-15 15:35:00
527.81573,5.21,8.204352,141412.0,0.761827,2.9,-0.06550154,0.05,2016-03-15 15:40:00
502.56152,4.45,7.9137983,131033.0,0.7057919,2.25,-0.13667715,0.08,2016-03-15 15:45:00
511.0002,4.62,7.934961,136010.0,0.71614206,2.41,-0.11350928,0.09,2016-03-15 15:50:00
503.79007,4.3,8.020512,115771.0,0.8049307,2.19,-0.18045606,0.05,2016-03-15 15:55:00
513.1143,4.31,7.85736,125250.0,0.78772396,2.27,-0.14874166,0.04,2016-03-15 16:00:00
502.96732,4.63,8.005967,193815.0,0.47836694,2.34,-0.031517047,0.06,2016-03-15 16:05:00
484.8908,3.63,8.014655,95533.0,0.8659871,1.71,-0.2839967,0.13,2016-03-15 16:15:00
494.10303,4.05,8.20986,110766.0,0.79195887,1.99,-0.22184876,0.14,2016-03-15 16:20:00
535.8589,4.91,7.065593,150579.0,0.74993706,2.84,-0.05061,0.05,2016-03-15 16:25:00
515.1713,4.53,6.8391447,163140.0,0.6123508,2.42,-0.06550154,0.05,2016-03-15 16:30:00
525.3661,4.74,7.7340093,137078.0,0.7746146,2.62,-0.08618615,0.04,2016-03-15 16:35:00
523.0949,4.83,7.7433004,146727.0,0.7139804,2.64,-0.05551733,0.02,2016-03-15 16:40:00
523.7786,4.75,7.7971854,139622.0,0.75337005,2.61,-0.08092192,0.06,2016-03-15 16:45:00
524.1291,5.04,7.989919,180584.0,0.5836968,2.77,-0.017728778,0.09,2016-03-15 16:50:00
517.3499,4.77,7.6757345,148156.0,0.68319833,2.55,-0.07058106,0.04,2016-03-15 16:55:00
519.91156,4.94,7.998062,152712.0,0.67308587,2.67,-0.045757502,0.07,2016-03-15 17:00:00
519.1551,4.84,8.020455,151506.0,0.67537546,2.61,-0.060480744,0.02,2016-03-15 17:05:00
521.6893,4.83,8.0270605,149782.0,0.69358355,2.62,-0.06550154,0.05,2016-03-15 17:10:00
517.38354,4.54,7.758576,164311.0,0.61615103,2.43,-0.08092192,0.02,2016-03-15 17:15:00
524.5035,4.8,7.4673223,188708.0,0.5598112,2.64,-0.022276402,0.17,2016-03-15 17:20:00
529.74005,4.31,8.418747,153862.0,0.7081599,2.42,-0.13076828,0.03,2016-03-15 17:25:00
510.21088,4.48,8.566428,148380.0,0.65328807,2.33,-0.16115092,0.03,2016-03-15 17:30:00
525.0695,3.9,8.519589,108040.0,0.98108256,2.15,-0.30103,0.07,2016-03-15 17:35:00
501.07928,4.6,8.387354,153989.0,0.5950785,2.31,-0.15490197,0.1,2016-03-15 17:40:00
504.59473,4.91,8.87452,164973.0,0.56767917,2.5,-0.13076828,0.04,2016-03-15 17:45:00
492.7368,4.32,9.374566,130466.0,0.6666046,2.11,-0.27572417,0.2,2016-03-15 17:50:00
492.8418,4.82,9.241309,113511.0,0.766683,2.34,-0.25181198,0.29,2016-03-15 17:55:00
501.84247,6.11,9.558211,140102.0,0.6571692,3.08,-0.13076828,0.12,2016-03-15 18:00:00
501.12198,5.99,9.472618,136274.0,0.6726144,3.01,-0.13667715,0.07,2016-03-15 18:05:00
501.97012,5.83,9.272249,136877.0,0.6731858,2.94,-0.13667715,0.03,2016-03-15 18:10:00
500.27463,5.84,9.2944765,128675.0,0.70859325,2.93,-0.1426675,0.03,2016-03-15 18:15:00
500.6121,5.45,9.157314,134592.0,0.6788653,2.73,-0.15490197,0.05,2016-03-15 18:20:00
502.1809,5.98,9.036073,127450.0,0.7239243,3.02,-0.11350928,0.09,2016-03-15 18:25:00
502.90433,5.93,9.008457,132289.0,0.7005764,3.0,-0.10790541,0.09,2016-03-15 18:30:00
513.785,5.96,8.6173315,145318.0,0.68170786,3.15,-0.08092192,0.06,2016-03-15 18:35:00
513.08234,5.88,8.923016,168424.0,0.58568424,3.1,-0.05061,0.15,2016-03-15 18:40:00
511.08618,5.74,8.381277,143849.0,0.6774708,3.0,-0.10237289,0.15,2016-03-15 18:45:00
498.7998,4.93,8.8791275,163303.0,0.55322975,2.45,-0.13076828,0.07,2016-03-15 18:50:00
496.67496,4.89,8.501788,165894.0,0.53739977,2.42,-0.10237289,0.23,2016-03-15 18:55:00
491.27124,5.15,8.423164,177865.0,0.48444894,2.49,-0.05061,0.03,2016-03-15 19:00:00
480.6174,5.38,8.404814,189214.0,0.42534742,2.49,-0.008773916,0.06,2016-03-15 19:05:00
477.90082,5.14,8.462293,178353.0,0.44335675,2.35,-0.0409586,0.03,2016-03-15 19:10:00
476.66046,5.33,8.510423,216079.0,0.3630009,2.42,0.02118928,0.04,2016-03-15 19:15:00
479.55997,4.84,8.495799,214434.0,0.37275678,2.23,-0.022276402,0.05,2016-03-15 19:20:00
478.1792,5.33,8.373243,202090.0,0.39199108,2.44,0.012837212,0.07,2016-03-15 19:25:00
477.1634,5.19,8.290507,213798.0,0.36808005,2.36,0.025305841,0.04,2016-03-15 19:35:00
476.35294,5.71,8.188431,200925.0,0.38959536,2.6,0.06069783,0.02,2016-03-15 19:40:00
493.61743,6.25,6.3143725,197168.0,0.44355083,3.07,0.09342169,0.03,2016-03-15 19:45:00
493.98285,6.81,6.906019,199101.0,0.44025758,3.33,0.13353892,0.11,2016-03-15 19:50:00
513.70465,6.54,4.81212,189736.0,0.52186304,3.45,0.15533602,0.26,2016-03-15 19:55:00
502.2705,5.77,7.9748225,170173.0,0.5424798,2.91,0.041392695,0.14,2016-03-15 20:00:00
506.14246,5.09,7.839496,157758.0,0.5993285,2.61,-0.022276402,0.02,2016-03-15 20:05:00
502.22632,5.48,7.707302,142869.0,0.6459773,2.76,-0.022276402,0.03,2016-03-15 20:10:00
481.76053,6.1,8.038937,139350.0,0.5818376,2.83,0.012837212,0.05,2016-03-15 20:15:00
496.33627,6.82,7.3915424,162153.0,0.5486318,3.37,0.13033378,0.09,2016-03-15 20:20:00
499.7802,6.28,6.745339,161085.0,0.56428605,3.16,0.07918126,0.21,2016-03-15 20:25:00
494.10834,5.54,7.609067,139530.0,0.62871826,2.71,-0.060480744,0.13,2016-03-15 20:30:00
516.7631,4.91,8.387902,136876.0,0.73689294,2.62,-0.12493874,0.08,2016-03-15 20:35:00
489.03845,4.65,8.328397,123720.0,0.6866574,2.22,-0.16115092,0.03,2016-03-15 20:40:00
504.5673,4.9,8.366325,136419.0,0.6863845,2.5,-0.119186416,0.09,2016-03-15 21:00:00
506.51685,5.35,8.421058,140554.0,0.6742374,2.74,-0.08092192,0.04,2016-03-15 21:05:00
495.8108,5.57,8.395821,140245.0,0.6322465,2.74,-0.06550154,0.03,2016-03-15 21:10:00
489.1244,5.07,8.56038,129956.0,0.65406555,2.42,-0.13076828,0.12,2016-03-15 21:15:00
484.1812,5.13,8.549263,134796.0,0.6109531,2.41,-0.13076828,0.03,2016-03-15 21:20:00
479.73486,5.65,8.501141,134778.0,0.59373575,2.6,-0.07058106,0.17,2016-03-15 21:25:00
478.79703,6.45,8.151497,144318.0,0.55112,2.96,0.0293838,0.05,2016-03-15 21:30:00
468.41547,6.9,8.022058,147232.0,0.50457764,3.03,0.07188199,0.13,2016-03-15 21:35:00
480.2982,6.37,7.3487005,157683.0,0.5093472,2.94,0.064457975,0.09,2016-03-15 21:40:00
478.85428,5.74,6.884722,154907.0,0.5136382,2.64,0.00432137,0.07,2016-03-15 21:45:00
493.6341,5.98,7.1080446,140629.0,0.62194294,2.92,-0.008773916,0.08,2016-03-15 21:50:00
481.68204,7.21,6.7632904,126447.0,0.64088476,3.35,0.05690485,0.07,2016-03-15 21:55:00
473.3729,7.87,7.377846,177370.0,0.43279594,3.59,0.18752073,0.14,2016-03-15 22:00:00
482.57596,8.26,6.873143,159330.0,0.5115612,3.85,0.17609127,0.17,2016-03-15 22:05:00
483.32797,8.12,6.336324,167165.0,0.48995364,3.82,0.17026173,0.28,2016-03-15 22:10:00
462.5514,8.27,7.493317,146653.0,0.48708794,3.54,0.13353892,0.33,2016-03-15 22:15:00
461.62238,9.04,8.4268265,149142.0,0.47597075,3.86,0.10380372,0.09,2016-03-15 22:20:00
466.16464,7.96,8.567082,158191.0,0.46263275,3.47,0.05690485,0.08,2016-03-15 22:25:00
465.47202,7.76,8.289318,155011.0,0.46994323,3.36,0.06069783,0.15,2016-03-15 22:30:00
452.65353,6.95,8.189231,162895.0,0.40996498,2.88,-0.017728778,0.12,2016-03-15 22:35:00
445.15826,6.68,8.389148,151578.0,0.41825822,2.66,-0.060480744,0.04,2016-03-15 22:40:00
446.1405,6.7,8.417755,156830.0,0.40703458,2.68,-0.05551733,0.08,2016-03-15 22:45:00
442.07126,6.9,8.922017,170015.0,0.36490974,2.71,-0.013228253,0.17,2016-03-15 22:50:00
441.57602,6.88,8.991112,197284.0,0.3133758,2.69,0.05690485,0.06,2016-03-15 22:55:00
440.01068,6.79,9.108617,187126.0,0.32675484,2.64,0.02118928,0.14,2016-03-15 23:00:00
439.59418,6.94,9.176044,190888.0,0.3193723,2.68,0.041392695,0.07,2016-03-15 23:05:00
441.66028,7.38,8.99876,187499.0,0.32992578,2.88,0.07188199,0.07,2016-03-15 23:10:00
450.98242,7.11,8.577231,158670.0,0.41606313,2.9,0.00432137,0.11,2016-03-15 23:15:00
462.6147,8.39,9.184193,157417.0,0.45397472,3.59,0.064457975,0.06,2016-03-15 23:20:00
461.54358,8.94,9.174149,148261.0,0.47854468,3.81,0.08278538,0.03,2016-03-15 23:25:00
447.8237,7.97,8.862038,159551.0,0.40481076,3.2,0.064457975,0.08,2016-03-15 23:30:00
445.50308,7.43,8.950056,165648.0,0.38365534,2.95,0.037426513,0.06,2016-03-15 23:35:00
441.8188,6.27,9.166489,170259.0,0.36373934,2.45,-0.036212165,0.05,2016-03-15 23:40:00
447.51413,7.08,9.118958,166892.0,0.38617224,2.84,0.008600163,0.08,2016-03-15 23:45:00
449.62674,6.86,9.3609295,161750.0,0.4043334,2.77,-0.026872149,0.04,2016-03-15 23:50:00
449.78558,6.38,9.186882,155808.0,0.4202151,2.58,-0.060480744,0.05,2016-03-15 23:55:00
441.9278,6.16,9.388599,139513.0,0.44424152,2.41,-0.11350928,0.04,2016-03-16 00:00:00
442.12314,6.24,9.3911295,145668.0,0.4260565,2.44,-0.09691001,0.03,2016-03-16 00:05:00
440.8681,6.38,9.359706,155898.0,0.3945914,2.48,-0.07058106,0.05,2016-03-16 00:10:00
443.6093,6.81,9.413682,146178.0,0.42902857,2.68,-0.060480744,0.05,2016-03-16 00:15:00
446.21222,6.26,9.6187315,136503.0,0.46788117,2.5,-0.12493874,0.02,2016-03-16 00:20:00
442.52835,6.09,9.545941,121694.0,0.51144713,2.39,-0.15490197,0.06,2016-03-16 00:25:00
444.1516,7.22,9.309205,136025.0,0.46280843,2.85,-0.06550154,0.12,2016-03-16 00:30:00
451.70825,6.72,8.999477,143210.0,0.4632921,2.75,-0.07572073,0.03,2016-03-16 00:35:00
455.89203,6.3,8.579936,150852.0,0.45262808,2.63,-0.09691001,0.06,2016-03-16 00:40:00
453.94962,6.43,8.925178,138879.0,0.4851583,2.66,-0.09691001,0.11,2016-03-16 00:45:00
446.12753,5.18,9.292523,122893.0,0.5193906,2.06,-0.22184876,0.12,2016-03-16 00:50:00
475.87076,6.37,4.8440685,252754.0,0.30873114,2.92,0.38916612,1.49,2016-03-16 00:55:00
498.654,7.08,1.6818442,324801.0,0.27789906,3.52,1.0674429,1.41,2016-03-16 01:00:00
498.86154,7.15,1.5600641,328738.0,0.2749268,3.56,0.98227125,1.77,2016-03-16 01:05:00
498.228,7.02,2.4173746,318061.0,0.28303394,3.48,1.624179,0.8,2016-03-16 01:10:00
499.37054,6.56,3.738623,313005.0,0.28966397,3.27,1.0178677,0.66,2016-03-16 01:15:00
495.2684,6.59,2.903274,305162.0,0.2895767,3.24,1.0773679,0.54,2016-03-16 01:20:00
495.21445,6.92,2.762698,333451.0,0.26492,3.39,1.2350233,0.39,2016-03-16 01:25:00
497.1206,6.74,3.3961594,338794.0,0.26387912,3.33,1.0433623,0.12,2016-03-16 01:30:00
494.9644,6.71,3.3986616,340636.0,0.2589246,3.29,1.0484419,0.15,2016-03-16 01:35:00
498.45428,5.96,3.4718726,354944.0,0.25398207,2.96,1.0115705,0.25,2016-03-16 01:40:00
493.9285,6.25,3.2880998,357846.0,0.24486989,3.05,1.0538465,0.09,2016-03-16 01:45:00
489.95526,6.04,4.1832767,273987.0,0.3118762,2.91,0.73479986,2.01,2016-03-16 01:50:00
495.24008,5.75,6.749259,272751.0,0.32392943,2.83,0.12385166,0.43,2016-03-16 01:55:00
478.52225,5.48,7.024165,163904.0,0.48439652,2.53,-0.08092192,0.53,2016-03-16 02:00:00
492.33972,6.31,6.5885963,237100.0,0.3658847,3.08,0.35602587,0.7,2016-03-16 02:05:00
511.6964,6.13,8.413429,194052.0,0.504072,3.21,0.064457975,0.22,2016-03-16 02:10:00
508.50244,5.76,7.873303,212042.0,0.45240098,2.98,0.09342169,0.44,2016-03-16 02:15:00
506.9795,5.71,7.6511045,248653.0,0.3822052,2.94,0.17897695,0.42,2016-03-16 02:20:00
505.3501,5.89,6.76451,254700.0,0.3694105,3.01,0.26717174,0.31,2016-03-16 02:25:00
485.40762,6.69,4.497755,273540.0,0.30344793,3.15,0.79934055,1.05,2016-03-16 02:35:00
496.61545,6.09,4.4205203,291512.0,0.30571008,3.02,0.53907615,0.95,2016-03-16 02:40:00
497.39667,5.95,5.438934,329474.0,0.27181295,2.95,0.45939252,0.85,2016-03-16 02:45:00
499.00647,5.79,5.2929673,262733.0,0.34430644,2.89,0.45178646,0.77,2016-03-16 02:50:00
507.8911,5.73,6.2993174,257188.0,0.37159377,2.96,0.3201463,0.48,2016-03-16 02:55:00
510.1909,5.65,6.4440827,211463.0,0.4583453,2.94,0.16435286,0.28,2016-03-16 03:00:00
502.47748,5.93,6.48926,200110.0,0.46191534,3.0,0.16435286,0.19,2016-03-16 03:05:00
506.98627,5.66,6.6511574,192110.0,0.4947188,2.91,0.1430148,0.21,2016-03-16 03:10:00
505.15692,5.68,7.175019,180789.0,0.51981556,2.9,0.08990512,0.04,2016-03-16 03:15:00
496.5779,6.4,5.450147,210390.0,0.4234859,3.15,0.44715804,0.73,2016-03-16 03:20:00
500.35596,5.77,5.6517787,249480.0,0.36565813,2.88,0.39269698,0.57,2016-03-16 03:25:00
497.25623,6.2,5.5963025,242398.0,0.3691309,3.06,0.42160395,0.37,2016-03-16 03:30:00
496.48224,6.14,5.6623845,268357.0,0.33181086,3.03,0.4199558,0.55,2016-03-16 03:35:00
496.6306,6.08,5.3996387,262328.0,0.3397526,3.0,0.5237465,0.18,2016-03-16 03:40:00
497.3392,6.18,5.4246564,263796.0,0.33936483,3.05,0.52244425,0.13,2016-03-16 03:45:00
497.61185,6.03,5.4900455,260844.0,0.3437915,2.98,0.48144266,0.1,2016-03-16 03:50:00
497.35297,5.77,5.7059703,256423.0,0.34915277,2.86,0.44870633,0.06,2016-03-16 03:55:00
505.95355,6.52,5.4311237,269045.0,0.35101584,3.34,0.5575072,0.14,2016-03-16 04:00:00
494.62906,6.19,5.4541545,253002.0,0.34787545,3.03,0.44404483,0.18,2016-03-16 04:05:00
474.57712,5.73,6.6410465,211301.0,0.36618176,2.59,0.23552847,0.73,2016-03-16 04:10:00
465.1918,5.48,8.6483,174741.0,0.4161012,2.37,-0.0043648016,0.27,2016-03-16 04:15:00
455.95837,6.17,7.4295893,156484.0,0.43653536,2.56,0.0293838,0.25,2016-03-16 04:45:00
454.96512,5.93,6.7141194,167452.0,0.4051825,2.46,0.053078443,0.11,2016-03-16 04:50:00
462.60443,5.92,6.0243673,156743.0,0.4558953,2.55,0.049218025,0.08,2016-03-16 04:55:00
461.17133,6.05,5.9545026,175813.0,0.40253863,2.59,0.064457975,0.1,2016-03-16 05:00:00
457.491,6.29,7.1390543,181700.0,0.37990165,2.64,0.12385166,0.51,2016-03-16 05:05:00
450.14993,6.03,7.960358,131206.0,0.50026774,2.44,-0.060480744,0.07,2016-03-16 05:10:00
447.24884,5.36,7.0408163,146390.0,0.43944404,2.14,-0.08092192,0.04,2016-03-16 05:15:00
461.64056,5.75,6.6689878,156118.0,0.4547581,2.47,-0.036212165,0.04,2016-03-16 05:20:00
472.01056,6.62,7.1156797,159860.0,0.47591248,2.99,0.02118928,0.09,2016-03-16 05:25:00
483.43234,5.75,8.929535,141776.0,0.5780822,2.69,-0.09151498,0.02,2016-03-16 05:30:00
470.70966,6.32,8.659728,165107.0,0.4568463,2.8,-0.013228253,0.05,2016-03-16 05:35:00
475.02533,5.84,8.590419,144527.0,0.5369397,2.64,-0.09151498,0.1,2016-03-16 05:40:00
477.58017,6.21,8.42367,146141.0,0.53995085,2.83,-0.045757502,0.07,2016-03-16 05:45:00
479.46683,6.4,8.577843,153385.0,0.5208033,2.94,-0.031517047,0.11,2016-03-16 05:50:00
451.9593,6.7,6.060437,141078.0,0.47110754,2.74,0.064457975,0.13,2016-03-16 06:05:00
454.3234,6.97,5.8876905,156335.0,0.4320923,2.88,0.096910015,0.13,2016-03-16 06:10:00
450.25006,6.49,6.5929437,155446.0,0.42254925,2.63,0.07918126,0.06,2016-03-16 06:15:00
450.14172,6.8,7.2633395,136354.0,0.4813529,2.76,0.06069783,0.07,2016-03-16 06:20:00
450.6085,6.51,7.4857397,143388.0,0.45921895,2.64,0.037426513,0.09,2016-03-16 06:25:00
448.93845,6.51,7.491449,151618.0,0.4293011,2.62,0.045322984,0.06,2016-03-16 06:30:00
449.76794,6.17,7.375209,143724.0,0.45549032,2.49,0.00432137,0.11,2016-03-16 06:35:00
450.79944,6.19,7.59927,139556.0,0.47245118,2.52,0.00432137,0.04,2016-03-16 06:40:00
446.45175,6.44,8.194474,137375.0,0.46568862,2.57,-0.008773916,0.21,2016-03-16 06:45:00
446.4245,5.63,8.234816,132506.0,0.48270884,2.25,-0.07058106,0.12,2016-03-16 06:50:00
461.2139,5.02,7.8042617,161933.0,0.43716767,2.14,-0.017728778,0.19,2016-03-16 06:55:00
468.8677,4.7,7.6741905,197046.0,0.37815267,2.07,0.037426513,0.14,2016-03-16 07:00:00
458.57947,5.13,7.766853,158050.0,0.43999165,2.16,0.008600163,0.04,2016-03-16 07:10:00
458.91635,4.9,7.555938,140278.0,0.4968693,2.06,-0.036212165,0.22,2016-03-16 07:15:00
455.2461,4.6,8.579359,136967.0,0.49631765,1.91,-0.119186416,0.37,2016-03-16 08:15:00
456.45105,4.71,7.741066,202991.0,0.33765453,1.96,0.033423774,0.07,2016-03-16 08:20:00
454.5847,4.8,7.4256716,216144.0,0.31308833,1.98,0.07554698,0.07,2016-03-16 08:25:00
452.9974,4.73,7.4948378,216090.0,0.30977514,1.94,0.07554698,0.1,2016-03-16 08:30:00
449.03375,4.8,7.633544,199871.0,0.32587412,1.93,0.025305841,0.12,2016-03-16 08:35:00
447.65872,5.09,7.895093,194677.0,0.33138952,2.04,0.037426513,0.11,2016-03-16 08:40:00
449.57227,5.94,7.409413,175406.0,0.37271398,2.41,0.05690485,0.12,2016-03-16 08:45:00
453.16016,5.92,7.403648,164150.0,0.40824974,2.45,0.0293838,0.09,2016-03-16 08:50:00
455.33218,6.79,7.466097,157039.0,0.4331356,2.83,0.06069783,0.11,2016-03-16 08:55:00
444.42654,4.37,7.6354303,122214.0,0.51610214,1.73,-0.14874166,0.23,2016-03-16 09:00:00
441.2137,3.97,8.29006,109839.0,0.561424,1.54,-0.25181198,0.01,2016-03-16 09:05:00
446.61832,4.58,8.2549925,93860.0,0.6823813,1.86,-0.24412516,0.12,2016-03-16 09:10:00
469.49213,5.54,8.214591,135721.0,0.5512989,2.46,-0.09691001,0.11,2016-03-16 09:15:00
455.70834,4.48,7.6333675,103812.0,0.6569014,1.88,-0.20065947,0.11,2016-03-16 09:20:00
443.36923,4.02,8.1370325,112385.0,0.55709344,1.58,-0.22914802,0.03,2016-03-16 09:25:00
443.36923,4.02,8.310168,112385.0,0.55709344,1.58,-0.24412516,0.04,2016-03-16 09:30:00
435.45715,3.9,8.016439,114119.0,0.51872164,1.48,-0.23657204,0.04,2016-03-16 09:35:00
438.6907,3.85,8.1853895,123981.0,0.4885841,1.48,-0.22914802,0.16,2016-03-16 09:40:00
437.60812,3.7,8.128278,104589.0,0.57473546,1.42,-0.27572417,0.17,2016-03-16 09:45:00
453.0663,3.3,8.17964,113860.0,0.5881873,1.35,-0.3187588,0.1,2016-03-16 09:50:00
456.40405,3.23,8.140835,108200.0,0.6332612,1.35,-0.3372422,0.11,2016-03-16 09:55:00
457.59106,4.87,7.8194757,144830.0,0.47693947,2.06,-0.07572073,0.12,2016-03-16 10:00:00
470.4526,5.69,7.787445,176396.0,0.4268826,2.52,0.053078443,0.24,2016-03-16 10:05:00
471.70215,5.63,8.392795,223078.0,0.34035057,2.5,0.13033378,0.5,2016-03-16 10:10:00
452.01477,3.16,8.288166,113541.0,0.5855886,1.29,-0.3467875,0.13,2016-03-16 10:25:00
445.71927,2.95,7.9122057,123248.0,0.5164205,1.17,-0.3187588,0.41,2016-03-16 10:30:00
446.77115,3.02,6.9491005,148240.0,0.43251857,1.21,-0.18045606,0.17,2016-03-16 10:35:00
447.18414,2.48,5.763957,158924.0,0.4046037,1.0,-0.09151498,0.4,2016-03-16 10:40:00
456.55933,2.7,5.840231,166069.0,0.4130299,1.13,-0.045757502,0.59,2016-03-16 10:45:00
474.0686,3.21,7.1308484,172180.0,0.4478846,1.45,-0.11350928,0.05,2016-03-16 10:50:00
474.7011,2.83,7.1013517,157978.0,0.49017918,1.28,-0.19382004,0.05,2016-03-16 10:55:00
474.11578,2.29,7.2331595,118195.0,0.6526559,1.03,-0.36653155,0.04,2016-03-16 11:00:00
493.6044,4.48,7.212524,295146.0,0.29628333,2.18,0.1398791,0.13,2016-03-16 11:05:00
481.95297,4.48,5.4754086,265072.0,0.30625618,2.11,0.1105897,0.09,2016-03-16 11:10:00
496.66476,5.24,7.622742,315377.0,0.2826639,2.58,0.21218762,0.12,2016-03-16 11:15:00
474.84808,4.1,6.6776123,209468.0,0.37004304,1.86,-0.06550154,0.2,2016-03-16 11:20:00
468.07834,4.25,8.036504,229991.0,0.3222894,1.87,-0.0409586,0.06,2016-03-16 11:25:00
483.0884,4.6,8.22757,266853.0,0.30644885,2.16,0.033423774,0.04,2016-03-16 11:30:00
488.92688,4.78,8.083452,287525.0,0.29525408,2.29,0.07188199,0.09,2016-03-16 11:35:00
489.29797,4.59,8.2567425,278633.0,0.30539697,2.2,0.053078443,0.02,2016-03-16 11:40:00
482.66855,4.62,8.204639,286363.0,0.2847985,2.16,0.07188199,0.04,2016-03-16 11:45:00
450.78802,2.71,8.173775,197255.0,0.33422828,1.1,-0.25963733,0.05,2016-03-16 11:50:00
459.3674,3.3,7.8751383,217890.0,0.32086518,1.41,-0.13076828,0.05,2016-03-16 11:55:00
471.20834,3.26,7.2047625,158597.0,0.477169,1.45,-0.22184876,0.04,2016-03-16 12:00:00
485.72018,3.77,5.1571407,249587.0,0.33323714,1.81,0.23299614,0.9,2016-03-16 12:05:00
481.30786,4.32,7.4103913,310189.0,0.26062223,2.01,0.11394334,0.15,2016-03-16 12:10:00
489.67126,4.37,6.6091905,252476.0,0.33783776,2.1,0.12710482,0.39,2016-03-16 12:15:00
445.23117,2.67,8.070855,231348.0,0.27418032,1.06,-0.20760833,0.08,2016-03-16 12:20:00
446.4681,2.87,7.9921145,231296.0,0.27662075,1.15,-0.17392519,0.23,2016-03-16 12:25:00
450.16092,2.7,8.336329,227340.0,0.2887442,1.09,-0.23657204,0.04,2016-03-16 12:30:00
452.3498,2.54,8.140306,224296.0,0.2971156,1.04,-0.24412516,0.1,2016-03-16 12:35:00
456.56836,2.43,8.082494,220066.0,0.3117051,1.01,-0.25963733,0.19,2016-03-16 12:40:00
478.85733,4.03,5.262946,238898.0,0.3330615,1.91,0.07188199,0.49,2016-03-16 12:45:00
518.9602,5.01,7.3878345,355887.0,0.2871808,2.7,0.2624511,0.07,2016-03-16 12:50:00
504.02914,5.04,7.3050256,358356.0,0.2604264,2.56,0.2764618,0.07,2016-03-16 12:55:00
493.3291,4.78,7.2157607,316800.0,0.27555272,2.33,0.21218762,0.03,2016-03-16 13:00:00
490.53186,5.13,7.0943146,343484.0,0.24968688,2.47,0.29666522,0.11,2016-03-16 13:05:00
495.24088,4.99,7.1123905,329594.0,0.2680647,2.45,0.2552725,0.07,2016-03-16 13:10:00
490.60187,4.94,6.82324,350031.0,0.24512564,2.38,0.29446626,0.14,2016-03-16 13:15:00
493.61914,5.47,6.017192,426602.0,0.20500365,2.66,0.4409091,0.19,2016-03-16 13:20:00
538.57526,4.91,6.681018,357773.0,0.32064,2.85,0.38916612,0.3,2016-03-16 13:25:00
554.7325,4.3,7.3044505,357157.0,0.35215053,2.64,0.19312459,0.32,2016-03-16 13:30:00
567.68146,3.96,7.7279425,352182.0,0.38372138,2.55,0.11394334,0.1,2016-03-16 13:35:00
557.534,4.27,7.300815,376432.0,0.33939967,2.66,0.23552847,0.49,2016-03-16 13:40:00
556.33466,4.65,6.690799,383638.0,0.33079955,2.88,0.34044415,0.28,2016-03-16 13:45:00
556.11646,4.66,6.859191,373799.0,0.3390924,2.88,0.31175387,0.06,2016-03-16 13:50:00
553.4581,4.59,6.4853144,371215.0,0.33639744,2.81,0.32428244,0.06,2016-03-16 13:55:00
555.68665,4.69,6.3062267,375897.0,0.33638912,2.9,0.3424227,0.09,2016-03-16 14:00:00
560.87286,4.61,6.7083306,350020.0,0.37185818,2.9,0.28780174,0.09,2016-03-16 14:05:00
562.54974,4.69,6.7403336,420811.0,0.3121901,2.97,0.34044415,0.07,2016-03-16 14:10:00
547.4238,4.54,6.3652887,309537.0,0.389892,2.73,0.23804612,0.08,2016-03-16 14:15:00
549.6086,4.74,6.7701993,327001.0,0.37367377,2.87,0.27415785,0.13,2016-03-16 14:20:00
551.15906,4.96,6.8009043,327429.0,0.37647253,3.02,0.29666522,0.03,2016-03-16 14:25:00
547.76807,4.65,6.509055,329272.0,0.36724168,2.79,0.28780174,0.23,2016-03-16 14:30:00
551.3792,4.3,7.102204,329667.0,0.37438193,2.61,0.19589968,0.49,2016-03-16 14:35:00
554.50464,4.12,7.5103326,339034.0,0.37050056,2.54,0.1398791,0.04,2016-03-16 14:40:00
551.7151,4.21,7.479325,336457.0,0.36752257,2.57,0.15228835,0.13,2016-03-16 14:45:00
551.07874,4.24,7.067206,358870.0,0.3433335,2.57,0.17609127,0.3,2016-03-16 14:50:00
550.5271,4.45,7.0257096,356844.0,0.344208,2.7,0.24303806,0.1,2016-03-16 14:55:00
548.26294,4.43,6.490901,356844.0,0.33982018,2.66,0.23552847,0.41,2016-03-16 15:05:00
527.4349,4.62,5.2820263,409018.0,0.26279944,2.56,0.42488167,0.13,2016-03-16 15:10:00
522.69965,4.47,6.4193926,373630.0,0.27972585,2.44,0.33645976,0.11,2016-03-16 15:15:00
533.2149,4.5,5.7872534,359645.0,0.30919185,2.56,0.35410845,0.29,2016-03-16 15:20:00
481.82645,5.16,4.90048,527775.0,0.15368977,2.4,0.6954817,0.07,2016-03-16 15:40:00
488.25186,5.08,5.199096,485012.0,0.17428145,2.42,0.6364879,0.27,2016-03-16 15:45:00
502.249,4.96,4.808794,461359.0,0.20006785,2.5,0.69810057,0.18,2016-03-16 15:50:00
504.824,5.02,5.0434413,495510.0,0.18926817,2.56,0.7259117,0.25,2016-03-16 15:55:00
438.39987,1.29,5.276116,158417.0,0.38158923,0.5,-0.26760623,0.18,2016-03-16 16:00:00
429.57623,1.21,5.453265,129018.0,0.43980405,0.45,-0.38721615,0.39,2016-03-16 16:05:00
493.1277,5.45,4.879918,508738.0,0.17137347,2.65,0.75663614,0.28,2016-03-16 16:10:00
483.38202,5.02,5.3003206,450585.0,0.18183385,2.35,0.6053051,0.34,2016-03-16 16:15:00
466.96103,3.0,4.9036617,250414.0,0.29381046,1.35,0.017033322,0.59,2016-03-16 16:40:00
558.1093,4.91,6.5041833,405810.0,0.31584176,3.06,0.23044895,0.1,2016-03-16 16:45:00
530.42426,4.32,6.2427077,395856.0,0.27635702,2.43,0.2068259,0.13,2016-03-16 16:50:00
544.7636,4.1,6.2978563,375184.0,0.31683028,2.43,0.20139715,0.24,2016-03-16 16:55:00
515.20233,3.78,6.125112,401856.0,0.2486404,2.1,0.19589968,0.11,2016-03-16 17:00:00
499.0,2.89,6.1726575,252616.0,0.35808104,1.53,-0.026872149,0.42,2016-03-16 17:05:00
526.3487,4.43,6.2372913,360121.0,0.29657283,2.46,0.22010809,0.18,2016-03-16 17:10:00
545.5528,4.94,7.40487,366704.0,0.3256211,2.95,0.2068259,0.1,2016-03-16 17:15:00
537.7657,5.03,7.738798,425872.0,0.26810965,2.91,0.2624511,0.06,2016-03-16 17:20:00
540.8059,3.77,7.7515545,327726.0,0.35457015,2.21,0.06818584,0.04,2016-03-16 17:25:00
540.8059,3.77,7.8426843,327726.0,0.35457015,2.21,0.06818584,0.03,2016-03-16 17:30:00
536.9756,4.43,7.16384,366907.0,0.30977598,2.56,0.1430148,0.04,2016-03-16 17:40:00
515.5073,3.48,6.5768685,229618.0,0.43594962,1.86,-0.15490197,0.36,2016-03-16 17:45:00
484.38824,3.1,9.130335,201736.0,0.40877044,1.46,-0.30103,0.08,2016-03-16 17:50:00
481.58298,3.24,9.396755,214835.0,0.37696877,1.51,-0.2839967,0.14,2016-03-16 17:55:00
474.9596,3.26,9.547072,211063.0,0.36751524,1.47,-0.30103,0.02,2016-03-16 18:00:00
467.31195,2.31,9.465902,174916.0,0.42161104,1.01,-0.49485007,0.06,2016-03-16 18:05:00
476.25632,2.03,9.347455,137655.0,0.5683051,0.92,-0.5850267,0.05,2016-03-16 18:10:00
482.9272,2.61,9.213213,218356.0,0.37412238,1.22,-0.35654733,0.06,2016-03-16 18:15:00
499.40585,3.95,8.747531,385592.0,0.23518701,2.02,-0.031517047,0.19,2016-03-16 18:20:00
524.49,4.71,9.35719,270426.0,0.3906148,2.61,-0.07058106,0.11,2016-03-16 18:25:00
526.6202,4.67,9.379259,200284.0,0.5341099,2.59,-0.15490197,0.05,2016-03-16 18:30:00
540.65466,4.57,9.3797655,234235.0,0.49565932,2.67,-0.1426675,0.02,2016-03-16 18:35:00
531.6921,4.33,9.603854,196329.0,0.56137216,2.44,-0.22184876,0.14,2016-03-16 18:40:00
532.63904,4.27,9.518009,219812.0,0.50418484,2.42,-0.20065947,0.25,2016-03-16 18:45:00
538.2371,4.1,8.736847,237704.0,0.48165908,2.38,-0.14874166,0.04,2016-03-16 18:50:00
538.3717,4.88,9.431028,285010.0,0.402026,2.83,-0.0409586,0.1,2016-03-16 18:55:00
542.2932,4.85,9.496909,260223.0,0.45038152,2.85,-0.07058106,0.05,2016-03-16 19:00:00
531.72614,4.76,9.287567,259922.0,0.42411044,2.7,-0.07058106,0.06,2016-03-16 19:05:00
526.2968,4.54,9.299317,247835.0,0.43080804,2.51,-0.09151498,0.02,2016-03-16 19:10:00
518.5646,4.3,9.187279,219888.0,0.46369764,2.31,-0.14874166,0.03,2016-03-16 19:15:00
535.70776,4.47,8.411171,297412.0,0.37935814,2.57,-0.013228253,0.28,2016-03-16 19:20:00
523.4734,4.56,8.499488,315709.0,0.33257318,2.5,0.041392695,0.24,2016-03-16 19:25:00
524.724,4.52,7.786983,334889.0,0.3158634,2.49,0.16136801,0.38,2016-03-16 19:30:00
528.36755,5.01,6.2397757,411778.0,0.26247758,2.8,0.37474835,0.58,2016-03-16 19:35:00
533.29205,4.57,8.783673,292919.0,0.37979573,2.62,-0.013228253,0.06,2016-03-16 19:45:00
511.3479,4.41,8.348713,272083.0,0.35874695,2.31,-0.0409586,0.05,2016-03-16 19:50:00
519.2007,4.12,8.09,282602.0,0.36217508,2.26,-0.013228253,0.08,2016-03-16 19:55:00
528.9022,4.32,8.027958,256061.0,0.42342773,2.44,-0.06550154,0.1,2016-03-16 20:00:00
531.0085,4.4,7.9781013,248652.0,0.44147295,2.49,-0.07058106,0.05,2016-03-16 20:05:00
518.35223,3.92,8.6525955,224849.0,0.452889,2.12,-0.1674911,0.05,2016-03-16 20:10:00
538.7477,4.68,8.557593,265047.0,0.43324655,2.73,-0.0409586,0.08,2016-03-16 20:15:00
547.836,4.92,8.583408,286558.0,0.4221453,2.96,0.00432137,0.05,2016-03-16 20:20:00
537.36334,4.65,8.714155,254051.0,0.4483929,2.69,-0.045757502,0.07,2016-03-16 20:25:00
540.0369,5.18,8.747498,279237.0,0.41430146,3.03,0.037426513,0.05,2016-03-16 20:30:00
539.5664,4.89,9.001011,262974.0,0.43873087,2.85,-0.013228253,0.06,2016-03-16 20:35:00
535.97565,4.62,8.794282,269658.0,0.41905442,2.66,-0.026872149,0.09,2016-03-16 20:40:00
536.35626,4.35,8.851249,239147.0,0.4735639,2.51,-0.08618615,0.03,2016-03-16 20:45:00
539.09656,3.84,8.676324,201028.0,0.57236975,2.23,-0.1674911,0.05,2016-03-16 20:50:00
517.03876,3.59,7.7048755,218601.0,0.4621686,1.94,-0.1674911,0.09,2016-03-16 20:55:00
532.63074,4.71,8.891766,261054.0,0.4245118,2.67,-0.031517047,0.12,2016-03-16 21:00:00
537.5157,4.88,8.451752,282636.0,0.40339944,2.82,-0.008773916,0.16,2016-03-16 21:05:00
528.2291,4.52,8.412782,256826.0,0.4204963,2.52,-0.045757502,0.1,2016-03-16 21:10:00
532.36926,4.44,8.525714,238061.0,0.46480194,2.52,-0.0409586,0.16,2016-03-16 21:15:00
522.12366,4.46,8.065656,254336.0,0.4095207,2.43,-0.036212165,0.32,2016-03-16 21:20:00
533.6491,3.88,7.9520564,271534.0,0.41056144,2.21,-0.09691001,0.11,2016-03-16 21:25:00
508.6862,4.76,8.694578,258698.0,0.3712281,2.47,-0.031517047,0.16,2016-03-16 21:30:00
510.32877,4.64,8.018616,270658.0,0.35840294,2.42,-0.026872149,0.12,2016-03-16 21:35:00
529.24365,4.93,8.102623,279279.0,0.38900658,2.77,0.017033322,0.1,2016-03-16 21:40:00
520.9368,5.35,8.703339,184749.0,0.55978984,2.91,-0.05551733,0.11,2016-03-16 21:45:00
529.1979,6.06,8.309669,176479.0,0.6154394,3.4,0.0,0.06,2016-03-16 21:50:00
524.7913,5.52,8.783814,192172.0,0.5506599,3.05,-0.036212165,0.04,2016-03-16 21:55:00
529.68225,5.24,8.590146,229320.0,0.47497767,2.94,0.045322984,0.09,2016-03-16 22:00:00
533.33765,4.56,8.799126,189680.0,0.58666694,2.59,-0.10790541,0.03,2016-03-16 22:05:00
528.39185,4.81,8.644195,207419.0,0.52115744,2.69,-0.05061,0.03,2016-03-16 22:10:00
535.6594,5.1,8.415568,225658.0,0.49984473,2.93,0.017033322,0.09,2016-03-16 22:15:00
542.35333,4.92,8.765798,221178.0,0.5300711,2.89,-0.026872149,0.1,2016-03-16 22:20:00
549.7165,4.85,8.59224,235672.0,0.5187992,2.93,-0.013228253,0.04,2016-03-16 22:25:00
537.5291,4.52,8.810301,204795.0,0.55677193,2.61,-0.09691001,0.12,2016-03-16 22:30:00
541.5349,4.87,8.662436,199187.0,0.5858324,2.85,-0.06550154,0.07,2016-03-16 22:35:00
543.936,4.84,7.862175,241828.0,0.48922527,2.87,0.037426513,0.41,2016-03-16 22:40:00
574.09485,4.39,5.4603024,342378.0,0.40875733,2.9,0.18469143,0.18,2016-03-16 22:45:00
550.6142,4.26,7.1018662,290620.0,0.42285135,2.59,0.07188199,0.07,2016-03-16 22:50:00
534.8981,5.5,7.6909685,249156.0,0.45070422,3.16,0.12057395,0.08,2016-03-16 22:55:00
534.5947,4.97,7.864178,247211.0,0.45344868,2.84,0.07918126,0.15,2016-03-16 23:00:00
536.247,5.2,7.839866,235891.0,0.479796,2.99,0.08278538,0.04,2016-03-16 23:05:00
539.6037,4.4,7.9882603,209807.0,0.5500275,2.56,-0.031517047,0.06,2016-03-16 23:10:00
538.76227,4.46,8.040901,230784.0,0.4976098,2.59,0.008600163,0.03,2016-03-16 23:15:00
545.5694,4.26,7.841027,292105.0,0.40881816,2.54,0.08990512,0.11,2016-03-16 23:20:00
544.94586,4.99,7.6819983,283287.0,0.42004576,2.96,0.1430148,0.03,2016-03-16 23:25:00
551.57495,4.89,7.817909,253296.0,0.48780006,2.98,0.08635984,0.08,2016-03-16 23:30:00
553.7076,4.86,8.065699,224703.0,0.55651706,2.98,0.033423774,0.01,2016-03-16 23:35:00
554.0765,5.12,8.087181,226205.0,0.5539691,3.14,0.05690485,0.02,2016-03-16 23:40:00
561.51434,5.23,8.025491,213473.0,0.6118889,3.3,0.053078443,0.03,2016-03-16 23:45:00
542.90936,4.61,8.008764,205043.0,0.57360953,2.72,-0.013228253,0.02,2016-03-16 23:50:00
543.241,4.98,7.7236457,196375.0,0.6000685,2.94,0.033423774,0.08,2016-03-16 23:55:00
550.47064,4.95,5.841729,229549.0,0.5349156,3.02,0.1105897,0.13,2016-03-17 00:00:00
547.067,5.79,6.0535445,234187.0,0.51429534,3.48,0.1903317,0.2,2016-03-17 00:05:00
545.76544,5.61,6.9618964,239324.0,0.4995383,3.34,0.21484385,0.1,2016-03-17 00:10:00
546.74286,5.29,7.265879,265362.0,0.45303863,3.17,0.20412001,0.05,2016-03-17 00:15:00
550.34534,5.56,7.1116314,248539.0,0.49369457,3.37,0.22788674,0.05,2016-03-17 00:20:00
551.9019,5.27,7.0959916,264651.0,0.46773273,3.21,0.22788674,0.07,2016-03-17 00:25:00
553.9845,4.91,7.159336,257485.0,0.48642,3.02,0.17026173,0.07,2016-03-17 00:30:00
558.66034,5.03,7.031166,249166.0,0.5159857,3.14,0.16435286,0.09,2016-03-17 00:35:00
565.50995,5.59,7.204478,225829.0,0.59131926,3.59,0.17026173,0.06,2016-03-17 00:40:00
576.0646,5.95,7.140497,215780.0,0.6555272,3.95,0.19312459,0.04,2016-03-17 00:45:00
574.4772,5.47,7.406713,222507.0,0.6302715,3.61,0.15836251,0.05,2016-03-17 00:50:00
586.5262,5.57,7.398763,257247.0,0.58154535,3.84,0.2068259,0.02,2016-03-17 00:55:00
584.5832,5.68,7.2571898,242602.0,0.6103141,3.88,0.20139715,0.04,2016-03-17 01:00:00
568.57184,5.18,6.512895,216572.0,0.62704635,3.37,0.1492191,0.01,2016-03-17 01:05:00
561.0808,5.09,6.814345,227611.0,0.5725033,3.21,0.1398791,0.03,2016-03-17 01:10:00
565.45233,5.42,7.2333674,217248.0,0.61448056,3.47,0.1430148,0.04,2016-03-17 01:15:00
555.5078,4.56,7.291111,226837.0,0.5568802,2.82,0.08990512,0.04,2016-03-17 01:20:00
555.97064,4.48,6.5145984,239197.0,0.5294755,2.78,0.1105897,0.17,2016-03-17 01:25:00
558.5045,5.2,6.4040847,244523.0,0.5253269,3.25,0.20412001,0.06,2016-03-17 01:30:00
565.0421,5.32,6.794424,235635.0,0.5652531,3.4,0.1818436,0.05,2016-03-17 01:35:00
562.76337,5.1,7.248931,219905.0,0.59811467,3.23,0.13672057,0.06,2016-03-17 01:40:00
561.5224,5.07,7.198618,216451.0,0.60349727,3.2,0.12710482,0.07,2016-03-17 01:45:00
560.5816,4.79,7.119108,219659.0,0.5915875,3.01,0.117271274,0.03,2016-03-17 01:50:00
558.03516,4.52,6.997514,235037.0,0.5451003,2.82,0.11394334,0.03,2016-03-17 01:55:00
564.7491,4.54,6.8981514,219886.0,0.6047611,2.9,0.09342169,0.02,2016-03-17 02:00:00
571.36694,4.97,7.2736373,213258.0,0.6465865,3.24,0.117271274,0.03,2016-03-17 02:05:00
566.73254,5.32,7.200146,199911.0,0.6724884,3.42,0.13353892,0.04,2016-03-17 02:10:00
566.8569,5.11,7.113993,212612.0,0.6327472,3.29,0.1398791,0.05,2016-03-17 02:15:00
555.52606,4.78,7.204353,208453.0,0.606055,2.95,0.10037054,0.03,2016-03-17 02:20:00
551.7061,4.28,7.144018,218649.0,0.5655149,2.61,0.064457975,0.04,2016-03-17 02:25:00
553.22003,4.39,7.2645164,203726.0,0.6121389,2.69,0.049218025,0.03,2016-03-17 02:30:00
550.3336,4.6,7.258526,212662.0,0.5769447,2.79,0.08278538,0.02,2016-03-17 02:35:00
553.6075,4.83,7.2127247,207599.0,0.6020294,2.97,0.10037054,0.06,2016-03-17 02:40:00
559.25024,4.84,6.6370473,214736.0,0.60068727,3.04,0.12057395,0.04,2016-03-17 02:45:00
557.4099,4.45,7.0838056,239636.0,0.5327765,2.77,0.1105897,0.03,2016-03-17 02:50:00
557.05084,4.14,7.1680264,221232.0,0.57594085,2.57,0.06069783,0.05,2016-03-17 02:55:00
554.58777,4.34,6.8137074,227859.0,0.5515292,2.67,0.08635984,0.07,2016-03-17 03:00:00
564.34894,4.68,6.864124,219293.0,0.6050599,2.98,0.13353892,0.1,2016-03-17 03:05:00
566.78906,5.08,6.686561,221688.0,0.60661614,3.26,0.16731733,0.08,2016-03-17 03:10:00
561.613,5.18,6.9833655,211144.0,0.6189767,3.27,0.15533602,0.03,2016-03-17 03:15:00
566.87384,4.0,5.29934,224370.0,0.59964424,2.56,0.049218025,0.1,2016-03-17 03:20:00
560.543,3.25,7.053021,181484.0,0.71587396,2.04,-0.10790541,0.04,2016-03-17 03:25:00
562.7163,3.19,7.192809,178342.0,0.7373146,2.02,-0.1426675,0.02,2016-03-17 03:30:00
559.1354,3.37,6.823064,187408.0,0.6878399,2.1,-0.08092192,0.05,2016-03-17 03:35:00
544.18567,3.72,6.9753923,201487.0,0.5880156,2.21,-0.0043648016,0.11,2016-03-17 03:40:00
541.6178,3.81,6.886821,197766.0,0.59032285,2.24,0.012837212,0.09,2016-03-17 03:45:00
545.32495,4.48,6.9090157,205797.0,0.5794613,2.67,0.11394334,0.03,2016-03-17 03:50:00
548.5658,4.45,6.8627324,204341.0,0.59445465,2.68,0.10720996,0.04,2016-03-17 03:55:00
558.65753,4.69,6.9604454,179062.0,0.71798635,2.93,0.08635984,0.11,2016-03-17 04:00:00
554.24554,4.66,6.775588,197018.0,0.63664067,2.87,0.117271274,0.1,2016-03-17 04:05:00
555.16815,4.56,6.615172,199255.0,0.63276076,2.81,0.1105897,0.07,2016-03-17 04:10:00
548.9436,4.03,6.5921845,208443.0,0.5840066,2.43,0.064457975,0.05,2016-03-17 04:15:00
541.4827,4.07,6.9183383,186966.0,0.6239379,2.39,0.037426513,0.03,2016-03-17 04:20:00
543.5941,4.04,6.9078937,174579.0,0.67635304,2.39,0.017033322,0.02,2016-03-17 04:25:00
543.5561,3.69,6.78317,189860.0,0.621781,2.18,0.0,0.04,2016-03-17 04:30:00
565.1235,3.24,6.8767,178370.0,0.74706024,2.07,-0.07058106,0.03,2016-03-17 04:35:00
560.0054,3.29,7.0396805,185214.0,0.69936466,2.06,-0.07058106,0.04,2016-03-17 04:40:00
558.41724,3.38,6.9754496,187686.0,0.68407893,2.11,-0.05061,0.04,2016-03-17 04:45:00
553.9542,3.69,6.8138905,186116.0,0.6728307,2.27,-0.0043648016,0.03,2016-03-17 04:50:00
544.33344,3.32,6.7623143,160284.0,0.7397973,1.97,-0.09691001,0.08,2016-03-17 04:55:00
543.34375,3.09,6.6886997,177870.0,0.66288763,1.82,-0.09691001,0.05,2016-03-17 05:00:00
552.04663,2.87,6.4096646,153209.0,0.8086145,1.75,-0.1426675,0.06,2016-03-17 05:05:00
543.5598,3.34,6.5755687,189275.0,0.6237161,1.97,-0.022276402,0.09,2016-03-17 05:10:00
542.7482,3.21,6.6725483,182642.0,0.64336795,1.89,-0.05551733,0.06,2016-03-17 05:15:00
545.12036,3.93,6.1733704,196180.0,0.60715735,2.34,0.07188199,0.08,2016-03-17 05:20:00
548.96185,3.46,6.011672,209100.0,0.5822319,2.09,0.041392695,0.07,2016-03-17 05:25:00
543.7852,3.83,5.921427,207795.0,0.5688603,2.27,0.08635984,0.03,2016-03-17 05:30:00
548.9103,3.65,5.3183737,217812.0,0.5587803,2.21,0.07918126,0.06,2016-03-17 05:35:00
558.24384,3.76,5.903101,214788.0,0.597184,2.35,0.11394334,0.12,2016-03-17 05:40:00
560.1038,3.4,5.848991,225599.0,0.574484,2.14,0.096910015,0.08,2016-03-17 05:45:00
561.1313,3.7,6.1533813,211888.0,0.61515796,2.34,0.08635984,0.04,2016-03-17 05:50:00
553.3487,3.74,6.3737273,215830.0,0.57822764,2.29,0.11394334,0.06,2016-03-17 05:55:00
551.283,3.39,5.4097505,226140.0,0.54547775,2.06,0.096910015,0.04,2016-03-17 06:00:00
550.7689,3.21,5.7133265,229246.0,0.5365266,1.94,0.08278538,0.05,2016-03-17 06:10:00
548.8697,3.25,6.288473,209757.0,0.5801048,1.96,0.049218025,0.05,2016-03-17 06:15:00
547.86035,3.41,6.33518,212850.0,0.56840885,2.05,0.07188199,0.06,2016-03-17 06:20:00
546.97186,3.27,5.976002,226272.0,0.5319972,1.96,0.07554698,0.07,2016-03-17 06:25:00
542.83466,3.52,6.1922293,212572.0,0.55305624,2.08,0.10037054,0.04,2016-03-17 06:30:00
542.02594,3.39,6.0877175,223086.0,0.5245507,1.99,0.10380372,0.09,2016-03-17 06:35:00
540.863,3.21,6.236874,251540.0,0.4621136,1.88,0.10380372,0.05,2016-03-17 06:40:00
561.3414,3.3,4.83659,235675.0,0.553714,2.09,0.1105897,0.08,2016-03-17 06:45:00
584.74023,3.28,3.815809,246375.0,0.6014704,2.25,0.10037054,0.06,2016-03-17 06:50:00
609.0012,3.34,3.4288774,235454.0,0.714275,2.49,0.11394334,0.1,2016-03-17 06:55:00
601.3368,3.41,5.614214,260361.0,0.62097335,2.46,0.117271274,0.14,2016-03-17 07:00:00
576.6099,3.17,6.1702595,271548.0,0.5224379,2.11,0.13033378,0.08,2016-03-17 07:10:00
570.59546,2.97,5.9384847,235048.0,0.58418274,1.93,0.07918126,0.12,2016-03-17 07:15:00
569.5827,2.98,5.948395,250293.0,0.5455755,1.93,0.11394334,0.04,2016-03-17 07:20:00
567.6656,3.22,5.7776384,244765.0,0.5520724,2.08,0.15836251,0.12,2016-03-17 07:25:00
558.6135,2.94,4.894834,248670.0,0.5168801,1.84,0.1105897,0.12,2016-03-17 07:30:00
575.7771,3.03,6.394068,235240.0,0.6003658,2.01,0.025305841,0.07,2016-03-17 07:40:00
581.3062,2.86,6.2867637,226725.0,0.64172435,1.93,-0.026872149,0.04,2016-03-17 07:45:00
582.78534,2.49,6.6519322,214154.0,0.68478996,1.69,-0.11350928,0.06,2016-03-17 07:50:00
592.8426,2.66,6.405724,227060.0,0.6812003,1.87,-0.05061,0.1,2016-03-17 07:55:00
562.0282,2.94,5.459606,208379.0,0.6286346,1.86,0.00432137,0.04,2016-03-17 08:00:00
575.12463,2.6,5.8979573,196430.0,0.7164509,1.72,-0.05061,0.05,2016-03-17 08:05:00
572.5191,3.03,6.080798,231630.0,0.5990467,1.99,0.049218025,0.18,2016-03-17 08:10:00
577.48566,2.88,5.948521,204401.0,0.69734865,1.92,-0.036212165,0.14,2016-03-17 08:15:00
612.226,2.89,5.763159,194686.0,0.8781666,2.17,-0.022276402,0.17,2016-03-17 08:20:00
605.7183,2.79,5.7463555,201128.0,0.82222635,2.04,-0.031517047,0.17,2016-03-17 08:25:00
610.48444,2.88,5.8316894,205365.0,0.82515174,2.15,0.02118928,0.06,2016-03-17 08:30:00
592.5578,3.05,6.0205894,225564.0,0.6846935,2.14,0.064457975,0.04,2016-03-17 08:35:00
568.0989,3.21,5.3010283,194967.0,0.69472957,2.07,0.0293838,0.07,2016-03-17 08:40:00
551.95825,3.67,6.02606,195360.0,0.63383126,2.24,0.12057395,0.08,2016-03-17 08:45:00
556.63446,3.88,6.0999756,191990.0,0.6621194,2.4,0.1105897,0.09,2016-03-17 08:50:00
565.3594,3.98,5.9703436,191112.0,0.698158,2.55,0.09342169,0.07,2016-03-17 08:55:00
566.02545,4.07,6.079581,196790.0,0.6805036,2.61,0.13353892,0.08,2016-03-17 09:00:00
559.0195,3.68,5.9973993,183521.0,0.70195526,2.3,0.08635984,0.01,2016-03-17 09:05:00
572.3448,3.6,5.571077,240188.0,0.577155,2.37,0.1492191,0.02,2016-03-17 09:10:00
585.7555,3.15,6.25032,230842.0,0.64541864,2.16,0.08990512,0.01,2016-03-17 09:15:00
576.9695,2.94,6.254966,204296.0,0.69576746,1.96,0.012837212,0.01,2016-03-17 09:20:00
580.04596,3.07,6.000708,237875.0,0.60752606,2.07,0.09342169,0.08,2016-03-17 09:25:00
587.3832,3.21,5.8736534,232316.0,0.6468875,2.21,0.12385166,0.03,2016-03-17 09:30:00
605.47174,2.98,5.9759936,231229.0,0.71428436,2.19,0.09342169,0.02,2016-03-17 09:35:00
573.5574,3.03,5.2044115,226273.0,0.61669767,2.0,0.117271274,0.06,2016-03-17 09:40:00
561.64105,3.06,5.602794,206148.0,0.63407624,1.93,0.096910015,0.02,2016-03-17 09:45:00
555.3468,2.83,5.678433,217957.0,0.5790459,1.75,0.08635984,0.04,2016-03-17 09:50:00
566.5259,2.69,5.7442493,194348.0,0.69095254,1.73,0.02118928,0.04,2016-03-17 09:55:00
567.9584,2.96,5.3472705,212316.0,0.63747007,1.92,0.08635984,0.02,2016-03-17 10:00:00
570.46173,2.77,5.7380223,203287.0,0.67496115,1.81,0.049218025,0.12,2016-03-17 10:05:00
566.19446,2.65,6.010749,181154.0,0.73992765,1.7,-0.031517047,0.02,2016-03-17 10:10:00
579.02405,2.88,5.7771792,181858.0,0.7903096,1.93,0.00432137,0.07,2016-03-17 10:15:00
602.97076,2.68,5.6237087,163862.0,0.99503696,1.96,-0.045757502,0.03,2016-03-17 10:20:00
583.8088,3.04,5.92844,228543.0,0.6451902,2.08,0.09342169,0.02,2016-03-17 10:25:00
601.8172,2.79,5.652663,172506.0,0.93955964,2.03,-0.017728778,0.07,2016-03-17 10:30:00
596.60864,2.83,4.9272103,210436.0,0.7496468,2.03,0.033423774,0.07,2016-03-17 10:35:00
557.0085,2.8,4.896989,191122.0,0.66651875,1.74,0.025305841,0.07,2016-03-17 10:40:00
539.7779,3.04,5.369553,176472.0,0.6545834,1.77,0.033423774,0.05,2016-03-17 10:45:00
533.6231,2.83,5.5617533,173855.0,0.641135,1.61,0.0,0.03,2016-03-17 10:50:00
528.6907,3.2,6.0499916,180270.0,0.6007011,1.79,0.041392695,0.04,2016-03-17 10:55:00
530.93304,3.18,6.065031,175921.0,0.62371504,1.79,0.033423774,0.06,2016-03-17 11:00:00
534.64746,2.83,5.736445,180929.0,0.61975676,1.62,0.008600163,0.08,2016-03-17 11:05:00
531.72797,3.11,5.320799,208153.0,0.52959496,1.76,0.10720996,0.05,2016-03-17 11:10:00
545.2256,2.76,5.0511484,184660.0,0.6454225,1.65,0.041392695,0.11,2016-03-17 11:15:00
537.13885,3.34,5.774193,168974.0,0.67327857,1.93,0.06818584,0.1,2016-03-17 11:25:00
526.2854,3.18,5.7902074,179545.0,0.594626,1.77,0.06818584,0.13,2016-03-17 11:30:00
526.5839,3.16,5.7368717,176827.0,0.6048327,1.76,0.049218025,0.05,2016-03-17 11:35:00
523.8371,3.1,5.7935567,165374.0,0.63627666,1.7,0.017033322,0.06,2016-03-17 11:40:00
528.33765,2.95,5.3982496,192858.0,0.5603266,1.65,0.06818584,0.21,2016-03-17 11:45:00
559.1166,2.87,5.6044984,199870.0,0.6448853,1.79,0.06069783,0.07,2016-03-17 11:50:00
549.8311,2.47,5.765388,179322.0,0.68226874,1.49,-0.045757502,0.06,2016-03-17 11:55:00
547.72595,2.39,5.812409,192984.0,0.6264431,1.43,-0.0409586,0.03,2016-03-17 12:00:00
552.58673,2.63,5.904964,180655.0,0.6878565,1.6,-0.022276402,0.05,2016-03-17 12:05:00
542.10815,2.88,5.5394135,192716.0,0.6075009,1.7,0.041392695,0.02,2016-03-17 12:10:00
541.77826,3.16,5.842782,207823.0,0.5622742,1.85,0.10037054,0.04,2016-03-17 12:15:00
540.3994,3.02,5.5997586,188964.0,0.6135042,1.77,0.06818584,0.06,2016-03-17 12:20:00
540.8035,2.83,5.6901493,174894.0,0.6644042,1.66,0.008600163,0.03,2016-03-17 12:25:00
537.87354,2.96,5.3755093,174428.0,0.65500766,1.71,0.0293838,0.02,2016-03-17 12:30:00
537.84503,2.89,5.36069,182853.0,0.62472504,1.67,0.041392695,0.12,2016-03-17 12:35:00
543.7601,2.61,5.7269626,175338.0,0.6740654,1.54,-0.008773916,0.09,2016-03-17 12:40:00
554.31903,2.75,5.702789,176706.0,0.7101141,1.69,0.008600163,0.02,2016-03-17 12:45:00
572.00214,2.63,5.236134,202204.0,0.6842965,1.72,0.02118928,0.02,2016-03-17 12:50:00
567.5808,2.96,3.8438263,169882.0,0.79505306,1.93,0.049218025,0.09,2016-03-17 12:55:00
565.6694,2.81,5.289263,158560.0,0.8429255,1.8,0.017033322,0.04,2016-03-17 13:00:00
569.01953,2.9,5.3370876,169423.0,0.8035145,1.88,0.064457975,0.07,2016-03-17 13:05:00
577.0122,3.04,5.2105756,186816.0,0.7610445,2.03,0.1105897,0.11,2016-03-17 13:10:00
579.74664,2.9,5.5330462,177660.0,0.8121313,1.95,0.06818584,0.09,2016-03-17 13:15:00
578.1016,3.1,5.6697974,147377.0,0.97038615,2.07,0.025305841,0.02,2016-03-17 13:25:00
569.9598,2.94,5.5209146,159474.0,0.8580417,1.91,0.049218025,0.07,2016-03-17 13:30:00
575.38007,3.04,5.1153197,187320.0,0.7523334,2.01,0.12710482,0.11,2016-03-17 13:35:00
568.1328,3.13,4.678173,214698.0,0.6310005,2.02,0.19312459,0.05,2016-03-17 13:40:00
564.2741,2.79,4.148,176352.0,0.75207925,1.79,0.1105897,0.04,2016-03-17 13:45:00
533.47253,2.67,5.023246,209218.0,0.53229946,1.52,0.14612804,0.12,2016-03-17 13:50:00
541.8357,2.95,4.420283,167670.0,0.69715565,1.74,0.10720996,0.12,2016-03-17 13:55:00
524.485,2.61,5.226375,204046.0,0.51767373,1.44,0.07918126,0.09,2016-03-17 14:00:00
528.65625,2.82,4.718612,187105.0,0.57864016,1.57,0.07554698,0.09,2016-03-17 14:05:00
526.36896,3.11,5.154144,182855.0,0.5841508,1.72,0.10720996,0.04,2016-03-17 14:10:00
527.1595,3.34,5.503717,173596.0,0.61818874,1.86,0.1105897,0.04,2016-03-17 14:15:00
527.9187,3.38,5.51894,190414.0,0.5661187,1.88,0.1430148,0.02,2016-03-17 14:20:00
514.0358,3.31,5.816073,191861.0,0.5171195,1.75,0.117271274,0.06,2016-03-17 14:30:00
512.5605,3.15,5.721241,205598.0,0.47826973,1.65,0.117271274,0.04,2016-03-17 14:35:00
521.1781,2.71,5.481879,199377.0,0.51946706,1.47,0.06818584,0.03,2016-03-17 14:40:00
519.1453,2.98,5.1778374,207480.0,0.49314377,1.6,0.12385166,0.06,2016-03-17 14:45:00
509.1171,3.09,5.1955557,215516.0,0.44678554,1.61,0.1398791,0.05,2016-03-17 14:50:00
513.8197,3.05,5.1960564,214577.0,0.46177027,1.61,0.13353892,0.07,2016-03-17 14:55:00
513.4643,3.41,5.0278625,207563.0,0.47634724,1.8,0.15228835,0.04,2016-03-17 15:00:00
527.2187,3.34,4.180478,183834.0,0.58396477,1.86,0.1430148,0.14,2016-03-17 15:05:00
531.70496,3.32,3.2463672,213898.0,0.51530147,1.89,0.2068259,0.15,2016-03-17 15:10:00
532.0294,2.86,5.398111,182820.0,0.6040448,1.62,0.09342169,0.02,2016-03-17 15:20:00
520.9131,3.15,5.6082973,187309.0,0.5520607,1.71,0.10380372,0.13,2016-03-17 15:30:00
507.93668,3.21,5.5863047,196685.0,0.4860368,1.66,0.12710482,0.08,2016-03-17 15:35:00
512.8971,3.37,5.268909,192018.0,0.5131418,1.78,0.13672057,0.07,2016-03-17 15:40:00
533.81946,3.65,4.433802,182456.0,0.6116118,2.08,0.18752073,0.06,2016-03-17 15:45:00
535.7103,2.95,5.207053,180911.0,0.62366223,1.69,0.07188199,0.09,2016-03-17 15:50:00
526.53705,3.07,5.424196,175583.0,0.6089492,1.7,0.08990512,0.07,2016-03-17 15:55:00
525.35187,2.82,5.5986247,157390.0,0.67458975,1.56,0.02118928,0.03,2016-03-17 16:00:00
528.93964,3.1,5.168501,193576.0,0.5602308,1.73,0.13672057,0.15,2016-03-17 16:05:00
541.0933,3.63,4.6105638,189406.0,0.61452246,2.14,0.19312459,0.06,2016-03-17 16:10:00
539.22394,3.48,2.4268086,203952.0,0.56457883,2.06,0.24551268,0.06,2016-03-17 16:15:00
531.8801,3.05,4.1555867,196604.0,0.56120443,1.73,0.17609127,0.05,2016-03-17 16:20:00
514.0906,3.46,4.8185782,199509.0,0.4974611,1.84,0.24797328,0.05,2016-03-17 16:25:00
516.93256,3.29,4.255702,211609.0,0.47713453,1.76,0.24551268,0.02,2016-03-17 16:30:00
516.5716,3.21,5.134092,221058.0,0.45574737,1.72,0.23299614,0.08,2016-03-17 16:35:00
511.77097,3.29,5.080246,210352.0,0.46522278,1.73,0.23299614,0.05,2016-03-17 16:40:00
514.8006,2.87,5.201481,196301.0,0.5077677,1.52,0.14612804,0.04,2016-03-17 16:45:00
529.7305,3.21,4.2445965,215465.0,0.5056636,1.81,0.3096302,0.25,2016-03-17 16:50:00
543.6206,3.01,4.699085,170024.0,0.6945782,1.78,0.17026173,0.51,2016-03-17 16:55:00
535.4984,3.25,5.5694256,185052.0,0.6089557,1.86,0.13033378,0.04,2016-03-17 17:00:00
543.29913,3.3,5.2013555,215895.0,0.54599553,1.95,0.24054927,0.14,2016-03-17 17:05:00
547.8614,3.38,5.4788136,177114.0,0.68309975,2.03,0.1492191,0.11,2016-03-17 17:10:00
552.22687,3.94,5.7244215,179524.0,0.6907877,2.4,0.16731733,0.05,2016-03-17 17:15:00
524.3276,2.92,2.886295,181596.0,0.58112836,1.61,0.07188199,0.12,2016-03-17 17:20:00
528.2454,2.96,5.450706,171947.0,0.6281282,1.67,0.08278538,0.02,2016-03-17 17:25:00
516.2891,3.38,4.801781,197498.0,0.5092467,1.81,0.19865711,0.03,2016-03-17 17:30:00
513.7317,3.44,5.110235,194492.0,0.50918514,1.81,0.20139715,0.04,2016-03-17 17:35:00
508.1933,3.19,5.2407346,212227.0,0.4511518,1.64,0.19865711,0.03,2016-03-17 17:40:00
509.41263,3.21,5.316587,205775.0,0.46878162,1.67,0.18752073,0.02,2016-03-17 17:45:00
510.11395,3.45,5.4054604,204073.0,0.47472012,1.79,0.2068259,0.08,2016-03-17 17:50:00
506.3766,3.43,5.4939785,207744.0,0.45577767,1.75,0.19312459,0.03,2016-03-17 17:55:00
509.6412,3.57,5.5280557,205048.0,0.4711011,1.85,0.2068259,0.03,2016-03-17 18:00:00
508.81876,3.37,5.2523327,197871.0,0.48574018,1.74,0.19865711,0.1,2016-03-17 18:05:00
510.06577,3.14,5.1409044,203133.0,0.47677666,1.64,0.17609127,0.06,2016-03-17 18:10:00
510.481,2.93,5.282244,192752.0,0.50372875,1.53,0.117271274,0.02,2016-03-17 18:15:00
507.27014,3.22,5.3337226,190101.0,0.50081897,1.66,0.16136801,0.05,2016-03-17 18:20:00
508.20926,2.92,5.2762866,183510.0,0.52180237,1.51,0.12710482,0.02,2016-03-17 18:25:00
508.2657,3.24,5.2410398,174021.0,0.5504453,1.67,0.16435286,0.03,2016-03-17 18:30:00
507.50253,2.91,5.2920504,192596.0,0.49503633,1.5,0.13353892,0.03,2016-03-17 18:35:00
505.20544,3.11,5.1539693,196343.0,0.47877976,1.59,0.16435286,0.04,2016-03-17 18:40:00
507.83823,3.18,5.3212967,191416.0,0.49911442,1.64,0.12710482,0.05,2016-03-17 18:45:00
516.2303,3.25,5.4759293,185092.0,0.54318696,1.73,0.13672057,0.02,2016-03-17 18:50:00
511.54907,3.2,4.5202765,189606.0,0.51542956,1.67,0.13672057,0.08,2016-03-17 18:55:00
518.82587,3.19,4.1373057,166711.0,0.6125665,1.72,0.1105897,0.04,2016-03-17 19:00:00
502.85953,3.1,5.169545,201170.0,0.4605699,1.57,0.14612804,0.02,2016-03-17 19:05:00
510.2354,3.2,5.270114,168900.0,0.57400465,1.67,0.13033378,0.26,2016-03-17 19:10:00
514.78406,3.24,5.5068502,168717.0,0.5907249,1.72,0.10380372,0.02,2016-03-17 19:15:00
518.3899,3.3,4.931288,179200.0,0.5683854,1.77,0.12057395,0.02,2016-03-17 19:20:00
533.79486,2.72,5.4270897,166417.0,0.6704617,1.55,0.025305841,0.07,2016-03-17 19:25:00
520.18665,2.81,5.4944153,164381.0,0.6263356,1.52,0.033423774,0.04,2016-03-17 19:30:00
516.5424,2.89,5.384747,173628.0,0.5801421,1.54,0.08278538,0.02,2016-03-17 19:35:00
518.55444,3.25,5.067001,141930.0,0.7183497,1.75,0.053078443,0.09,2016-03-17 19:40:00
507.869,3.33,4.987765,176665.0,0.5408909,1.72,0.13033378,0.03,2016-03-17 19:45:00
515.27075,3.33,5.1310234,167004.0,0.5985422,1.77,0.10720996,0.03,2016-03-17 19:50:00
512.49023,3.25,5.1478634,168961.0,0.5817281,1.7,0.11394334,0.11,2016-03-17 19:55:00
510.25668,3.45,4.989118,167173.0,0.58000976,1.81,0.10720996,0.07,2016-03-17 20:00:00
514.06104,3.34,5.3998795,153334.0,0.64715075,1.78,0.07554698,0.06,2016-03-17 20:05:00
498.91382,3.16,5.2412977,167275.0,0.5404775,1.57,0.1105897,0.03,2016-03-17 20:10:00
496.73703,2.94,5.4828916,165769.0,0.53801423,1.45,0.05690485,0.08,2016-03-17 20:15:00
499.5481,2.7,5.7042966,150732.0,0.6021725,1.35,-0.017728778,0.06,2016-03-17 20:25:00
500.8977,2.74,5.522273,152619.0,0.59974325,1.37,-0.022276402,0.06,2016-03-17 20:30:00
501.08408,2.78,5.635069,134876.0,0.67942613,1.4,-0.0409586,0.04,2016-03-17 20:35:00
493.98145,2.86,5.7026396,158316.0,0.5536708,1.4,0.008600163,0.03,2016-03-17 20:40:00
495.24597,3.13,5.5141726,153242.0,0.57657397,1.53,0.053078443,0.03,2016-03-17 20:45:00
491.13376,2.93,5.619475,160363.0,0.53685373,1.41,0.037426513,0.02,2016-03-17 20:50:00
498.84097,2.8,5.619137,142350.0,0.63482475,1.39,-0.017728778,0.1,2016-03-17 20:55:00
503.19867,2.44,5.7716374,133056.0,0.6978077,1.23,-0.119186416,0.03,2016-03-17 21:00:00
507.3688,2.5,5.8225856,124777.0,0.76347274,1.29,-0.119186416,0.02,2016-03-17 21:05:00
496.4086,3.33,5.729101,142502.0,0.6245713,1.64,0.033423774,0.06,2016-03-17 21:10:00
512.48505,2.69,5.812934,135066.0,0.7276905,1.42,-0.08092192,0.03,2016-03-17 21:15:00
518.5168,2.68,5.5320973,127157.0,0.8016255,1.44,-0.09691001,0.02,2016-03-17 21:20:00
512.5191,3.35,5.611292,160731.0,0.61162174,1.76,0.05690485,0.02,2016-03-17 21:25:00
501.23492,3.13,5.842859,144732.0,0.633752,1.57,0.017033322,0.04,2016-03-17 21:30:00
494.82135,2.98,5.7094045,133239.0,0.6613659,1.46,-0.008773916,0.05,2016-03-17 21:35:00
491.05212,2.89,5.813114,132118.0,0.6512885,1.39,-0.045757502,0.02,2016-03-17 21:45:00
489.56915,3.05,5.8566375,133619.0,0.6379375,1.46,-0.0043648016,0.04,2016-03-17 21:50:00
492.00604,2.95,5.5609803,122893.0,0.7044206,1.43,-0.05061,0.01,2016-03-17 21:55:00
485.2853,2.96,5.7305675,92096.0,0.9005826,1.4,-0.10790541,0.01,2016-03-17 22:00:00
481.67227,2.83,5.9272676,74123.0,1.0932213,1.32,-0.17392519,0.05,2016-03-17 22:05:00
479.372,2.95,5.9105496,69726.0,1.144971,1.35,-0.16115092,0.02,2016-03-17 22:10:00
477.57138,3.01,5.9337087,72351.0,1.0905782,1.37,-0.14874166,0.05,2016-03-17 22:15:00
475.2894,2.95,5.9820232,77552.0,1.0023811,1.33,-0.15490197,0.03,2016-03-17 22:20:00
473.04514,2.93,6.0675945,78734.0,0.9728919,1.31,-0.1674911,0.05,2016-03-17 22:25:00
474.90646,3.01,6.1485367,68529.0,1.1315186,1.36,-0.18708667,0.02,2016-03-17 22:30:00
476.80417,3.05,6.2043295,63654.0,1.2333946,1.39,-0.20065947,0.05,2016-03-17 22:35:00
476.82776,2.97,6.2857456,61820.0,1.2701811,1.35,-0.22914802,0.02,2016-03-17 22:40:00
476.54724,2.94,6.219236,61966.0,1.2648693,1.34,-0.22184876,0.07,2016-03-17 22:45:00
477.85574,2.86,6.200371,63500.0,1.2448943,1.31,-0.22914802,0.06,2016-03-17 22:50:00
474.5574,3.05,6.2809553,61604.0,1.2558368,1.37,-0.21467017,0.02,2016-03-17 22:55:00
473.22034,3.02,6.214982,61950.0,1.237902,1.35,-0.20760833,0.03,2016-03-17 23:00:00
474.47336,3.11,6.248912,61151.0,1.2644423,1.4,-0.20065947,0.03,2016-03-17 23:05:00
472.29236,3.14,6.1756783,63291.0,1.204292,1.4,-0.18708667,0.02,2016-03-17 23:10:00
473.19012,3.24,6.2502,60666.0,1.263851,1.45,-0.18708667,0.02,2016-03-17 23:15:00
472.27728,3.09,6.3181877,58562.0,1.3014117,1.38,-0.22184876,0.02,2016-03-17 23:20:00
472.78244,3.13,6.2310033,57013.0,1.3412263,1.4,-0.20760833,0.04,2016-03-17 23:25:00
472.25226,3.12,6.250416,57764.0,1.3191731,1.39,-0.20760833,0.02,2016-03-17 23:30:00
473.35025,3.17,6.278041,57782.0,1.3283305,1.42,-0.20760833,0.02,2016-03-17 23:35:00
475.96304,3.08,6.281767,60431.0,1.2920549,1.39,-0.21467017,0.01,2016-03-17 23:40:00
476.66534,3.0,6.271802,63571.0,1.2338861,1.36,-0.21467017,0.04,2016-03-17 23:45:00
474.97144,2.98,6.1873903,61888.0,1.2534722,1.34,-0.21467017,0.03,2016-03-17 23:50:00
475.20114,2.91,6.2901983,63225.0,1.2288135,1.32,-0.23657204,0.04,2016-03-17 23:55:00
474.50363,2.93,6.317428,64771.0,1.194011,1.32,-0.22914802,0.03,2016-03-18 00:00:00
476.7522,2.92,6.2695217,64231.0,1.2219002,1.33,-0.23657204,0.07,2016-03-18 00:05:00
468.98676,3.15,6.3197865,64415.0,1.1576867,1.39,-0.20760833,0.07,2016-03-18 00:10:00
467.7231,3.1,6.37215,63067.0,1.1725416,1.36,-0.22184876,0.04,2016-03-18 00:15:00
468.8144,3.07,6.4262743,64151.0,1.1611217,1.35,-0.22914802,0.04,2016-03-18 00:20:00
469.43906,2.98,6.4394255,62495.0,1.1968398,1.32,-0.24412516,0.03,2016-03-18 00:25:00
467.33188,3.03,6.4837337,60824.0,1.2126181,1.33,-0.24412516,0.02,2016-03-18 00:30:00
467.57806,3.0,6.476982,63231.0,1.1683719,1.31,-0.24412516,0.03,2016-03-18 00:35:00
467.71094,3.03,6.5323043,64484.0,1.1466827,1.32,-0.25181198,0.05,2016-03-18 00:40:00
468.52972,2.88,6.425924,60870.0,1.2213964,1.27,-0.25963733,0.08,2016-03-18 00:45:00
470.88217,3.05,6.397101,63819.0,1.1832623,1.35,-0.22914802,0.06,2016-03-18 00:50:00
472.3805,3.19,6.5184894,74167.0,1.0282894,1.42,-0.20065947,0.06,2016-03-18 00:55:00
467.76886,3.37,6.5785255,64401.0,1.1486032,1.47,-0.20065947,0.02,2016-03-18 01:00:00
452.26395,3.21,6.0238028,114473.0,0.5818183,1.31,-0.05061,0.02,2016-03-18 05:10:00
456.05945,3.58,6.0848174,108374.0,0.6307597,1.49,-0.026872149,0.05,2016-03-18 05:15:00
450.68494,4.01,6.1450305,84824.0,0.776682,1.63,-0.0409586,0.07,2016-03-18 05:20:00
454.0151,4.66,6.124737,40735.0,1.654807,1.92,-0.06550154,0.03,2016-03-18 05:25:00
456.1036,4.77,5.9951816,44892.0,1.523179,1.98,-0.022276402,0.07,2016-03-18 05:30:00
457.88522,4.56,5.9418683,39110.0,1.7697129,1.91,-0.05061,0.04,2016-03-18 05:35:00
454.87985,4.62,5.879235,49901.0,1.3588715,1.91,-0.0043648016,0.07,2016-03-18 05:40:00
459.82547,4.57,5.805248,36217.0,1.936399,1.93,-0.07572073,0.14,2016-03-18 05:45:00
461.61575,5.04,6.2163253,28014.0,2.5338776,2.15,-0.07572073,0.18,2016-03-18 05:50:00
460.39948,4.76,6.4209504,30393.0,2.316436,2.02,-0.13076828,0.03,2016-03-18 05:55:00
459.2783,5.0,6.3346906,26841.0,2.603148,2.11,-0.10237289,0.04,2016-03-18 06:00:00
462.2334,5.14,6.2258015,31745.0,2.2453976,2.2,-0.05551733,0.06,2016-03-18 06:05:00
463.36002,4.7,6.1496425,42019.0,1.7092829,2.02,-0.060480744,0.03,2016-03-18 06:10:00
458.42123,5.18,6.216462,39647.0,1.7521125,2.18,-0.0409586,0.08,2016-03-18 06:15:00
461.01627,5.5,6.2210045,34207.0,2.0667548,2.34,-0.022276402,0.02,2016-03-18 06:20:00
459.46814,5.42,6.2110467,35016.0,1.9979738,2.29,-0.022276402,0.01,2016-03-18 06:25:00
454.90173,4.82,6.0025496,33817.0,2.0054765,2.0,-0.060480744,0.03,2016-03-18 06:30:00
455.73914,4.84,6.1719117,31919.0,2.1369278,2.01,-0.07572073,0.02,2016-03-18 06:35:00
455.77106,4.84,6.0873065,46886.0,1.4550925,2.01,-0.036212165,0.06,2016-03-18 06:40:00
453.49377,5.0,6.0040736,49002.0,1.3707176,2.06,-0.008773916,0.12,2016-03-18 06:45:00
453.95273,5.18,5.7338815,41380.0,1.6283164,2.13,0.008600163,0.08,2016-03-18 06:50:00
456.99075,5.04,5.9998503,39476.0,1.7426648,2.1,-0.013228253,0.03,2016-03-18 06:55:00
455.63547,4.76,6.0520906,40786.0,1.6711694,1.98,-0.0409586,0.02,2016-03-18 07:00:00
453.75085,4.85,5.936093,46307.0,1.4530524,2.0,-0.017728778,0.03,2016-03-18 07:05:00
447.47385,5.02,5.9516215,59313.0,1.0862882,2.01,0.00432137,0.03,2016-03-18 07:10:00
449.24573,4.93,5.8822193,53467.0,1.219978,1.99,0.012837212,0.06,2016-03-18 07:15:00
452.75952,4.62,5.889567,56584.0,1.1810747,1.9,0.0,0.05,2016-03-18 07:20:00
454.55835,4.92,5.864486,50966.0,1.3275509,2.03,0.012837212,0.01,2016-03-18 07:25:00
446.11194,4.83,6.108756,48898.0,1.3052175,1.92,-0.0409586,0.08,2016-03-18 07:30:00
445.9733,4.94,6.1846585,50340.0,1.266603,1.96,-0.022276402,0.05,2016-03-18 07:35:00
449.23523,5.05,6.150488,46615.0,1.3992021,2.04,-0.036212165,0.09,2016-03-18 07:40:00
458.99347,5.88,6.262436,36817.0,1.8941333,2.48,-0.013228253,0.04,2016-03-18 07:45:00
456.61276,5.22,6.423753,37162.0,1.8464144,2.18,-0.07058106,0.02,2016-03-18 07:50:00
453.54013,4.73,6.5154743,32548.0,2.0643137,1.94,-0.13076828,0.01,2016-03-18 07:55:00
461.80316,5.41,6.3695135,34214.0,2.077331,2.31,-0.06550154,0.04,2016-03-18 08:00:00
454.5469,5.36,6.2704144,39596.0,1.7086235,2.22,-0.045757502,0.02,2016-03-18 08:05:00
466.12405,5.53,5.8318605,41214.0,1.7752341,2.41,-0.026872149,0.02,2016-03-18 08:10:00
461.88846,4.89,6.2386055,34570.0,2.057121,2.09,-0.09691001,0.04,2016-03-18 08:15:00
451.96405,4.71,6.0763807,38952.0,1.7063332,1.92,-0.09151498,0.02,2016-03-18 08:20:00
450.8936,6.31,6.0540566,47424.0,1.3912001,2.58,-0.013228253,0.09,2016-03-18 08:25:00
464.2213,5.24,6.4488525,36074.0,2.0025165,2.26,-0.09691001,0.04,2016-03-18 08:35:00
445.80432,4.61,6.4529138,53794.0,1.1838796,1.83,-0.08618615,0.01,2016-03-18 08:50:00
449.50165,4.56,6.3331904,51534.0,1.2679844,1.84,-0.09691001,0.05,2016-03-18 08:55:00
453.18442,5.22,6.6344857,43493.0,1.541061,2.15,-0.08618615,0.03,2016-03-18 09:00:00
455.60803,5.17,6.5781226,41058.0,1.6597869,2.14,-0.09151498,0.09,2016-03-18 09:05:00
461.36557,5.72,6.680644,37770.0,1.8762076,2.44,-0.06550154,0.02,2016-03-18 09:10:00
470.981,5.54,6.985764,31970.0,2.36359,2.46,-0.13076828,0.12,2016-03-18 09:15:00
464.10635,5.42,6.4598293,37923.0,1.9034122,2.34,-0.09691001,0.17,2016-03-18 09:20:00
466.29736,5.27,5.7779064,42452.0,1.7254598,2.29,-0.06550154,0.09,2016-03-18 09:25:00
449.93698,4.37,6.57791,54364.0,1.2056049,1.77,-0.12493874,0.07,2016-03-18 09:30:00
454.07678,4.73,6.2777543,58994.0,1.1431174,1.96,-0.07058106,0.04,2016-03-18 09:35:00
453.34238,5.19,6.36532,53527.0,1.2535379,2.14,-0.036212165,0.08,2016-03-18 09:40:00
449.14267,5.31,6.116151,58582.0,1.1126624,2.15,-0.026872149,0.05,2016-03-18 09:45:00
446.77405,5.76,6.0957775,67420.0,0.9510212,2.3,0.049218025,0.09,2016-03-18 09:50:00
447.82556,6.86,5.1981916,82893.0,0.7791826,2.75,0.14612804,0.04,2016-03-18 09:55:00
452.1655,7.58,6.0689535,65615.0,1.014362,3.1,0.1430148,0.06,2016-03-18 10:05:00
440.1816,6.06,6.348307,78688.0,0.77798784,2.35,0.08635984,0.12,2016-03-18 10:10:00
444.2628,5.85,6.4059114,72887.0,0.86438704,2.31,0.06818584,0.01,2016-03-18 10:15:00
445.25623,5.58,6.4111776,70977.0,0.89384156,2.21,0.045322984,0.04,2016-03-18 10:20:00
444.49075,5.64,6.1385584,77068.0,0.81879985,2.23,0.06818584,0.03,2016-03-18 10:25:00
435.48456,5.47,6.217604,102858.0,0.5756246,2.07,0.1105897,0.06,2016-03-18 10:30:00
444.70084,4.81,6.539212,84873.0,0.74459684,1.9,-0.008773916,0.08,2016-03-18 10:35:00
442.69363,4.71,5.844185,95923.0,0.6496089,1.85,0.025305841,0.06,2016-03-18 10:40:00
436.18274,6.09,5.90072,107473.0,0.55366087,2.32,0.16731733,0.02,2016-03-18 10:50:00
450.5899,4.72,6.2860484,69546.0,0.94668335,1.92,-0.045757502,0.22,2016-03-18 10:55:00
455.51587,4.6,6.793239,48802.0,1.3955296,1.91,-0.13667715,0.04,2016-03-18 11:00:00
452.0065,4.58,6.9881115,40408.0,1.6453308,1.87,-0.20065947,0.06,2016-03-18 11:05:00
451.1735,4.29,7.1259108,42798.0,1.5445547,1.75,-0.22914802,0.04,2016-03-18 11:10:00
453.94998,4.89,7.2204847,37593.0,1.7923144,2.01,-0.18708667,0.02,2016-03-18 11:15:00
456.40427,4.6,7.1373386,36252.0,1.8900741,1.92,-0.21467017,0.01,2016-03-18 11:20:00
452.1487,4.58,6.919169,40882.0,1.6278476,1.87,-0.18708667,0.03,2016-03-18 11:25:00
454.44144,4.97,6.9421973,36704.0,1.8419194,2.05,-0.15490197,0.02,2016-03-18 11:30:00
458.1412,5.53,7.1026335,28281.0,2.4516103,2.32,-0.14874166,0.04,2016-03-18 11:35:00
455.72842,5.94,7.0425205,25365.0,2.6888866,2.47,-0.13076828,0.05,2016-03-18 11:40:00
448.84988,5.53,7.199354,31921.0,2.0378373,2.23,-0.15490197,0.03,2016-03-18 11:45:00
449.99667,5.7,6.4882817,31495.0,2.081873,2.31,-0.09691001,0.43,2016-03-18 11:50:00
447.89917,6.0,5.4431057,59992.0,1.0771745,2.41,-0.0043648016,0.12,2016-03-18 11:55:00
449.782,5.14,6.699321,66944.0,0.97800034,2.08,-0.036212165,0.13,2016-03-18 12:00:00
449.2128,5.6,6.830586,58734.0,1.1103224,2.26,-0.036212165,0.02,2016-03-18 12:05:00
454.87064,5.33,6.896477,61171.0,1.1084464,2.21,-0.07058106,0.11,2016-03-18 12:10:00
470.2868,5.69,6.7987423,55855.0,1.3466617,2.52,-0.06550154,0.05,2016-03-18 12:15:00
483.70322,5.17,7.096746,52031.0,1.5779289,2.42,-0.119186416,0.01,2016-03-18 12:20:00
483.2139,5.32,6.946618,52179.0,1.5685034,2.49,-0.09151498,0.09,2016-03-18 12:25:00
488.11923,5.13,7.042769,49229.0,1.7155974,2.44,-0.119186416,0.06,2016-03-18 12:30:00
482.59924,5.27,7.0365543,49398.0,1.6502548,2.45,-0.10237289,0.04,2016-03-18 12:35:00
479.89868,5.3,7.012945,46387.0,1.7269409,2.44,-0.119186416,0.02,2016-03-18 12:40:00
474.2082,5.2,6.9132557,45067.0,1.7127274,2.34,-0.12493874,0.05,2016-03-18 12:45:00
473.87283,5.04,6.9864078,42695.0,1.8039039,2.26,-0.1426675,0.08,2016-03-18 12:50:00
474.09396,5.06,7.1163826,39532.0,1.9510679,2.27,-0.16115092,0.04,2016-03-18 12:55:00
476.31064,5.23,7.094589,37376.0,2.0937984,2.37,-0.1426675,0.04,2016-03-18 13:00:00
468.73938,4.98,6.8057475,42730.0,1.742336,2.19,-0.13667715,0.06,2016-03-18 13:05:00
460.5459,5.42,6.749148,46432.0,1.5177715,2.29,-0.06550154,0.03,2016-03-18 13:10:00
465.81177,4.96,6.6956253,47771.0,1.5283754,2.15,-0.09691001,0.02,2016-03-18 13:15:00
459.85968,5.63,6.6891627,49926.0,1.4050157,2.38,-0.0409586,0.02,2016-03-18 13:20:00
463.81537,5.39,6.4331408,55023.0,1.3093127,2.32,-0.05061,0.04,2016-03-18 13:25:00
457.31104,5.01,6.486193,55304.0,1.2466303,2.1,-0.08092192,0.03,2016-03-18 13:30:00
478.4674,4.67,6.823174,48454.0,1.6379702,2.14,-0.13076828,0.03,2016-03-18 13:35:00
436.29874,5.37,6.7120643,77539.0,0.7680375,2.04,-0.0043648016,0.03,2016-03-18 13:45:00
444.72092,5.56,6.3596067,61861.0,1.021727,2.21,-0.008773916,0.07,2016-03-18 13:50:00
445.27856,5.52,6.1888447,57087.0,1.1114981,2.19,0.0,0.07,2016-03-18 13:55:00
445.79913,5.14,6.8385744,60348.0,1.0552678,2.04,-0.119186416,0.19,2016-03-18 14:00:00
453.15485,5.54,7.381964,53466.0,1.2533528,2.28,-0.11350928,0.03,2016-03-18 14:05:00
448.30597,5.39,7.230698,45090.0,1.4372305,2.17,-0.14874166,0.02,2016-03-18 14:10:00
433.60223,5.21,7.37958,44094.0,1.3247732,1.96,-0.1674911,0.01,2016-03-18 14:15:00
430.69684,5.31,7.195318,43156.0,1.3255327,1.97,-0.16115092,0.03,2016-03-18 14:20:00
428.21558,5.13,7.274352,43160.0,1.3017843,1.88,-0.1674911,0.06,2016-03-18 14:25:00
427.27466,5.2,7.0589943,46506.0,1.1998793,1.9,-0.12493874,0.04,2016-03-18 14:30:00
432.82166,5.16,6.9897494,50409.0,1.1523304,1.93,-0.11350928,0.06,2016-03-18 14:35:00
431.70367,4.84,6.694789,51163.0,1.126244,1.81,-0.12493874,0.01,2016-03-18 14:40:00
420.2373,4.52,6.677612,49631.0,1.0676793,1.6,-0.15490197,0.02,2016-03-18 14:45:00
422.54562,4.83,6.719025,46888.0,1.149577,1.73,-0.1426675,0.02,2016-03-18 14:50:00
404.836,3.53,6.8926992,35431.0,1.3314708,1.16,-0.29242983,0.03,2016-03-18 14:55:00
408.21625,3.78,6.8587904,56797.0,0.8523761,1.26,-0.20760833,0.01,2016-03-18 15:05:00
413.23682,3.98,6.8495326,58147.0,0.86487895,1.36,-0.18708667,0.01,2016-03-18 15:10:00
416.5118,3.97,6.8891654,54088.0,0.9529151,1.38,-0.20065947,0.01,2016-03-18 15:15:00
415.61865,4.23,6.8911395,61180.0,0.8368417,1.46,-0.15490197,0.05,2016-03-18 15:20:00
414.3352,4.25,6.7194643,58893.0,0.86100924,1.46,-0.13667715,0.02,2016-03-18 15:25:00
414.75665,4.52,6.742025,48428.0,1.050387,1.55,-0.15490197,0.05,2016-03-18 15:30:00
416.1479,4.26,6.7080474,52114.0,0.9863224,1.47,-0.14874166,0.03,2016-03-18 15:35:00
419.6982,4.55,6.744546,53726.0,0.9823675,1.6,-0.12493874,0.02,2016-03-18 15:40:00
417.2029,4.38,6.772164,54362.0,0.95301783,1.53,-0.15490197,0.05,2016-03-18 15:45:00
419.1697,4.37,6.9729543,42714.0,1.230792,1.54,-0.20065947,0.05,2016-03-18 15:50:00
427.23026,4.83,6.8703566,59030.0,0.94500315,1.76,-0.11350928,0.03,2016-03-18 15:55:00
422.28806,4.53,6.6731553,60845.0,0.88419986,1.61,-0.119186416,0.17,2016-03-18 16:00:00
420.76846,4.6,6.749304,44069.0,1.2071699,1.63,-0.15490197,0.02,2016-03-18 16:05:00
424.2021,4.66,6.530773,45731.0,1.1931049,1.68,-0.14874166,0.02,2016-03-18 16:10:00
422.2253,4.68,6.789963,50880.0,1.0568842,1.67,-0.12493874,0.02,2016-03-18 16:15:00
419.40982,4.41,6.6965218,62440.0,0.84346336,1.55,-0.119186416,0.06,2016-03-18 16:20:00
419.91367,4.88,6.71,44826.0,1.1792945,1.73,-0.12493874,0.04,2016-03-18 16:25:00
425.55707,4.91,6.8382893,49487.0,1.11355,1.78,-0.11350928,0.02,2016-03-18 16:30:00
419.34933,4.99,6.6800823,47301.0,1.1129198,1.76,-0.10790541,0.04,2016-03-18 16:35:00
418.3909,4.57,6.7823153,60724.0,0.8607565,1.6,-0.11350928,0.03,2016-03-18 16:40:00
414.55768,4.6,6.551473,62214.0,0.81641155,1.58,-0.09151498,0.06,2016-03-18 16:45:00
413.77145,4.56,6.5075727,60332.0,0.8369183,1.56,-0.09691001,0.01,2016-03-18 16:50:00
415.02396,4.21,6.6046724,66768.0,0.7633937,1.45,-0.10790541,0.07,2016-03-18 16:55:00
418.56366,4.54,6.5565314,72847.0,0.7184344,1.59,-0.05061,0.03,2016-03-18 17:00:00
414.52643,4.64,6.4796677,56688.0,0.89578587,1.6,-0.07572073,0.02,2016-03-18 17:15:00
415.41418,4.66,6.421059,53117.0,0.96239644,1.61,-0.07058106,0.01,2016-03-18 17:20:00
415.5032,4.84,6.3331976,57042.0,0.896773,1.67,-0.031517047,0.08,2016-03-18 17:25:00
423.3407,5.26,6.24956,59108.0,0.91726536,1.89,0.012837212,0.05,2016-03-18 17:30:00
423.7632,4.81,6.1668954,63853.0,0.8517431,1.73,-0.0043648016,0.06,2016-03-18 17:35:00
421.7955,4.86,5.8195105,77118.0,0.6950912,1.73,0.05690485,0.08,2016-03-18 17:40:00
422.4558,5.14,6.1613226,59940.0,0.8986604,1.83,0.008600163,0.06,2016-03-18 17:45:00
420.3301,5.22,5.466772,71331.0,0.7433856,1.85,0.037426513,0.06,2016-03-18 17:50:00
418.00253,5.16,5.822276,73992.0,0.7043693,1.8,0.05690485,0.04,2016-03-18 17:55:00
420.21548,5.22,6.131696,61231.0,0.8652715,1.85,0.033423774,0.04,2016-03-18 18:00:00
416.6091,4.92,6.040331,71593.0,0.7204441,1.71,0.045322984,0.1,2016-03-18 18:05:00
414.27618,4.74,5.9914436,68561.0,0.73926765,1.63,0.025305841,0.02,2016-03-18 18:10:00
417.9938,5.12,6.087742,71771.0,0.7261192,1.79,0.06069783,0.03,2016-03-18 18:15:00
416.42813,5.22,5.95394,73342.0,0.702313,1.81,0.07188199,0.03,2016-03-18 18:20:00
414.9615,5.1,5.797551,69784.0,0.7300584,1.76,0.06069783,0.23,2016-03-18 18:25:00
415.65762,4.8,6.595521,39436.0,1.298634,1.66,-0.119186416,0.04,2016-03-18 18:30:00
418.10867,5.23,6.717239,40026.0,1.3031256,1.83,-0.09151498,0.08,2016-03-18 18:35:00
413.54645,4.64,6.875703,29841.0,1.6892036,1.59,-0.19382004,0.02,2016-03-18 18:40:00
414.20914,4.47,6.7388577,31695.0,1.5983405,1.53,-0.19382004,0.02,2016-03-18 18:45:00
412.24164,4.39,6.6454344,29755.0,1.6775016,1.49,-0.20760833,0.02,2016-03-18 18:50:00
410.22656,4.47,6.697387,30078.0,1.6343657,1.5,-0.18708667,0.02,2016-03-18 18:55:00
409.61298,4.54,6.7241874,32035.0,1.5273896,1.53,-0.18045606,0.01,2016-03-18 19:00:00
410.3943,4.67,6.6696477,32012.0,1.537581,1.57,-0.16115092,0.01,2016-03-18 19:05:00
414.3761,4.51,6.4960446,36137.0,1.4036306,1.55,-0.1674911,0.04,2016-03-18 19:10:00
420.97446,4.58,6.774194,35204.0,1.5134612,1.62,-0.17392519,0.09,2016-03-18 19:15:00
421.68765,5.24,7.2288384,34766.0,1.5406256,1.87,-0.17392519,0.12,2016-03-18 19:20:00
424.63837,5.35,7.2242713,37620.0,1.4549909,1.93,-0.1674911,0.09,2016-03-18 19:25:00
410.10028,4.79,7.2452674,30440.0,1.6133825,1.61,-0.22914802,0.05,2016-03-18 19:35:00
414.02493,5.25,6.873638,36156.0,1.3991951,1.8,-0.13076828,0.1,2016-03-18 19:40:00
421.47034,5.48,6.839897,35000.0,1.5278717,1.94,-0.10790541,0.01,2016-03-18 19:45:00
408.3951,4.61,6.864991,26935.0,1.7998316,1.54,-0.21467017,0.01,2016-03-18 19:50:00
407.0701,5.15,6.8818164,31727.0,1.5126083,1.71,-0.1426675,0.02,2016-03-18 19:55:00
417.01538,5.58,6.8306737,33982.0,1.5224383,1.94,-0.09151498,0.01,2016-03-18 20:05:00
425.95203,5.31,7.0367465,48454.0,1.1405793,1.93,-0.10790541,0.03,2016-03-18 20:10:00
418.86896,5.58,6.942917,35431.0,1.4804753,1.96,-0.10237289,0.02,2016-03-18 20:15:00
424.38843,5.01,6.9607615,32283.0,1.6924243,1.8,-0.16115092,0.02,2016-03-18 20:20:00
428.53787,4.35,7.039666,24110.0,2.335826,1.6,-0.25963733,0.06,2016-03-18 20:25:00
415.93558,4.99,6.7418246,32789.0,1.5651474,1.73,-0.15490197,0.09,2016-03-18 20:30:00
417.37854,4.78,6.619622,36599.0,1.4174124,1.67,-0.16115092,0.1,2016-03-18 20:35:00
423.4353,5.18,6.7934527,32122.0,1.6890433,1.86,-0.13667715,0.08,2016-03-18 20:40:00
423.67712,5.42,6.9013186,39286.0,1.3834943,1.95,-0.10790541,0.15,2016-03-18 20:45:00
418.6838,4.19,7.0625634,30634.0,1.709949,1.47,-0.2839967,0.07,2016-03-18 20:50:00
415.12994,4.46,7.039751,29560.0,1.7256702,1.54,-0.23657204,0.08,2016-03-18 20:55:00
411.8941,4.82,6.7828684,29748.0,1.6734971,1.64,-0.1674911,0.06,2016-03-18 21:00:00
409.89468,4.9,6.710693,34243.0,1.4319642,1.65,-0.1426675,0.09,2016-03-18 21:05:00
410.86264,4.93,6.7473254,31082.0,1.5892198,1.66,-0.14874166,0.06,2016-03-18 21:10:00
412.9297,4.88,6.9550986,33029.0,1.5190849,1.66,-0.17392519,0.07,2016-03-18 21:15:00
413.22443,4.56,6.9027605,29741.0,1.6907783,1.56,-0.20760833,0.02,2016-03-18 21:20:00
416.0119,4.98,6.7494,35570.0,1.4436024,1.73,-0.13667715,0.06,2016-03-18 21:25:00
417.84943,4.18,6.9020576,26171.0,1.9891595,1.46,-0.25181198,0.06,2016-03-18 21:30:00
418.6682,4.22,6.892467,26940.0,1.9441911,1.48,-0.24412516,0.03,2016-03-18 21:35:00
418.20288,4.13,6.8340397,31675.0,1.6478451,1.45,-0.22914802,0.08,2016-03-18 21:40:00
410.84894,4.11,6.784195,25920.0,1.9055169,1.39,-0.24412516,0.02,2016-03-18 21:45:00
414.89554,4.41,6.498292,36864.0,1.3813258,1.52,-0.1674911,0.04,2016-03-18 21:50:00
415.71945,4.53,6.684415,34066.0,1.5040408,1.57,-0.1674911,0.04,2016-03-18 21:55:00
415.72495,4.09,6.7294207,27960.0,1.8325734,1.41,-0.23657204,0.03,2016-03-18 22:00:00
417.6483,4.37,6.66373,29584.0,1.7570417,1.52,-0.19382004,0.06,2016-03-18 22:05:00
410.5482,4.05,6.6607504,26476.0,1.8612528,1.37,-0.22914802,0.1,2016-03-18 22:10:00
407.77975,4.06,7.074525,24078.0,2.0039642,1.35,-0.29242983,0.05,2016-03-18 22:15:00
408.93472,3.93,6.9844546,26442.0,1.8409405,1.31,-0.30103,0.09,2016-03-18 22:20:00
406.41483,4.3,6.751259,30201.0,1.581088,1.42,-0.21467017,0.02,2016-03-18 22:25:00
418.07663,4.01,6.371169,27085.0,1.9252893,1.4,-0.24412516,0.07,2016-03-18 22:30:00
406.85748,4.16,6.7444344,29271.0,1.6368601,1.38,-0.23657204,0.06,2016-03-18 22:35:00
406.3469,4.34,6.9275894,27778.0,1.718108,1.43,-0.24412516,0.06,2016-03-18 22:40:00
409.94934,4.49,6.968795,30265.0,1.6208531,1.51,-0.22184876,0.04,2016-03-18 22:45:00
411.1067,4.74,6.763557,36233.0,1.3658137,1.6,-0.15490197,0.07,2016-03-18 22:50:00
412.0749,4.58,6.1133785,35504.0,1.4041021,1.56,-0.1674911,0.01,2016-03-18 22:55:00
407.4836,3.87,6.8104696,23954.0,2.009787,1.28,-0.2839967,0.01,2016-03-18 23:00:00
404.64563,3.89,6.790796,25061.0,1.8796669,1.27,-0.27572417,0.01,2016-03-18 23:05:00
401.48764,4.1,6.765449,27571.0,1.6673784,1.32,-0.23657204,0.03,2016-03-18 23:10:00
403.57675,3.97,6.7794394,27870.0,1.6763562,1.3,-0.25181198,0.02,2016-03-18 23:15:00
400.48972,3.86,6.7720084,21646.0,2.1073878,1.24,-0.2839967,0.01,2016-03-18 23:20:00
397.27283,3.79,6.7933865,23590.0,1.8857797,1.2,-0.2839967,0.01,2016-03-18 23:25:00
398.68774,3.92,6.423932,24349.0,1.847329,1.25,-0.25963733,0.03,2016-03-18 23:30:00
397.92584,3.67,6.570213,20298.0,2.2028558,1.16,-0.30103,0.05,2016-03-18 23:35:00
394.0526,3.58,6.855983,22226.0,1.9514357,1.11,-0.3187588,0.03,2016-03-18 23:40:00
393.49817,4.13,6.867707,21420.0,2.0160086,1.28,-0.26760623,0.01,2016-03-18 23:45:00
392.64688,3.86,6.768914,21264.0,2.0171537,1.19,-0.29242983,0.01,2016-03-18 23:50:00
393.04968,3.25,6.934299,17464.0,2.463919,1.01,-0.38721615,0.03,2016-03-18 23:55:00
391.42114,3.26,7.0014,19328.0,2.197708,1.0,-0.38721615,0.02,2016-03-19 00:00:00
388.9188,3.34,7.0754294,18963.0,2.1957307,1.01,-0.38721615,0.01,2016-03-19 00:05:00
387.70578,3.23,7.098042,17263.0,2.3886173,0.97,-0.40893543,0.01,2016-03-19 00:10:00
385.47195,3.18,7.0666966,16626.0,2.4359198,0.95,-0.40893543,0.03,2016-03-19 00:15:00
389.26404,3.55,6.8555818,20585.0,2.0283124,1.08,-0.3372422,0.05,2016-03-19 00:20:00
390.8034,3.72,6.7389464,23760.0,1.7789967,1.14,-0.29242983,0.06,2016-03-19 00:25:00
397.69553,3.94,6.7105365,34011.0,1.3123122,1.25,-0.23657204,0.04,2016-03-19 00:30:00
393.76157,3.26,6.589279,20190.0,2.1432862,1.02,-0.3467875,0.14,2016-03-19 00:35:00
402.30737,4.46,5.438465,26006.0,1.7789785,1.46,-0.16115092,0.1,2016-03-19 00:40:00
407.39676,4.6,6.311688,34109.0,1.410493,1.53,-0.119186416,0.17,2016-03-19 00:45:00
414.2391,4.81,5.934585,46588.0,1.0876366,1.65,-0.05551733,0.09,2016-03-19 00:50:00
418.79395,4.99,6.22053,42176.0,1.243017,1.75,-0.0409586,0.05,2016-03-19 00:55:00
417.5192,5.01,6.03822,51526.0,1.007847,1.75,0.0,0.05,2016-03-19 01:00:00
412.54672,4.79,6.2420664,39472.0,1.2674593,1.63,-0.07058106,0.06,2016-03-19 01:05:00
412.56055,4.72,6.247303,40716.0,1.2288624,1.6,-0.07572073,0.01,2016-03-19 01:10:00
409.701,4.51,6.0075703,36821.0,1.3297484,1.51,-0.10237289,0.06,2016-03-19 01:15:00
408.27502,4.94,6.224412,47348.0,1.0229388,1.65,-0.0409586,0.02,2016-03-19 01:20:00
409.20123,5.16,6.0024414,45774.0,1.0656044,1.73,0.012837212,0.05,2016-03-19 01:25:00
405.49063,5.0,6.041813,46984.0,1.0091357,1.65,-0.008773916,0.14,2016-03-19 01:30:00
408.74252,4.92,6.3630495,44851.0,1.0837431,1.65,-0.060480744,0.06,2016-03-19 01:35:00
421.31094,5.26,6.484489,55134.0,0.96877736,1.87,-0.031517047,0.06,2016-03-19 01:40:00
416.03815,5.1,6.851701,48053.0,1.0687996,1.76,-0.10790541,0.13,2016-03-19 01:45:00
415.90726,5.47,6.886958,58617.0,0.8753218,1.9,-0.07058106,0.06,2016-03-19 01:50:00
414.49356,4.53,6.574998,47866.0,1.0606227,1.56,-0.15490197,0.06,2016-03-19 01:55:00
405.11847,4.48,6.8217077,57567.0,0.8212673,1.47,-0.13076828,0.01,2016-03-19 02:00:00
409.39505,4.36,6.77533,53509.0,0.9129105,1.46,-0.14874166,0.02,2016-03-19 02:05:00
410.6266,4.61,6.6918006,54088.0,0.91162235,1.55,-0.11350928,0.04,2016-03-19 02:10:00
411.40244,4.9,6.427838,49191.0,1.0082825,1.66,-0.11350928,0.15,2016-03-19 02:15:00
427.93314,5.04,6.693601,45271.0,1.238535,1.85,-0.13667715,0.07,2016-03-19 02:20:00
432.7682,5.17,7.088512,39154.0,1.4830027,1.94,-0.14874166,0.07,2016-03-19 02:25:00
439.46082,5.26,6.7592974,38727.0,1.5727214,2.03,-0.1426675,0.05,2016-03-19 02:30:00
433.71286,5.28,6.9122934,35810.0,1.6325318,1.99,-0.13667715,0.01,2016-03-19 02:35:00
440.72614,5.32,6.996599,36431.0,1.6868702,2.07,-0.13667715,0.01,2016-03-19 02:40:00
442.39365,5.13,7.035005,37660.0,1.6511173,2.01,-0.14874166,0.03,2016-03-19 02:45:00
435.3424,5.25,7.021802,40681.0,1.453933,1.99,-0.13076828,0.03,2016-03-19 02:50:00
435.50488,5.31,7.0636816,43097.0,1.3740213,2.02,-0.119186416,0.02,2016-03-19 02:55:00
431.72675,5.26,7.0083165,43595.0,1.3219774,1.96,-0.11350928,0.04,2016-03-19 03:00:00
431.7937,5.37,6.9718432,48825.0,1.1809407,2.0,-0.09151498,0.05,2016-03-19 03:05:00
431.04303,5.42,6.8576746,44987.0,1.2747672,2.02,-0.09151498,0.05,2016-03-19 03:10:00
426.79807,5.33,6.77271,54206.0,1.0258653,1.94,-0.06550154,0.09,2016-03-19 03:15:00
426.8011,5.55,6.643598,55304.0,1.00552,2.02,-0.022276402,0.04,2016-03-19 03:20:00
420.88852,4.92,6.5369797,65046.0,0.8185906,1.75,-0.05061,0.13,2016-03-19 03:25:00
420.42322,4.4,6.6926527,68700.0,0.7723873,1.56,-0.119186416,0.06,2016-03-19 03:30:00
425.14215,4.52,6.9817686,65606.0,0.8374106,1.64,-0.13076828,0.02,2016-03-19 03:35:00
426.02765,4.53,6.843486,72050.0,0.76746935,1.65,-0.09691001,0.05,2016-03-19 03:40:00
414.41513,3.95,6.788269,64989.0,0.78071475,1.36,-0.18708667,0.07,2016-03-19 03:45:00
411.03046,4.12,6.644313,68381.0,0.72328514,1.4,-0.15490197,0.03,2016-03-19 03:50:00
408.20575,3.72,6.9635696,64839.0,0.7465959,1.24,-0.21467017,0.02,2016-03-19 03:55:00
414.0072,4.39,6.6654778,84180.0,0.60088575,1.51,-0.08092192,0.02,2016-03-19 04:00:00
413.49963,4.62,6.9201446,70350.0,0.71627235,1.58,-0.10790541,0.02,2016-03-19 04:10:00
409.00693,4.19,6.67003,72765.0,0.6693453,1.4,-0.12493874,0.08,2016-03-19 04:15:00
407.17966,3.87,5.9065137,75557.0,0.6356888,1.29,-0.13076828,0.11,2016-03-19 04:20:00
421.8393,4.84,5.070483,94199.0,0.569235,1.73,0.012837212,0.08,2016-03-19 04:25:00
430.9309,5.09,6.419198,86527.0,0.66223866,1.9,-0.013228253,0.12,2016-03-19 04:30:00
431.97202,5.07,6.8017716,91794.0,0.6289472,1.9,-0.008773916,0.05,2016-03-19 04:35:00
426.79358,4.53,6.769941,84625.0,0.6570899,1.65,-0.07058106,0.01,2016-03-19 04:40:00
418.2287,4.52,6.4052634,75503.0,0.6914364,1.58,-0.11350928,0.16,2016-03-19 04:45:00
425.34915,4.23,7.201375,71121.0,0.7736461,1.53,-0.18045606,0.05,2016-03-19 04:50:00
420.8859,4.59,7.3592186,61303.0,0.8685546,1.63,-0.18045606,0.03,2016-03-19 04:55:00
436.84836,4.71,6.9140215,79704.0,0.75010943,1.81,-0.12493874,0.06,2016-03-19 05:00:00
447.41394,4.92,7.6007957,86125.0,0.7477987,1.97,-0.119186416,0.08,2016-03-19 05:05:00
439.7237,4.41,7.3104105,66284.0,0.92058814,1.71,-0.20760833,0.05,2016-03-19 05:10:00
432.51202,5.02,7.620433,77107.0,0.751664,1.88,-0.13667715,0.01,2016-03-19 05:15:00
426.66797,4.46,7.629941,65542.0,0.847629,1.63,-0.22184876,0.03,2016-03-19 05:20:00
442.27216,4.9,7.6615596,77340.0,0.8033093,1.92,-0.16115092,0.03,2016-03-19 05:25:00
444.2528,5.28,7.7089105,86216.0,0.7307017,2.08,-0.12493874,0.1,2016-03-19 05:30:00
445.57385,5.43,7.306579,106039.0,0.59962064,2.16,-0.06550154,0.06,2016-03-19 05:35:00
452.60248,5.71,8.232284,106107.0,0.62915546,2.34,-0.08092192,0.13,2016-03-19 05:40:00
450.1667,4.87,8.56773,83899.0,0.7824376,1.97,-0.23657204,0.07,2016-03-19 05:45:00
438.7374,4.78,8.632439,111700.0,0.5424818,1.84,-0.21467017,0.05,2016-03-19 05:50:00
432.10458,5.2,9.012808,67615.0,0.8546737,1.94,-0.29242983,0.03,2016-03-19 05:55:00
436.90186,5.42,9.089054,75357.0,0.7936822,2.07,-0.25181198,0.02,2016-03-19 06:00:00
434.97507,5.44,9.111509,76446.0,0.77168494,2.06,-0.25963733,0.04,2016-03-19 06:05:00
434.47302,5.59,9.092513,78220.0,0.75147694,2.11,-0.24412516,0.03,2016-03-19 06:10:00
426.16153,4.94,8.859063,68104.0,0.8127317,1.8,-0.30103,0.1,2016-03-19 06:15:00
429.9549,5.29,8.627137,73460.0,0.7745506,1.95,-0.25181198,0.05,2016-03-19 06:20:00
430.09927,5.66,8.717597,79283.0,0.71841353,2.09,-0.19382004,0.03,2016-03-19 06:25:00
435.1068,5.81,8.5473795,82517.0,0.7155842,2.2,-0.16115092,0.1,2016-03-19 06:30:00
436.9515,5.55,8.566248,83952.0,0.71267724,2.12,-0.18045606,0.03,2016-03-19 06:35:00
436.42984,5.34,8.465353,79158.0,0.75303304,2.04,-0.20065947,0.01,2016-03-19 06:40:00
427.2419,5.4,8.35638,78841.0,0.7076049,1.97,-0.18708667,0.01,2016-03-19 06:45:00
425.84293,5.38,8.448071,75348.0,0.7328869,1.95,-0.20065947,0.05,2016-03-19 06:50:00
425.08356,5.51,8.390137,75859.0,0.72391665,1.99,-0.18045606,0.01,2016-03-19 06:55:00
430.89328,5.79,8.332887,79827.0,0.7176262,2.15,-0.14874166,0.02,2016-03-19 07:00:00
425.68857,5.46,8.370394,74421.0,0.741179,1.98,-0.18045606,0.02,2016-03-19 07:05:00
428.35373,5.6,8.2617855,78889.0,0.71291894,2.06,-0.15490197,0.03,2016-03-19 07:10:00
427.51743,5.78,8.320229,80904.0,0.6909466,2.11,-0.1426675,0.01,2016-03-19 07:15:00
426.69025,5.61,8.257227,77732.0,0.7148192,2.04,-0.15490197,0.03,2016-03-19 07:20:00
423.18845,5.22,8.320247,71240.0,0.76020557,1.87,-0.20065947,0.01,2016-03-19 07:25:00
423.0365,5.59,8.126869,74565.0,0.725495,2.0,-0.16115092,0.09,2016-03-19 07:30:00
420.25858,5.47,8.210079,75063.0,0.7060515,1.93,-0.1674911,0.05,2016-03-19 07:35:00
427.21228,5.28,8.308519,68673.0,0.8122001,1.93,-0.20760833,0.02,2016-03-19 07:40:00
429.66483,5.28,8.172998,76992.0,0.73746705,1.95,-0.17392519,0.03,2016-03-19 07:45:00
435.19415,5.32,8.022998,70747.0,0.83515584,2.02,-0.18708667,0.03,2016-03-19 07:50:00
426.9025,5.17,8.011349,75355.0,0.73850995,1.89,-0.17392519,0.09,2016-03-19 07:55:00
426.26886,5.36,7.8385777,69691.0,0.7948471,1.95,-0.14874166,0.07,2016-03-19 08:00:00
427.64832,5.09,7.7937474,64570.0,0.8665579,1.86,-0.17392519,0.07,2016-03-19 08:05:00
425.95114,5.24,7.7850947,62933.0,0.8781603,1.9,-0.1674911,0.09,2016-03-19 08:10:00
426.0958,5.57,7.6695046,80131.0,0.69041574,2.03,-0.08618615,0.01,2016-03-19 08:15:00
423.10483,5.59,7.734708,72739.0,0.74408144,2.0,-0.11350928,0.07,2016-03-19 08:20:00
423.93835,5.44,7.729612,69014.0,0.7890624,1.96,-0.14874166,0.03,2016-03-19 08:25:00
429.83728,5.02,7.9129133,65636.0,0.86614126,1.85,-0.18708667,0.03,2016-03-19 08:30:00
431.46475,5.21,7.750026,71948.0,0.7995051,1.94,-0.14874166,0.02,2016-03-19 08:35:00
436.64316,5.19,7.8036976,71719.0,0.83240616,1.98,-0.14874166,0.02,2016-03-19 08:40:00
434.97382,5.33,7.7384043,70814.0,0.8330514,2.02,-0.13076828,0.01,2016-03-19 08:45:00
433.00818,5.22,7.7116666,73366.0,0.7928165,1.96,-0.13667715,0.03,2016-03-19 08:50:00
438.56186,5.17,7.651863,73115.0,0.82773393,1.99,-0.13667715,0.01,2016-03-19 08:55:00
423.63974,4.84,6.4958067,69373.0,0.7832591,1.75,-0.1674911,0.04,2016-03-19 09:00:00
413.06146,5.11,6.0227075,78474.0,0.64000463,1.75,-0.09151498,0.11,2016-03-19 09:05:00
411.68582,4.79,7.02104,71332.0,0.6968102,1.63,-0.15490197,0.09,2016-03-19 09:10:00
421.6398,4.73,7.695973,81386.0,0.65788305,1.69,-0.1674911,0.06,2016-03-19 09:15:00
437.88486,5.42,7.6468816,89442.0,0.6733907,2.08,-0.09691001,0.03,2016-03-19 09:20:00
433.53955,5.45,7.1740785,70206.0,0.83167064,2.06,-0.13667715,0.05,2016-03-19 09:25:00
434.92386,5.85,7.72835,68002.0,0.86718935,2.22,-0.119186416,0.04,2016-03-19 09:30:00
433.2297,5.75,7.7511997,79037.0,0.73710376,2.16,-0.08618615,0.03,2016-03-19 09:45:00
431.87463,5.57,7.6831894,75816.0,0.7609618,2.08,-0.10790541,0.03,2016-03-19 09:50:00
440.15085,5.94,7.8229213,73493.0,0.83280027,2.3,-0.09691001,0.04,2016-03-19 09:55:00
433.70862,6.28,7.2389917,84880.0,0.6887274,2.37,-0.0043648016,0.21,2016-03-19 10:00:00
442.1473,6.27,7.2518826,98162.0,0.63235635,2.46,0.033423774,0.04,2016-03-19 10:05:00
436.87674,6.4,7.167894,98883.0,0.6047431,2.44,0.049218025,0.03,2016-03-19 10:10:00
430.39175,6.17,7.046318,104164.0,0.54796904,2.28,0.07918126,0.28,2016-03-19 10:15:00
448.86584,6.12,4.9110184,98180.0,0.66262996,2.47,0.07918126,0.18,2016-03-19 10:20:00
454.8272,6.47,6.975027,96303.0,0.70386827,2.68,0.07554698,0.02,2016-03-19 10:25:00
459.29825,6.57,7.0642977,96097.0,0.72718763,2.77,0.08278538,0.07,2016-03-19 10:30:00
455.35992,6.35,6.996899,93691.0,0.7261325,2.63,0.07188199,0.04,2016-03-19 10:35:00
456.0601,5.99,6.6915545,79282.0,0.86221653,2.49,0.02118928,0.03,2016-03-19 10:40:00
456.0601,5.99,6.8976374,79282.0,0.86221653,2.49,0.025305841,0.04,2016-03-19 10:45:00
441.01395,5.31,6.7216067,196836.0,0.31284615,2.09,0.17318627,0.12,2016-03-19 10:50:00
457.56833,5.91,6.5572324,99726.0,0.6925422,2.48,0.096910015,0.03,2016-03-19 10:55:00
453.06744,6.15,6.659948,101596.0,0.65919447,2.53,0.12057395,0.02,2016-03-19 11:05:00
447.08804,6.04,6.41078,94884.0,0.6772295,2.42,0.10720996,0.08,2016-03-19 11:10:00
439.5028,6.0,6.509078,92651.0,0.6575741,2.32,0.096910015,0.03,2016-03-19 11:15:00
441.0803,5.8,6.4492016,103721.0,0.59398025,2.26,0.1105897,0.04,2016-03-19 11:20:00
447.4414,6.1,6.2547665,106054.0,0.60739315,2.44,0.17897695,0.11,2016-03-19 11:25:00
446.85968,6.11,5.9108205,114781.0,0.55894375,2.44,0.23044895,0.14,2016-03-19 11:30:00
456.74545,6.17,5.6702204,107337.0,0.6398404,2.57,0.27184162,0.05,2016-03-19 11:40:00
440.53436,5.33,3.9634707,101681.0,0.6035656,2.07,0.35410845,0.39,2016-03-19 11:45:00
411.34637,5.57,4.8302794,139718.0,0.35483903,1.89,0.40993312,0.21,2016-03-19 11:50:00
415.1171,5.2,5.2081666,102507.0,0.4975845,1.8,0.27184162,0.11,2016-03-19 11:55:00
412.82098,5.12,5.314847,114605.0,0.43743947,1.75,0.2764618,0.22,2016-03-19 12:00:00
408.0507,4.15,5.535603,92831.0,0.5208531,1.39,0.10037054,0.09,2016-03-19 12:05:00
418.79532,5.08,5.2193584,116170.0,0.45128703,1.78,0.29666522,0.5,2016-03-19 12:15:00
411.18277,5.32,4.979267,126907.0,0.39017576,1.8,0.3424227,0.15,2016-03-19 12:20:00
419.8853,5.03,4.965501,107830.0,0.4901415,1.77,0.21484385,0.12,2016-03-19 12:25:00
426.84293,5.66,4.7333393,111550.0,0.49866647,2.06,0.29666522,0.05,2016-03-19 12:30:00
420.82928,5.59,4.5713234,120466.0,0.44180697,1.98,0.31175387,0.07,2016-03-19 12:35:00
414.92334,5.4,5.016064,161023.0,0.3163015,1.86,0.4199558,0.3,2016-03-19 12:40:00
387.3557,5.18,4.858971,378690.0,0.10858198,1.55,0.53402615,0.04,2016-03-19 12:45:00
418.13544,4.6,5.2854705,68709.0,0.7592789,1.61,0.08990512,0.1,2016-03-19 12:50:00
413.74265,4.76,5.7621956,93830.0,0.53801554,1.63,0.11394334,0.05,2016-03-19 12:55:00
411.12103,4.78,5.950278,94755.0,0.5223249,1.61,0.08635984,0.07,2016-03-19 13:00:00
413.7828,4.99,6.0762897,88228.0,0.5723496,1.71,0.07918126,0.1,2016-03-19 13:05:00
410.2639,4.86,5.9634304,86954.0,0.5654988,1.64,0.06818584,0.09,2016-03-19 13:10:00
412.95523,5.08,5.5853915,93626.0,0.5359999,1.74,0.14612804,0.24,2016-03-19 13:15:00
415.6632,4.61,6.484921,64874.0,0.78945446,1.59,-0.05551733,0.02,2016-03-19 13:20:00
412.56058,4.44,6.4535418,64640.0,0.77404666,1.52,-0.07058106,0.04,2016-03-19 13:25:00
414.16144,4.8,6.0931025,78119.0,0.6482578,1.65,0.033423774,0.09,2016-03-19 13:30:00
423.29373,5.17,5.936076,84410.0,0.64209217,1.85,0.1105897,0.04,2016-03-19 13:35:00
412.5589,4.67,5.5292764,92967.0,0.5381882,1.59,0.08990512,0.09,2016-03-19 13:40:00
403.08026,3.56,5.656324,65852.0,0.7067569,1.17,-0.022276402,0.04,2016-03-19 13:45:00
429.62418,3.9,5.050752,79126.0,0.71736664,1.43,0.041392695,0.14,2016-03-19 13:50:00
424.68915,4.43,5.9496384,68536.0,0.7989543,1.6,0.0,0.14,2016-03-19 13:55:00
414.37888,4.08,6.0827703,61283.0,0.8277018,1.4,-0.06550154,0.03,2016-03-19 14:00:00
424.05136,4.16,5.632131,69555.0,0.7835748,1.49,-0.008773916,0.11,2016-03-19 14:05:00
409.51086,4.38,5.677271,73503.0,0.66516966,1.47,0.0293838,0.13,2016-03-19 14:10:00
431.8709,4.68,5.0805116,85046.0,0.67835677,1.75,0.1398791,0.06,2016-03-19 14:15:00
436.8701,4.77,5.0617585,80573.0,0.7421341,1.83,0.1492191,0.16,2016-03-19 14:20:00
438.98038,4.94,5.5996695,80390.0,0.75506586,1.9,0.10720996,0.1,2016-03-19 14:25:00
432.3804,4.88,5.8987713,75049.0,0.7715448,1.83,0.07188199,0.03,2016-03-19 14:30:00
426.35654,4.61,5.0341635,75636.0,0.7328411,1.68,0.08278538,0.15,2016-03-19 14:35:00
417.70517,4.34,5.9161644,66357.0,0.78367555,1.52,0.0,0.07,2016-03-19 14:40:00
411.78928,3.78,5.889669,53400.0,0.931531,1.28,-0.08618615,0.03,2016-03-19 14:45:00
409.9006,3.54,5.852658,53933.0,0.90922004,1.2,-0.11350928,0.04,2016-03-19 14:50:00
414.39288,3.91,5.6546087,67648.0,0.74990237,1.34,-0.0409586,0.05,2016-03-19 14:55:00
407.67087,3.84,5.8543487,53801.0,0.896105,1.28,-0.10237289,0.08,2016-03-19 15:00:00
402.82855,3.46,6.02616,41213.0,1.1270944,1.12,-0.18045606,0.05,2016-03-19 15:05:00
407.9315,3.95,5.9726543,62887.0,0.76816124,1.32,-0.05551733,0.04,2016-03-19 15:10:00
412.86823,4.55,5.9852986,76318.0,0.65712696,1.55,0.0293838,0.08,2016-03-19 15:15:00
414.44702,4.45,5.8807735,61106.0,0.8305245,1.53,-0.013228253,0.12,2016-03-19 15:20:00
413.4331,4.26,5.923335,57079.0,0.8823653,1.46,-0.031517047,0.12,2016-03-19 15:25:00
418.13995,4.16,5.8878946,62661.0,0.832592,1.45,-0.026872149,0.09,2016-03-19 15:30:00
415.00107,4.58,5.436497,73690.0,0.6915663,1.58,0.09342169,0.1,2016-03-19 15:35:00
415.0119,4.06,5.672821,72417.0,0.7037805,1.4,0.008600163,0.05,2016-03-19 15:40:00
406.8356,3.28,5.5170283,57612.0,0.83150226,1.09,-0.09151498,0.14,2016-03-19 15:45:00
404.47192,3.02,5.6618724,46880.0,1.0034856,0.99,-0.16115092,0.06,2016-03-19 15:50:00
406.72778,3.05,5.633587,53557.0,0.89372075,1.01,-0.1426675,0.01,2016-03-19 15:55:00
407.56314,3.19,5.683599,49073.0,0.98163354,1.06,-0.14874166,0.08,2016-03-19 16:00:00
409.49838,3.92,6.0095096,56736.0,0.86166316,1.31,-0.08092192,0.07,2016-03-19 16:05:00
409.57684,3.88,5.985658,61007.0,0.8018177,1.3,-0.07058106,0.03,2016-03-19 16:10:00
407.85,3.77,5.9839873,52043.0,0.927643,1.26,-0.119186416,0.05,2016-03-19 16:15:00
410.0456,3.57,5.970645,46421.0,1.0575166,1.2,-0.1426675,0.03,2016-03-19 16:20:00
416.5068,3.8,6.0699425,61180.0,0.8424213,1.32,-0.09151498,0.01,2016-03-19 16:25:00
410.301,3.73,6.12018,62729.0,0.7841066,1.26,-0.10237289,0.01,2016-03-19 16:30:00
420.73068,3.75,6.2120934,66686.0,0.7975274,1.33,-0.10790541,0.02,2016-03-19 16:35:00
420.32294,4.33,6.14451,80160.0,0.6614722,1.53,-0.0043648016,0.02,2016-03-19 16:40:00
415.7957,4.11,6.0003834,65663.0,0.7807425,1.42,-0.05061,0.05,2016-03-19 16:45:00
420.0604,4.11,5.5547004,74685.0,0.70858383,1.46,-0.0043648016,0.1,2016-03-19 16:50:00
434.5545,4.82,5.548072,103367.0,0.56899047,1.82,0.13672057,0.05,2016-03-19 16:55:00
431.58286,4.67,5.7018857,98066.0,0.5870722,1.74,0.12385166,0.02,2016-03-19 17:00:00
433.42084,5.15,5.59321,114479.0,0.5096001,1.94,0.20139715,0.03,2016-03-19 17:05:00
439.34866,5.22,5.3917994,116326.0,0.52317125,2.02,0.22010809,0.05,2016-03-19 17:10:00
429.80826,4.71,5.5222187,101604.0,0.55940807,1.74,0.14612804,0.04,2016-03-19 17:15:00
431.72006,5.16,5.2760878,109927.0,0.5242463,1.93,0.16435286,0.14,2016-03-19 17:20:00
439.6565,5.22,5.483548,100485.0,0.6069687,2.02,0.13672057,0.05,2016-03-19 17:25:00
430.95798,5.09,5.9648304,97285.0,0.589122,1.89,0.11394334,0.03,2016-03-19 17:30:00
423.38184,4.88,6.0221343,97088.0,0.5586078,1.75,0.08990512,0.03,2016-03-19 17:35:00
431.18668,5.29,5.0352354,110225.0,0.52082074,1.98,0.16731733,0.04,2016-03-19 17:40:00
445.90152,5.37,5.1255145,112218.0,0.5679022,2.14,0.18752073,0.03,2016-03-19 17:45:00
441.41223,5.4,5.3803806,111325.0,0.55470616,2.11,0.18752073,0.05,2016-03-19 17:50:00
443.6417,5.44,5.2929106,113439.0,0.55297375,2.14,0.20412001,0.17,2016-03-19 17:55:00
450.89612,5.6,5.213569,108595.0,0.6075548,2.28,0.19865711,0.13,2016-03-19 18:00:00
461.34763,5.03,5.3096232,103483.0,0.6847095,2.15,0.12385166,0.12,2016-03-19 18:05:00
465.4742,5.41,5.302726,116217.0,0.62682253,2.35,0.19865711,0.1,2016-03-19 18:10:00
468.2961,5.57,5.602187,107788.0,0.68867654,2.45,0.18469143,0.06,2016-03-19 18:15:00
454.3286,5.77,5.508194,112782.0,0.59897465,2.38,0.22271647,0.04,2016-03-19 18:20:00
457.62634,5.39,5.815273,103212.0,0.66941565,2.26,0.16731733,0.02,2016-03-19 18:25:00
449.64682,5.31,5.807461,87310.0,0.7491699,2.15,0.13353892,0.01,2016-03-19 18:30:00
460.84872,5.36,6.0517273,98746.0,0.7151431,2.28,0.1398791,0.03,2016-03-19 18:35:00
459.57895,5.23,6.0065465,101205.0,0.6917997,2.21,0.13672057,0.02,2016-03-19 18:40:00
460.96582,4.92,6.069382,93442.0,0.7563345,2.09,0.08278538,0.03,2016-03-19 18:45:00
460.25323,5.16,6.085483,95236.0,0.73852175,2.19,0.1105897,0.03,2016-03-19 18:50:00
460.84335,5.24,5.4616666,99843.0,0.7072601,2.23,0.1398791,0.06,2016-03-19 18:55:00
434.2588,5.15,4.050938,113500.0,0.51709557,1.95,0.1818436,0.05,2016-03-19 19:00:00
432.2911,5.25,4.713682,110637.0,0.5230298,1.97,0.18469143,0.07,2016-03-19 19:05:00
422.8201,4.69,5.349589,108587.0,0.49739316,1.68,0.13033378,0.27,2016-03-19 19:10:00
416.05426,4.6,5.1877356,107513.0,0.4777582,1.59,0.16435286,0.08,2016-03-19 19:15:00
418.73322,4.33,5.1763597,88284.0,0.5935596,1.52,0.096910015,0.06,2016-03-19 19:20:00
422.51538,4.94,5.2875514,117964.0,0.45682886,1.77,0.21748395,0.05,2016-03-19 19:25:00
409.1387,3.96,5.263174,104166.0,0.4680392,1.34,0.096910015,0.03,2016-03-19 19:30:00
427.8727,5.29,5.277888,120492.0,0.4651353,1.94,0.23299614,0.05,2016-03-19 19:35:00
429.36475,4.97,5.625273,107756.0,0.5257779,1.83,0.1818436,0.04,2016-03-19 19:40:00
431.44025,4.9,5.4002404,104961.0,0.5479428,1.82,0.17318627,0.07,2016-03-19 19:45:00
439.52222,5.37,5.41049,107628.0,0.5661472,2.08,0.21748395,0.06,2016-03-19 19:50:00
421.71872,4.73,4.642413,103952.0,0.51536936,1.69,0.20412001,0.11,2016-03-19 19:55:00
421.0465,4.58,4.721451,100074.0,0.5326887,1.63,0.16731733,0.1,2016-03-19 20:00:00
409.94373,3.97,5.331454,89024.0,0.55100894,1.34,0.06818584,0.02,2016-03-19 20:05:00
415.7337,4.58,4.351483,94282.0,0.5434984,1.59,0.15533602,0.06,2016-03-19 20:10:00
428.64404,4.67,4.664022,101205.0,0.5568915,1.72,0.17026173,0.02,2016-03-19 20:15:00
421.83286,5.31,4.689158,112908.0,0.4748895,1.89,0.23804612,0.04,2016-03-19 20:20:00
421.83286,5.31,5.5643597,112908.0,0.4748895,1.89,0.23044895,0.02,2016-03-19 20:25:00
419.5985,4.86,5.416586,102308.0,0.51549876,1.71,0.17026173,0.07,2016-03-19 20:30:00
440.10385,5.17,3.8356616,108476.0,0.5640386,2.01,0.22788674,0.15,2016-03-19 20:35:00
446.64136,5.08,5.012325,108969.0,0.5878607,2.02,0.19312459,0.04,2016-03-19 20:40:00
439.23642,5.53,5.216483,127688.0,0.47623911,2.14,0.28103337,0.08,2016-03-19 20:45:00
441.94272,5.46,5.2779536,128573.0,0.4820918,2.13,0.2988531,0.06,2016-03-19 20:50:00
432.01852,5.32,4.453325,135074.0,0.4275652,1.99,0.3201463,0.02,2016-03-19 20:55:00
440.3829,5.4,5.3174243,137655.0,0.44535616,2.09,0.31806332,0.04,2016-03-19 21:00:00
433.75137,4.85,5.4458976,102695.0,0.56942517,1.83,0.18752073,0.02,2016-03-19 21:05:00
425.54684,4.86,4.831263,117044.0,0.47078136,1.77,0.22788674,0.07,2016-03-19 21:10:00
419.58774,4.87,5.415635,114416.0,0.46090963,1.72,0.19865711,0.02,2016-03-19 21:15:00
425.58536,5.54,5.2463417,124759.0,0.44179302,2.01,0.29003462,0.07,2016-03-19 21:20:00
425.3524,5.25,4.9816165,116552.0,0.47209647,1.9,0.26481783,0.05,2016-03-19 21:25:00
436.05133,5.86,4.5796504,131156.0,0.45326024,2.23,0.33041382,0.04,2016-03-19 21:30:00
461.07495,5.61,5.367057,98257.0,0.71980107,2.38,0.23804612,0.02,2016-03-19 21:40:00
454.16934,5.0,4.8391533,111280.0,0.60639715,2.06,0.21748395,0.01,2016-03-19 21:45:00
448.29047,5.45,4.340242,106026.0,0.6111496,2.2,0.2552725,0.03,2016-03-19 21:50:00
425.9419,5.44,5.366144,113134.0,0.48846084,1.97,0.26717174,0.07,2016-03-19 21:55:00
426.1638,5.3,5.443528,111049.0,0.4984394,1.93,0.24551268,0.01,2016-03-19 22:00:00
430.5567,5.44,5.4055805,113268.0,0.5045271,2.02,0.26007143,0.01,2016-03-19 22:05:00
433.16476,5.32,5.2714896,115440.0,0.5044289,1.99,0.2787536,0.02,2016-03-19 22:10:00
433.72635,5.18,5.4646683,111775.0,0.52307427,1.95,0.23552847,0.06,2016-03-19 22:15:00
437.83905,5.22,5.3613615,107472.0,0.56023717,2.0,0.22010809,0.03,2016-03-19 22:20:00
432.34473,4.96,5.3500094,93544.0,0.61884034,1.85,0.1818436,0.03,2016-03-19 22:25:00
436.51654,5.43,5.081319,122487.0,0.4869534,2.07,0.28330123,0.01,2016-03-19 22:30:00
451.0846,5.54,5.163584,106247.0,0.62179,2.26,0.26951295,0.03,2016-03-19 22:35:00
432.89017,4.58,4.9409413,88874.0,0.65391946,1.72,0.15533602,0.02,2016-03-19 22:40:00
434.88672,5.01,4.5146646,97034.0,0.6075698,1.9,0.22010809,0.02,2016-03-19 22:45:00
429.3963,4.51,5.1360784,93050.0,0.6090132,1.67,0.16136801,0.05,2016-03-19 22:50:00
424.04868,4.5,4.107968,84596.0,0.64424413,1.62,0.15228835,0.07,2016-03-19 22:55:00
424.43918,5.01,4.3982725,107620.0,0.50786906,1.81,0.25285304,0.04,2016-03-19 23:00:00
435.81268,4.7,3.2261744,102294.0,0.58015704,1.79,0.20412001,0.04,2016-03-19 23:05:00
424.41455,4.6,2.6325274,96563.0,0.5659206,1.66,0.1818436,0.03,2016-03-19 23:10:00
443.06973,4.25,2.4726303,89186.0,0.700529,1.68,0.15228835,0.08,2016-03-19 23:15:00
439.6718,4.6,2.6715539,102562.0,0.5947414,1.79,0.18469143,0.05,2016-03-19 23:20:00
449.84827,4.55,2.334866,92464.0,0.7083978,1.85,0.16731733,0.04,2016-03-19 23:25:00
464.9265,4.21,4.2442193,94368.0,0.76912653,1.82,0.12385166,0.06,2016-03-19 23:30:00
442.8395,4.15,4.089474,88270.0,0.7066543,1.62,0.1430148,0.04,2016-03-19 23:35:00
401.3469,3.53,5.0377574,51585.0,0.8902035,1.14,0.00432137,0.02,2016-03-19 23:40:00
385.37543,2.66,4.977821,52650.0,0.7686238,0.79,-0.13076828,0.04,2016-03-19 23:45:00
396.04254,2.48,5.009491,44124.0,0.998506,0.78,-0.17392519,0.02,2016-03-19 23:50:00
419.20947,4.9,5.022519,95353.0,0.55150414,1.72,0.22271647,0.03,2016-03-19 23:55:00
406.63617,3.94,5.126441,74112.0,0.645394,1.3,0.08990512,0.04,2016-03-20 00:00:00
414.23795,4.37,4.4430394,111714.0,0.45357227,1.5,0.28780174,0.43,2016-03-20 00:10:00
424.32156,4.56,4.248635,107231.0,0.5092719,1.64,0.3344538,0.15,2016-03-20 00:15:00
447.22543,4.89,3.18655,128575.0,0.5002507,1.96,0.38381538,0.12,2016-03-20 00:20:00
379.30264,2.43,4.151578,61978.0,0.621442,0.7,-0.119186416,0.25,2016-03-20 00:25:00
378.2096,2.33,3.968375,47830.0,0.7980613,0.67,-0.18045606,0.24,2016-03-20 00:30:00
413.31476,3.69,3.1716714,80972.0,0.62144524,1.27,0.06069783,0.11,2016-03-20 00:35:00
397.08792,3.96,4.070541,68980.0,0.64397097,1.25,0.041392695,0.08,2016-03-20 00:40:00
380.46017,2.83,4.717086,55798.0,0.6968497,0.82,-0.13076828,0.1,2016-03-20 00:45:00
390.91974,2.99,4.9819775,58996.0,0.7171357,0.92,-0.11350928,0.14,2016-03-20 00:50:00
399.9938,3.66,5.1768813,68632.0,0.662095,1.21,-0.008773916,0.15,2016-03-20 00:55:00
425.91815,4.08,5.626322,107741.0,0.5128218,1.48,0.07554698,0.08,2016-03-20 01:00:00
420.25082,4.13,5.694436,94149.0,0.5628876,1.46,0.053078443,0.05,2016-03-20 01:05:00
412.50827,4.18,5.3871417,79298.0,0.63071746,1.42,0.037426513,0.04,2016-03-20 01:10:00
431.56616,4.12,5.74666,75862.0,0.7588108,1.54,0.017033322,0.01,2016-03-20 01:15:00
420.70383,3.76,5.7717066,69840.0,0.7613594,1.33,-0.036212165,0.04,2016-03-20 01:20:00
417.7482,4.28,5.697886,85988.0,0.6049569,1.49,0.06818584,0.02,2016-03-20 01:25:00
421.61642,4.25,5.726089,80160.0,0.6678297,1.51,0.049218025,0.01,2016-03-20 01:30:00
416.0832,3.89,5.596374,72803.0,0.7056897,1.35,0.0,0.06,2016-03-20 01:40:00
406.0139,4.08,5.5894275,74275.0,0.64091486,1.35,0.033423774,0.01,2016-03-20 01:45:00
407.70648,3.5,4.513225,63940.0,0.7542141,1.17,-0.060480744,0.04,2016-03-20 01:50:00
404.13647,4.25,4.9993796,80061.0,0.5860788,1.39,0.049218025,0.04,2016-03-20 01:55:00
413.76276,4.02,5.5472336,75668.0,0.66725224,1.38,0.012837212,0.04,2016-03-20 02:00:00
404.36554,3.44,4.607396,60286.0,0.77969843,1.13,-0.08618615,0.11,2016-03-20 02:05:00
383.2489,3.09,5.070434,59716.0,0.6661018,0.91,-0.11350928,0.08,2016-03-20 02:10:00
407.67914,3.88,5.7684655,70036.0,0.6884229,1.29,-0.022276402,0.02,2016-03-20 02:15:00
417.58636,3.78,5.7967577,71887.0,0.72275007,1.32,-0.031517047,0.02,2016-03-20 02:20:00
420.15094,3.82,5.8307548,74112.0,0.7145415,1.35,-0.026872149,0.01,2016-03-20 02:25:00
416.8887,3.49,5.7702775,68495.0,0.75460386,1.21,-0.07572073,0.02,2016-03-20 02:35:00
382.6596,3.19,5.4174347,55178.0,0.71743906,0.93,-0.119186416,0.1,2016-03-20 02:40:00
394.43152,3.14,5.476696,51998.0,0.83661985,0.98,-0.1426675,0.02,2016-03-20 02:45:00
402.25058,3.64,5.6222506,67869.0,0.6813683,1.19,-0.045757502,0.01,2016-03-20 02:50:00
407.3851,4.35,5.428536,84397.0,0.56999916,1.47,0.07918126,0.04,2016-03-20 02:55:00
406.36655,2.66,4.7774153,57701.0,0.8272438,0.89,-0.18045606,0.06,2016-03-20 03:00:00
403.55872,3.17,5.6924686,78106.0,0.5980789,1.04,-0.08618615,0.05,2016-03-20 03:05:00
399.00974,3.51,5.6809244,74339.0,0.60659677,1.12,-0.05061,0.07,2016-03-20 03:10:00
398.30286,3.44,4.741329,73459.0,0.6104844,1.1,-0.031517047,0.05,2016-03-20 03:15:00
418.23154,4.06,5.6626935,81043.0,0.6441844,1.42,0.041392695,0.04,2016-03-20 03:20:00
417.9884,3.95,5.6292896,70804.0,0.73600644,1.38,0.008600163,0.02,2016-03-20 03:25:00
401.3977,3.73,4.0302105,69543.0,0.66058767,1.22,-0.013228253,0.04,2016-03-20 03:30:00
415.67566,4.13,4.7360954,79022.0,0.648172,1.43,0.06069783,0.05,2016-03-20 03:35:00
414.50638,3.71,4.789718,80643.0,0.62959784,1.28,0.025305841,0.07,2016-03-20 03:40:00
420.48105,3.92,4.957318,72847.0,0.7287291,1.39,0.033423774,0.06,2016-03-20 03:45:00
420.48105,3.92,4.8498764,72847.0,0.7287291,1.39,0.041392695,0.05,2016-03-20 03:50:00
427.8037,4.38,4.455536,84556.0,0.66248345,1.6,0.12385166,0.03,2016-03-20 03:55:00
388.40088,2.76,4.5518346,47892.0,0.8658078,0.85,-0.1426675,0.1,2016-03-20 04:00:00
395.6893,2.87,4.731691,58516.0,0.75083506,0.9,-0.12493874,0.05,2016-03-20 04:05:00
413.1491,3.81,4.952262,74647.0,0.6732609,1.31,0.049218025,0.04,2016-03-20 04:10:00
410.7731,3.31,4.828499,61733.0,0.7996148,1.14,-0.0409586,0.06,2016-03-20 04:15:00
396.7972,3.34,5.3518877,54128.0,0.81879896,1.05,-0.07058106,0.02,2016-03-20 04:20:00
390.8463,1.85,5.2734523,27448.0,1.5404913,0.57,-0.38721615,0.06,2016-03-20 04:25:00
382.00934,2.61,5.382574,43743.0,0.90020823,0.76,-0.20760833,0.03,2016-03-20 04:30:00
381.90024,2.69,5.4067736,47217.0,0.83323383,0.79,-0.19382004,0.02,2016-03-20 04:35:00
386.8005,2.94,5.585848,44432.0,0.9213116,0.88,-0.17392519,0.01,2016-03-20 04:50:00
376.34122,2.56,5.1203227,46176.0,0.81400096,0.73,-0.22184876,0.04,2016-03-20 04:55:00
378.39114,2.56,5.242366,53993.0,0.708024,0.74,-0.1674911,0.04,2016-03-20 05:00:00
396.32532,3.26,4.7836075,69590.0,0.6345176,1.04,-0.026872149,0.03,2016-03-20 05:05:00
405.4333,3.19,5.066606,67793.0,0.69907457,1.06,-0.06550154,0.05,2016-03-20 05:10:00
423.23752,3.24,5.386994,90381.0,0.59942454,1.16,0.0,0.01,2016-03-20 05:15:00
404.2564,3.5,4.951949,82599.0,0.5685955,1.14,0.012837212,0.09,2016-03-20 05:30:00
404.54138,3.38,5.584908,75105.0,0.6267034,1.1,-0.0409586,0.02,2016-03-20 05:35:00
400.03894,3.4,5.627397,71549.0,0.63532513,1.09,-0.05061,0.02,2016-03-20 05:40:00
393.56116,2.87,5.6437664,56352.0,0.76668847,0.89,-0.16115092,0.02,2016-03-20 05:45:00
393.10965,3.44,5.609082,72126.0,0.59687656,1.06,-0.045757502,0.02,2016-03-20 05:50:00
393.71042,2.87,5.5148797,53672.0,0.8059222,0.89,-0.14874166,0.05,2016-03-20 05:55:00
394.3259,3.02,5.4159484,55719.0,0.7800985,0.94,-0.10790541,0.03,2016-03-20 06:00:00
390.2361,2.21,5.396091,40201.0,1.0466964,0.68,-0.27572417,0.01,2016-03-20 06:05:00
388.0802,2.54,5.2605515,55010.0,0.7518413,0.77,-0.16115092,0.07,2016-03-20 06:10:00
392.91196,2.44,5.2160044,51232.0,0.8389866,0.75,-0.18708667,0.02,2016-03-20 06:15:00
408.1136,3.17,5.2205462,82824.0,0.58406407,1.06,0.0,0.01,2016-03-20 06:20:00
398.19046,2.89,5.203182,65314.0,0.68601197,0.92,-0.060480744,0.02,2016-03-20 06:25:00
392.98395,2.16,5.150272,46086.0,0.9332006,0.67,-0.23657204,0.02,2016-03-20 06:30:00
389.90637,2.17,5.1610947,46757.0,0.89756966,0.66,-0.22914802,0.02,2016-03-20 06:35:00
392.06143,2.74,5.0475836,67535.0,0.63217556,0.85,-0.08092192,0.07,2016-03-20 06:40:00
379.28476,2.2,4.9924545,45732.0,0.84208184,0.63,-0.22914802,0.07,2016-03-20 06:45:00
378.50275,2.3,5.0240817,56064.0,0.68249583,0.66,-0.17392519,0.05,2016-03-20 06:50:00
382.05713,2.12,5.174534,55544.0,0.7092242,0.62,-0.22914802,0.01,2016-03-20 06:55:00
372.88895,2.16,5.2158318,37812.0,0.96594536,0.6,-0.26760623,0.01,2016-03-20 07:00:00
371.6065,2.21,5.1663723,50530.0,0.71511394,0.61,-0.21467017,0.02,2016-03-20 07:10:00
384.57373,3.05,4.87352,68314.0,0.588555,0.92,-0.022276402,0.03,2016-03-20 07:15:00
382.66977,2.68,4.808607,59880.0,0.66115767,0.79,-0.10790541,0.04,2016-03-20 07:20:00
373.37994,2.38,5.1581974,59911.0,0.61214554,0.66,-0.15490197,0.04,2016-03-20 07:25:00
379.0613,2.42,4.952666,51619.0,0.74467754,0.7,-0.16115092,0.04,2016-03-20 07:30:00
375.69202,2.29,4.911568,45478.0,0.82206416,0.65,-0.19382004,0.02,2016-03-20 07:35:00
378.6252,2.08,4.9250784,43976.0,0.8709751,0.6,-0.22184876,0.03,2016-03-20 07:40:00
381.5205,2.65,4.8084617,66397.0,0.59070677,0.78,-0.05551733,0.01,2016-03-20 07:45:00
378.55383,1.86,4.8294616,47771.0,0.80131304,0.53,-0.24412516,0.05,2016-03-20 07:55:00
378.0731,1.98,4.6612124,52186.0,0.7306251,0.56,-0.18045606,0.13,2016-03-20 08:00:00
388.41107,2.23,4.926215,49785.0,0.83295494,0.67,-0.17392519,0.09,2016-03-20 08:05:00
381.54807,2.04,4.9659038,37242.0,1.05338,0.59,-0.25963733,0.01,2016-03-20 08:10:00
381.37515,1.91,4.7480206,40615.0,0.9645367,0.56,-0.24412516,0.07,2016-03-20 08:15:00
401.36374,1.97,5.046682,129127.0,0.35567415,0.64,-0.07572073,0.23,2016-03-20 08:20:00
407.6164,1.0,5.3904915,53007.0,0.9091495,0.33,-0.5850267,0.12,2016-03-20 08:25:00
413.19858,1.9,5.5346727,73574.0,0.6833343,0.65,-0.27572417,0.03,2016-03-20 08:30:00
440.12527,1.75,5.6482387,156651.0,0.39063856,0.67,-0.20065947,0.04,2016-03-20 08:35:00
443.95908,2.19,5.8683643,199333.0,0.31539488,0.86,-0.05551733,0.06,2016-03-20 08:40:00
447.99808,2.27,5.920794,239363.0,0.27015993,0.91,0.0,0.06,2016-03-20 08:45:00
447.64938,2.22,5.901661,253258.0,0.2547194,0.89,0.008600163,0.02,2016-03-20 08:50:00
450.9808,2.21,5.92255,262740.0,0.25125983,0.9,0.012837212,0.04,2016-03-20 08:55:00
446.52316,2.28,6.0619717,202821.0,0.31557795,0.91,-0.06550154,0.03,2016-03-20 09:00:00
452.4287,2.28,6.140114,214906.0,0.31026605,0.93,-0.07058106,0.05,2016-03-20 09:05:00
449.60938,2.16,6.492419,213466.0,0.30633947,0.87,-0.1426675,0.02,2016-03-20 09:15:00
445.70624,2.36,6.566803,225120.0,0.2827026,0.94,-0.09691001,0.02,2016-03-20 09:20:00
440.41022,2.5,6.6625595,169944.0,0.3608091,0.97,-0.16115092,0.05,2016-03-20 09:30:00
442.62158,2.42,6.5377984,200785.0,0.31018686,0.95,-0.12493874,0.05,2016-03-20 09:35:00
431.7406,2.36,6.934126,120918.0,0.47666478,0.88,-0.29242983,0.02,2016-03-20 09:40:00
428.5112,2.43,6.9105425,119267.0,0.47209916,0.89,-0.27572417,0.11,2016-03-20 09:45:00
404.70908,3.56,6.20071,94874.0,0.49675706,1.17,-0.013228253,0.56,2016-03-20 09:50:00
402.55264,3.04,6.0218024,94874.0,0.48856342,0.98,-0.10790541,0.09,2016-03-20 09:55:00
377.68958,1.59,5.908249,67055.0,0.56682014,0.45,-0.455932,0.16,2016-03-20 10:10:00
383.95685,2.0,5.5982676,81868.0,0.48866612,0.59,-0.27572417,0.2,2016-03-20 10:15:00
393.07755,2.8,4.8990407,91967.0,0.46798715,0.89,-0.008773916,0.09,2016-03-20 10:20:00
411.73572,3.48,5.1362824,110798.0,0.44877723,1.17,0.11394334,0.04,2016-03-20 10:25:00
410.1405,3.45,5.1424704,115178.0,0.42652553,1.16,0.096910015,0.08,2016-03-20 10:30:00
412.82867,3.12,5.3751464,123940.0,0.4045156,1.06,0.033423774,0.21,2016-03-20 10:35:00
417.18036,2.76,5.55839,136503.0,0.37947333,0.96,-0.026872149,0.11,2016-03-20 10:40:00
412.16672,3.08,5.2953377,148649.0,0.33559477,1.04,0.08635984,0.08,2016-03-20 10:50:00
411.06448,3.4,5.1004415,136750.0,0.36176747,1.15,0.117271274,0.12,2016-03-20 10:55:00
413.14484,3.68,5.101529,103282.0,0.48658326,1.25,0.13033378,0.02,2016-03-20 11:00:00
392.41907,3.06,4.212766,83686.0,0.51161873,0.96,0.012837212,0.08,2016-03-20 11:05:00
386.41992,2.45,5.4208026,78890.0,0.51730835,0.73,-0.16115092,0.2,2016-03-20 11:10:00
398.5543,2.48,5.7150154,104239.0,0.43106478,0.79,-0.1426675,0.09,2016-03-20 11:15:00
394.28284,2.89,5.249705,76274.0,0.5696769,0.9,-0.05551733,0.08,2016-03-20 11:20:00
379.30676,2.6,5.047742,44432.0,0.86687607,0.75,-0.14874166,0.02,2016-03-20 11:25:00
392.82867,2.94,4.748284,61452.0,0.69899434,0.92,-0.05061,0.12,2016-03-20 11:30:00
412.66022,3.89,5.1760507,83927.0,0.5966138,1.33,0.10720996,0.08,2016-03-20 11:35:00
413.23532,4.0,5.0366755,97608.0,0.5152196,1.37,0.17026173,0.02,2016-03-20 11:40:00
410.28027,3.97,4.9648867,97285.0,0.50550944,1.34,0.17609127,0.01,2016-03-20 11:45:00
406.50287,3.67,4.515994,92617.0,0.5159167,1.22,0.11394334,0.03,2016-03-20 11:50:00
401.84164,3.4,4.1448765,93728.0,0.4918231,1.11,0.08635984,0.04,2016-03-20 11:55:00
407.18927,3.38,4.752147,97415.0,0.49308905,1.14,0.06818584,0.16,2016-03-20 12:00:00
418.66983,3.44,4.9026623,94382.0,0.5549483,1.21,0.09342169,0.1,2016-03-20 12:05:00
415.64853,3.79,4.995208,99585.0,0.51422846,1.3,0.13033378,0.02,2016-03-20 12:10:00
429.15094,4.1,4.677147,96636.0,0.58537126,1.51,0.1398791,0.14,2016-03-20 12:15:00
440.42566,3.68,5.0550275,79921.0,0.76730806,1.43,0.045322984,0.04,2016-03-20 12:20:00
430.46558,3.76,5.07872,87963.0,0.6492404,1.39,0.06818584,0.05,2016-03-20 12:25:00
421.39105,3.76,5.1886897,82742.0,0.6459138,1.34,0.05690485,0.03,2016-03-20 12:30:00
418.46585,3.69,5.1340823,87925.0,0.59479934,1.29,0.08990512,0.14,2016-03-20 12:35:00
418.47748,3.79,4.9418516,97242.0,0.53785664,1.33,0.1398791,0.11,2016-03-20 12:40:00
418.71646,4.12,4.1959267,94017.0,0.557296,1.44,0.22010809,0.12,2016-03-20 12:45:00
420.33905,4.14,4.757878,87816.0,0.60387564,1.46,0.19589968,0.07,2016-03-20 12:50:00
416.1516,3.98,4.9837837,80713.0,0.636857,1.38,0.12710482,0.12,2016-03-20 12:55:00
409.6836,3.57,5.037271,68205.0,0.71778005,1.2,0.045322984,0.1,2016-03-20 13:00:00
399.99353,2.86,5.038274,55936.0,0.8123715,0.92,-0.08092192,0.04,2016-03-20 13:05:00
392.30676,2.66,5.183879,56250.0,0.7604835,0.81,-0.12493874,0.02,2016-03-20 13:10:00
398.28156,2.98,5.095753,63148.0,0.7100479,0.95,-0.0409586,0.03,2016-03-20 13:15:00
403.1782,3.06,5.1341796,74270.0,0.6271249,1.0,-0.008773916,0.04,2016-03-20 13:20:00
394.4333,2.45,5.24719,67409.0,0.6453615,0.77,-0.1426675,0.04,2016-03-20 13:25:00
392.20767,2.33,5.2741065,57540.0,0.74284965,0.72,-0.18708667,0.02,2016-03-20 13:30:00
405.89578,3.13,5.2366495,79656.0,0.59707814,1.03,-0.013228253,0.04,2016-03-20 13:35:00
400.5339,2.83,5.17089,64964.0,0.70242274,0.91,-0.08092192,0.07,2016-03-20 13:40:00
397.4135,2.94,5.0829225,61488.0,0.72428113,0.93,-0.045757502,0.04,2016-03-20 13:45:00
397.18567,3.09,5.1045175,66542.0,0.6680768,0.98,-0.026872149,0.01,2016-03-20 13:50:00
398.05365,3.34,5.068106,59749.0,0.7491052,1.06,-0.026872149,0.15,2016-03-20 13:55:00
395.46472,3.19,5.2977543,36796.0,1.1919308,1.0,-0.12493874,0.03,2016-03-20 14:00:00
394.9596,3.17,5.3982034,46650.0,0.93642294,0.99,-0.10790541,0.01,2016-03-20 14:05:00
400.514,3.59,5.4244723,57287.0,0.79643077,1.15,-0.0409586,0.03,2016-03-20 14:10:00
400.23764,3.42,5.437279,51684.0,0.880876,1.1,-0.07058106,0.04,2016-03-20 14:15:00
404.4369,3.35,5.538601,58771.0,0.8002369,1.1,-0.08092192,0.05,2016-03-20 14:20:00
399.66638,3.26,5.893429,60770.0,0.7458487,1.04,-0.13076828,0.09,2016-03-20 14:25:00
397.7782,2.86,5.864418,53012.0,0.84248734,0.91,-0.21467017,0.01,2016-03-20 14:30:00
422.31342,3.69,5.7575774,70771.0,0.7603285,1.32,-0.060480744,0.03,2016-03-20 14:35:00
411.37643,3.7,5.835358,60571.0,0.8186867,1.25,-0.08092192,0.06,2016-03-20 14:40:00
417.5307,3.62,5.921444,50028.0,1.0381142,1.26,-0.119186416,0.03,2016-03-20 14:45:00
409.5563,3.47,5.909932,52260.0,0.9358754,1.17,-0.14874166,0.03,2016-03-20 14:50:00
422.22812,3.79,6.194917,58683.0,0.91637075,1.35,-0.119186416,0.03,2016-03-20 14:55:00
409.3905,3.29,5.8989663,43778.0,1.1157942,1.1,-0.21467017,0.07,2016-03-20 15:00:00
401.86465,3.28,5.2885633,51339.0,0.898066,1.07,-0.1674911,0.1,2016-03-20 15:05:00
429.5776,4.0,6.2149897,48014.0,1.1818054,1.48,-0.12493874,0.08,2016-03-20 15:10:00
433.33798,3.83,6.4331794,35426.0,1.6457912,1.44,-0.20065947,0.03,2016-03-20 15:15:00
437.35318,4.26,6.2920346,33965.0,1.766585,1.63,-0.14874166,0.04,2016-03-20 15:20:00
446.1538,4.04,6.348401,31040.0,2.0567386,1.6,-0.18045606,0.02,2016-03-20 15:25:00
441.37973,4.68,6.421877,34903.0,1.7688599,1.82,-0.11350928,0.01,2016-03-20 15:30:00
437.35263,4.82,6.4461303,40540.0,1.4800646,1.85,-0.09151498,0.01,2016-03-20 15:35:00
427.05524,4.57,6.5489388,35235.0,1.5811671,1.67,-0.14874166,0.07,2016-03-20 15:40:00
426.65317,4.68,6.628974,31087.0,1.7868978,1.7,-0.16115092,0.05,2016-03-20 15:45:00
425.02625,4.38,6.7450423,34573.0,1.587729,1.58,-0.18708667,0.02,2016-03-20 15:50:00
432.8228,4.94,6.759179,30243.0,1.9207188,1.85,-0.15490197,0.03,2016-03-20 15:55:00
439.6068,4.92,6.8659887,33411.0,1.8248421,1.9,-0.15490197,0.01,2016-03-20 16:00:00
413.82397,5.46,6.6500077,33018.0,1.5298594,1.86,-0.10237289,0.03,2016-03-20 16:05:00
423.60675,4.92,6.8370533,33132.0,1.639619,1.76,-0.16115092,0.09,2016-03-20 16:10:00
412.51392,4.78,6.3382807,26929.0,1.8573568,1.64,-0.22184876,0.03,2016-03-20 16:15:00
407.3838,5.25,6.0566244,33464.0,1.4375371,1.74,-0.16115092,0.02,2016-03-20 16:20:00
376.73422,3.82,7.0572376,14913.0,2.5286424,1.08,-0.3467875,0.04,2016-03-20 16:25:00
388.4456,4.7,6.1252675,33181.0,1.2501171,1.42,-0.22914802,0.07,2016-03-20 16:35:00
407.70462,4.6,7.2406354,40231.0,1.198672,1.53,-0.22184876,0.12,2016-03-20 16:40:00
412.5718,4.63,6.7246857,43252.0,1.1569086,1.58,-0.16115092,0.05,2016-03-20 16:45:00
419.9026,4.08,6.8617344,44230.0,1.1950876,1.44,-0.22914802,0.08,2016-03-20 16:50:00
410.5575,4.31,6.7798233,31970.0,1.5415078,1.46,-0.21467017,0.09,2016-03-20 16:55:00
410.88815,4.57,7.0040774,29345.0,1.6836146,1.55,-0.22914802,0.09,2016-03-20 17:00:00
413.84485,5.03,6.941434,29018.0,1.741017,1.73,-0.1674911,0.1,2016-03-20 17:05:00
411.05884,5.06,6.8821945,28490.0,1.7363845,1.71,-0.16115092,0.04,2016-03-20 17:10:00
410.18555,5.2,6.8149395,30981.0,1.5862356,1.75,-0.13667715,0.02,2016-03-20 17:15:00
409.10242,5.35,6.8412423,31819.0,1.5317992,1.79,-0.12493874,0.04,2016-03-20 17:20:00
412.3591,5.17,6.882521,29479.0,1.6947098,1.76,-0.14874166,0.02,2016-03-20 17:25:00
413.8085,5.44,6.897739,28086.0,1.7982987,1.86,-0.13076828,0.03,2016-03-20 17:30:00
417.15817,5.34,6.9176946,26071.0,1.9865239,1.86,-0.14874166,0.01,2016-03-20 17:35:00
416.0753,5.3,6.864037,29070.0,1.767227,1.83,-0.13667715,0.02,2016-03-20 17:40:00
416.0456,5.36,6.9145207,29509.0,1.7405499,1.85,-0.13667715,0.02,2016-03-20 17:45:00
416.82742,4.87,7.0308037,27549.0,1.8753109,1.69,-0.20065947,0.07,2016-03-20 17:50:00
414.80695,4.82,7.1659336,29249.0,1.7397983,1.66,-0.21467017,0.04,2016-03-20 17:55:00
414.22507,4.72,7.1958942,27756.0,1.825388,1.62,-0.22914802,0.05,2016-03-20 18:00:00
415.3574,4.98,7.2134733,28752.0,1.7771934,1.72,-0.20760833,0.02,2016-03-20 18:05:00
430.10855,5.64,6.3129153,31849.0,1.788496,2.09,-0.10237289,0.09,2016-03-20 18:10:00
427.62347,5.77,6.747125,39300.0,1.4234992,2.11,-0.06550154,0.07,2016-03-20 18:15:00
422.7101,4.94,6.9531145,35468.0,1.5215605,1.77,-0.16115092,0.01,2016-03-20 18:20:00
414.26154,4.77,6.92437,30665.0,1.6526775,1.63,-0.18708667,0.01,2016-03-20 18:25:00
411.34558,4.82,6.8774047,32920.0,1.5059872,1.63,-0.17392519,0.02,2016-03-20 18:30:00
417.0844,4.86,6.7365417,36679.0,1.4112206,1.69,-0.14874166,0.07,2016-03-20 18:35:00
421.9136,5.14,6.694782,35802.0,1.4985414,1.83,-0.119186416,0.07,2016-03-20 18:40:00
418.84454,5.02,6.800713,38981.0,1.3454043,1.76,-0.13076828,0.03,2016-03-20 18:45:00
417.18143,5.25,6.8540645,35171.0,1.4727943,1.83,-0.12493874,0.03,2016-03-20 18:50:00
409.93234,5.05,6.819634,29404.0,1.6680992,1.7,-0.15490197,0.04,2016-03-20 18:55:00
400.22345,5.36,6.7373137,29152.0,1.5615456,1.72,-0.13076828,0.02,2016-03-20 19:00:00
411.32886,5.04,6.93884,30684.0,1.6155267,1.7,-0.16115092,0.04,2016-03-20 19:05:00
415.981,4.81,6.9835806,28826.0,1.7809287,1.67,-0.19382004,0.03,2016-03-20 19:10:00
417.22894,4.83,6.980358,30654.0,1.690416,1.68,-0.18045606,0.01,2016-03-20 19:15:00
413.14572,4.92,6.9561343,30901.0,1.6263431,1.68,-0.17392519,0.01,2016-03-20 19:20:00
411.27246,4.91,6.92847,29696.0,1.6685636,1.66,-0.17392519,0.03,2016-03-20 19:25:00
414.01614,4.77,6.8615522,33458.0,1.511924,1.63,-0.17392519,0.02,2016-03-20 19:30:00
416.43723,4.66,6.840943,35208.0,1.4630917,1.62,-0.1674911,0.03,2016-03-20 19:35:00
415.4452,5.18,6.6797824,40192.0,1.2721808,1.79,-0.09151498,0.04,2016-03-20 19:40:00
413.92862,5.31,6.5984693,42411.0,1.1919708,1.82,-0.06550154,0.02,2016-03-20 19:45:00
414.7533,5.48,6.581512,40623.0,1.2521691,1.88,-0.060480744,0.06,2016-03-20 19:50:00
417.1955,5.33,6.777175,30022.0,1.7255712,1.86,-0.119186416,0.01,2016-03-20 19:55:00
415.94742,5.77,6.664338,30137.0,1.7030282,1.99,-0.07058106,0.05,2016-03-20 20:00:00
412.72797,5.93,6.680187,31981.0,1.5664803,2.02,-0.05061,0.05,2016-03-20 20:05:00
414.1427,5.48,6.831003,32959.0,1.5362755,1.88,-0.10237289,0.02,2016-03-20 20:10:00
407.01535,5.56,6.8527436,31425.0,1.5265055,1.84,-0.10237289,0.01,2016-03-20 20:15:00
410.21506,5.62,6.871019,36050.0,1.3634998,1.89,-0.09151498,0.04,2016-03-20 20:20:00
409.4676,5.3,6.7893887,33864.0,1.4432993,1.77,-0.11350928,0.04,2016-03-20 20:25:00
404.29208,5.31,6.7459693,36897.0,1.2732289,1.74,-0.09691001,0.06,2016-03-20 20:30:00
404.75046,5.38,6.755546,36478.0,1.2924043,1.76,-0.09151498,0.05,2016-03-20 20:35:00
401.92258,5.36,6.736631,33827.0,1.3636,1.73,-0.09691001,0.02,2016-03-20 20:40:00
405.20215,5.01,6.812848,37921.0,1.2475488,1.64,-0.13076828,0.11,2016-03-20 20:45:00
411.03802,4.67,6.9869666,42538.0,1.1627673,1.58,-0.1674911,0.02,2016-03-20 20:50:00
406.75537,4.15,7.030143,38815.0,1.2334177,1.37,-0.23657204,0.04,2016-03-20 20:55:00
410.48834,3.79,7.0535235,39803.0,1.2374991,1.28,-0.27572417,0.01,2016-03-20 21:00:00
408.2411,3.87,7.000721,48761.0,0.9930391,1.29,-0.23657204,0.02,2016-03-20 21:05:00
412.46313,3.78,7.0165734,38132.0,1.3111717,1.29,-0.27572417,0.01,2016-03-20 21:10:00
406.45245,3.51,6.9610124,40100.0,1.1911274,1.16,-0.29242983,0.04,2016-03-20 21:15:00
391.78207,3.69,6.424648,43774.0,0.97316545,1.14,-0.20760833,0.13,2016-03-20 21:20:00
388.56116,4.04,6.4209423,52006.0,0.7983417,1.22,-0.13667715,0.07,2016-03-20 21:25:00
386.6927,3.81,6.5210505,40735.0,1.0040555,1.14,-0.20065947,0.02,2016-03-20 21:30:00
382.76605,3.7,6.4920645,39023.0,1.0153277,1.09,-0.22184876,0.04,2016-03-20 21:35:00
386.33725,4.46,6.1417346,45591.0,0.89454675,1.33,-0.09691001,0.19,2016-03-20 21:40:00
373.49585,3.22,5.9977746,29540.0,1.2427115,0.9,-0.24412516,0.06,2016-03-20 21:45:00
384.677,4.03,5.7847905,40769.0,0.98702854,1.2,-0.1426675,0.12,2016-03-20 21:50:00
385.50693,3.99,6.2559094,40591.0,0.9980301,1.19,-0.14874166,0.05,2016-03-20 21:55:00
383.25452,4.18,6.2240257,45076.0,0.88248175,1.23,-0.11350928,0.05,2016-03-20 22:00:00
383.9904,3.89,6.231388,64639.0,0.6190843,1.15,-0.09691001,0.02,2016-03-20 22:05:00
374.6705,4.02,6.185289,54812.0,0.6763173,1.13,-0.10790541,0.05,2016-03-20 22:10:00
374.76175,4.4,6.1272593,42319.0,0.8766374,1.24,-0.08092192,0.05,2016-03-20 22:15:00
377.6302,3.61,6.178503,37883.0,1.0028119,1.03,-0.19382004,0.13,2016-03-20 22:20:00
384.59836,4.24,5.650575,72894.0,0.5516855,1.26,0.045322984,0.12,2016-03-20 22:25:00
400.63412,3.98,5.7818165,73686.0,0.61976147,1.28,-0.022276402,0.14,2016-03-20 22:30:00
404.68784,3.83,6.127071,65188.0,0.7228573,1.25,-0.08618615,0.06,2016-03-20 22:35:00
405.6022,4.01,6.021968,64605.0,0.734523,1.32,-0.05551733,0.25,2016-03-20 22:40:00
405.20074,4.16,6.3049984,70508.0,0.67095643,1.37,-0.06550154,0.04,2016-03-20 22:45:00
402.2829,3.92,6.241138,61945.0,0.7467165,1.27,-0.11350928,0.22,2016-03-20 22:50:00
401.26675,3.9,6.426725,55795.0,0.8225218,1.26,-0.1426675,0.04,2016-03-20 22:55:00
407.05524,4.02,6.1800323,64535.0,0.7435511,1.33,-0.07058106,0.24,2016-03-20 23:00:00
414.0889,4.17,6.2338676,66650.0,0.7593944,1.43,-0.060480744,0.1,2016-03-20 23:05:00
412.53024,3.92,6.4972687,52514.0,0.95256364,1.34,-0.15490197,0.05,2016-03-20 23:10:00
410.17505,3.68,6.5858407,51191.0,0.9599195,1.24,-0.20065947,0.07,2016-03-20 23:15:00
406.0347,3.73,6.288362,59521.0,0.79991174,1.23,-0.17392519,0.05,2016-03-20 23:20:00
408.34738,3.67,6.6304145,73004.0,0.6638106,1.22,-0.16115092,0.03,2016-03-20 23:25:00
403.14435,3.75,6.589841,38324.0,1.2150192,1.22,-0.22184876,0.04,2016-03-20 23:30:00
403.07083,3.59,6.6059747,32673.0,1.4243556,1.17,-0.25963733,0.02,2016-03-20 23:35:00
404.17026,3.84,6.496807,45227.0,1.0377488,1.26,-0.20065947,0.03,2016-03-20 23:40:00
398.308,4.04,6.553007,46814.0,0.95799094,1.28,-0.1674911,0.03,2016-03-20 23:45:00
391.47684,2.8,6.6169934,22147.0,1.9188205,0.86,-0.39794,0.03,2016-03-20 23:50:00
395.68063,3.19,6.5967646,29832.0,1.472676,1.0,-0.32790217,0.01,2016-03-20 23:55:00
392.1796,2.96,6.4983997,35768.0,1.1947563,0.92,-0.32790217,0.05,2016-03-21 00:00:00
