V,Np,B,Tp,Texp/Tp,Pdyn,logBeta,B_rms,Time
322.41217,8.74,5.031719,59409.0,0.39091986,1.82,0.41830128,0.16,2023-10-20 00:00:00
321.80627,8.73,4.970654,60380.0,0.38238758,1.81,0.43775058,0.15,2023-10-20 00:05:00
321.70978,8.62,4.7546296,56595.0,0.40758055,1.78,0.4578819,0.12,2023-10-20 00:10:00
320.6372,8.88,4.7488313,57787.0,0.39504483,1.83,0.47856653,0.05,2023-10-20 00:15:00
321.6345,8.92,4.741192,57355.0,0.40188685,1.84,0.48572144,0.06,2023-10-20 00:20:00
321.5676,9.08,4.263672,56766.0,0.40579394,1.88,0.518514,0.1,2023-10-20 00:25:00
323.0661,9.26,3.8473496,55707.0,0.4195363,1.94,0.580925,0.18,2023-10-20 00:30:00
322.6426,9.29,4.121662,55082.0,0.4225677,1.93,0.6106602,0.17,2023-10-20 00:35:00
321.32043,8.21,4.5889106,59279.0,0.38766223,1.7,0.4756712,0.09,2023-10-20 00:40:00
325.33728,9.82,3.7695358,53652.0,0.44520956,2.08,0.70927,0.32,2023-10-20 00:45:00
327.95862,9.89,4.2150445,48907.0,0.50075907,2.13,0.60097295,0.11,2023-10-20 00:50:00
329.80038,9.31,4.6846347,37323.0,0.6677203,2.03,0.45178646,0.29,2023-10-20 00:55:00
328.62137,8.93,4.135142,51186.0,0.48147976,1.93,0.5865873,0.08,2023-10-20 01:00:00
325.15176,8.12,3.8501558,61115.0,0.39014983,1.72,0.5865873,0.16,2023-10-20 01:05:00
326.7465,10.94,3.9018328,42045.0,0.5758103,2.34,0.70415056,0.07,2023-10-20 01:10:00
326.04825,10.56,4.0482836,42166.0,0.57034725,2.24,0.6304279,0.17,2023-10-20 01:15:00
326.83875,10.76,3.868488,41384.0,0.5855218,2.3,0.69810057,0.1,2023-10-20 01:20:00
327.90225,9.95,4.1818776,41731.0,0.58655506,2.14,0.57170886,0.19,2023-10-20 01:25:00
326.10812,10.45,3.953897,44315.0,0.54299915,2.22,0.67209786,0.04,2023-10-20 01:30:00
330.11703,10.29,3.8324013,41050.0,0.60891306,2.25,0.6384893,0.07,2023-10-20 01:35:00
329.30573,10.13,3.9651608,39734.0,0.62428004,2.2,0.6334685,0.11,2023-10-20 01:40:00
332.7064,10.41,4.2160406,40011.0,0.64010626,2.3,0.5998831,0.13,2023-10-20 01:45:00
335.1015,10.06,4.4076524,36902.0,0.7097075,2.26,0.5440681,0.08,2023-10-20 01:50:00
335.80304,9.97,4.6629605,38048.0,0.6928271,2.25,0.49968714,0.08,2023-10-20 01:55:00
338.2343,10.15,4.515418,41582.0,0.64834243,2.32,0.53781915,0.12,2023-10-20 02:00:00
339.0491,9.7,4.586513,48652.0,0.5582927,2.23,0.53019977,0.06,2023-10-20 02:05:00
338.35583,9.66,4.647989,50181.0,0.5378437,2.21,0.5065051,0.07,2023-10-20 02:10:00
339.78622,9.91,4.557949,51585.0,0.5301214,2.29,0.5526682,0.02,2023-10-20 02:15:00
338.48236,10.3,4.7077913,53008.0,0.50975263,2.36,0.5440681,0.01,2023-10-20 02:20:00
333.65408,6.15,4.631943,58140.0,0.4444287,1.37,0.33645976,0.06,2023-10-20 02:30:00
333.2952,9.51,4.436271,44182.0,0.58287674,2.12,0.50242716,0.06,2023-10-20 02:35:00
333.9907,9.77,4.359002,47581.0,0.5447619,2.18,0.54282546,0.04,2023-10-20 02:40:00
335.21722,9.74,4.2898135,42827.0,0.6121791,2.19,0.53147894,0.05,2023-10-20 02:45:00
339.0326,9.96,4.426624,39787.0,0.6825832,2.29,0.51719594,0.06,2023-10-20 02:50:00
336.27295,9.9,4.570186,43816.0,0.6042469,2.24,0.53019977,0.04,2023-10-20 02:55:00
336.65463,9.8,4.5137787,41596.0,0.6387477,2.22,0.5237465,0.03,2023-10-20 03:00:00
336.34573,10.04,4.6525044,34274.0,0.772992,2.27,0.4941546,0.03,2023-10-20 03:05:00
337.35318,9.62,4.7350607,34026.0,0.7859091,2.19,0.4578819,0.07,2023-10-20 03:10:00
336.4471,9.71,4.571061,40273.0,0.6584658,2.2,0.5587086,0.26,2023-10-20 03:15:00
337.67062,9.98,4.6528053,48112.0,0.5574441,2.28,0.5352942,0.07,2023-10-20 03:20:00
310.06558,7.29,4.7394724,8282.0,2.483219,1.4,0.24303806,0.13,2023-10-20 03:30:00
310.06558,7.29,4.292447,8282.0,2.483219,1.4,0.27415785,0.47,2023-10-20 03:35:00
329.39868,9.38,3.4397094,47338.0,0.5244613,2.03,0.76937735,0.37,2023-10-20 03:40:00
329.30408,7.11,2.207306,41179.0,0.60236436,1.53,0.7355989,0.49,2023-10-20 03:45:00
321.3935,9.74,4.0225616,50271.0,0.4574505,2.01,0.6384893,0.05,2023-10-20 04:10:00
322.88605,10.36,3.9704285,51585.0,0.4522746,2.16,0.67209786,0.04,2023-10-20 04:15:00
327.33795,9.55,3.5737376,46254.0,0.5263681,2.04,0.6812413,0.09,2023-10-20 04:25:00
331.6553,9.27,3.4694955,47755.0,0.53104925,2.04,0.7126497,0.1,2023-10-20 04:30:00
329.34198,9.14,3.2451346,52385.0,0.47367844,1.98,0.7481881,0.15,2023-10-20 04:35:00
336.9072,9.2,3.1109002,43965.0,0.6057419,2.09,0.7664129,0.03,2023-10-20 04:40:00
338.56763,8.66,3.2386725,42929.0,0.62992775,1.99,0.70415056,0.05,2023-10-20 04:45:00
336.55038,8.48,3.3928158,44239.0,0.6000077,1.92,0.6757783,0.17,2023-10-20 04:50:00
338.95795,8.28,3.4143665,43808.0,0.6195062,1.9,0.673942,0.27,2023-10-20 04:55:00
339.36633,8.49,3.2725525,43084.0,0.6322824,1.96,0.74115163,0.03,2023-10-20 05:00:00
340.5664,8.27,3.17164,43034.0,0.6400114,1.92,0.73957235,0.05,2023-10-20 05:05:00
341.48587,8.2,2.981996,42554.0,0.65268576,1.91,0.80550086,0.14,2023-10-20 05:10:00
342.10013,8.23,2.7953713,43853.0,0.6369053,1.92,0.8621314,0.09,2023-10-20 05:15:00
342.5449,8.45,2.738211,46305.0,0.60562366,1.98,0.90848505,0.14,2023-10-20 05:20:00
342.80945,8.39,2.355865,43250.0,0.64996266,1.98,0.96894974,0.14,2023-10-20 05:25:00
342.98032,8.62,3.0346994,40763.0,0.6906883,2.03,0.8162413,0.2,2023-10-20 05:30:00
343.35843,8.34,3.3429627,38546.0,0.7329233,1.97,0.7058637,0.03,2023-10-20 05:35:00
341.51968,8.16,3.1456318,37511.0,0.7406615,1.9,0.7604225,0.07,2023-10-20 05:40:00
345.3148,7.99,3.4869041,37511.0,0.76658523,1.91,0.64836,0.03,2023-10-20 05:45:00
345.3148,7.99,3.4722183,37511.0,0.76658523,1.91,0.65513843,0.03,2023-10-20 05:50:00
344.216,8.34,3.1302557,39237.0,0.7256288,1.98,0.73798734,0.19,2023-10-20 05:55:00
345.22256,9.36,2.736677,45546.0,0.63082325,2.23,0.892651,0.01,2023-10-20 06:00:00
346.40228,9.3,2.9596114,42900.0,0.6768817,2.23,0.8375884,0.07,2023-10-20 06:05:00
350.9148,9.26,3.3913567,42682.0,0.7083099,2.28,0.7315888,0.15,2023-10-20 06:10:00
352.1098,9.36,3.3511343,44680.0,0.6838346,2.32,0.7032914,0.2,2023-10-20 06:15:00
357.17026,9.32,3.7064943,40904.0,0.7808906,2.38,0.6493349,0.29,2023-10-20 06:20:00
359.67682,9.79,3.6546683,41847.0,0.780093,2.53,0.73798734,0.06,2023-10-20 06:25:00
358.33633,9.26,3.751533,40271.0,0.80125403,2.38,0.65513843,0.04,2023-10-20 06:30:00
361.05304,10.11,3.7913191,34742.0,0.9508652,2.63,0.6627579,0.04,2023-10-20 06:40:00
359.49188,10.29,3.6062586,38236.0,0.8523989,2.66,0.667453,0.05,2023-10-20 06:45:00
367.39355,10.19,3.4999,29909.0,1.1660248,2.75,0.6354838,0.09,2023-10-20 06:50:00
368.66754,10.21,3.848714,29016.0,1.2149326,2.77,0.66558105,0.07,2023-10-20 06:55:00
369.57553,10.56,3.820589,32845.0,1.0815486,2.89,0.67302096,0.03,2023-10-20 07:00:00
361.3035,10.54,3.45268,28903.0,1.1454294,2.76,0.62531245,0.09,2023-10-20 07:15:00
347.03186,10.07,4.4439735,29585.0,0.9870826,2.43,0.48429987,0.26,2023-10-20 07:20:00
345.44742,8.84,5.254389,25540.0,1.1272424,2.11,0.31175387,0.07,2023-10-20 07:25:00
344.9289,8.63,5.4459343,26511.0,1.0808896,2.05,0.27184162,0.04,2023-10-20 07:30:00
344.94995,8.83,5.3654914,25869.0,1.1079247,2.1,0.2922561,0.02,2023-10-20 07:35:00
347.0029,8.92,5.3327856,25178.0,1.1595539,2.15,0.2988531,0.07,2023-10-20 07:40:00
354.29218,10.04,5.1565585,26175.0,1.1899563,2.52,0.38916612,0.03,2023-10-20 07:45:00
359.47604,9.8,5.109726,25815.0,1.2623614,2.53,0.38021126,0.02,2023-10-20 07:50:00
352.23776,9.83,5.0778537,24598.0,1.2435281,2.44,0.38381538,0.01,2023-10-20 07:55:00
353.47952,9.99,5.092347,24898.0,1.2420776,2.5,0.376577,0.05,2023-10-20 08:00:00
351.66806,10.11,5.199,23560.0,1.2917897,2.5,0.36921585,0.03,2023-10-20 08:05:00
349.3577,9.39,5.110724,21370.0,1.3952473,2.3,0.33645976,0.08,2023-10-20 08:10:00
347.23438,10.46,5.155987,25058.0,1.167528,2.53,0.37474835,0.08,2023-10-20 08:15:00
349.3939,9.95,5.441507,24240.0,1.2304479,2.43,0.32837963,0.14,2023-10-20 08:20:00
351.78745,9.63,5.05198,24039.0,1.2673881,2.38,0.35024804,0.02,2023-10-20 08:25:00
350.11404,9.91,5.1049094,26301.0,1.1413195,2.43,0.376577,0.09,2023-10-20 08:30:00
351.6891,10.32,4.395748,30118.0,1.0106989,2.55,0.5327544,0.35,2023-10-20 08:35:00
354.43222,10.09,4.144406,30372.0,1.0267832,2.54,0.49968714,0.46,2023-10-20 08:40:00
356.9713,9.45,4.571236,30612.0,1.0416242,2.41,0.4424798,0.13,2023-10-20 08:45:00
359.38348,9.54,5.1498446,24059.0,1.3534122,2.47,0.35218254,0.15,2023-10-20 08:50:00
368.50934,11.55,5.8901105,28462.0,1.2369268,3.15,0.31806332,0.37,2023-10-20 08:55:00
373.02808,12.0,6.53974,34270.0,1.0670198,3.34,0.31806332,0.22,2023-10-20 09:00:00
374.7371,12.73,7.203041,35580.0,1.0424626,3.57,0.20951504,0.14,2023-10-20 09:05:00
370.41055,12.96,7.412867,34704.0,1.0308298,3.56,0.20139715,0.1,2023-10-20 09:10:00
371.16147,13.42,7.420168,32482.0,1.1083112,3.7,0.20951504,0.12,2023-10-20 09:15:00
369.97195,13.82,7.0480356,32809.0,1.0863549,3.78,0.26951295,0.11,2023-10-20 09:20:00
369.39902,13.85,6.875762,33809.0,1.0491489,3.78,0.2922561,0.06,2023-10-20 09:25:00
370.14758,14.14,6.5582695,36241.0,0.9849319,3.88,0.35024804,0.04,2023-10-20 09:30:00
372.60928,13.98,6.7278075,34848.0,1.0456588,3.88,0.31806332,0.06,2023-10-20 09:35:00
369.89474,12.92,6.901,34270.0,1.0393659,3.54,0.25767857,0.06,2023-10-20 09:40:00
373.26324,14.32,6.522591,30918.0,1.1850241,3.99,0.35410845,0.19,2023-10-20 09:45:00
373.64166,14.68,6.290421,32079.0,1.1457443,4.1,0.37839794,0.04,2023-10-20 09:50:00
372.6097,14.79,6.2614617,27068.0,1.3462113,4.11,0.363612,0.05,2023-10-20 09:55:00
372.48578,15.53,6.257955,27040.0,1.3462106,4.31,0.39093512,0.08,2023-10-20 10:00:00
373.2626,15.57,6.038907,30977.0,1.182761,4.34,0.42813483,0.1,2023-10-20 10:05:00
373.832,16.02,5.9733157,28855.0,1.2757807,4.48,0.46834734,0.04,2023-10-20 10:10:00
370.42203,18.38,5.8339524,37812.0,0.94619083,5.05,0.56229293,0.04,2023-10-20 10:20:00
370.44614,17.58,5.7921414,36631.0,0.9768944,4.83,0.53907615,0.07,2023-10-20 10:25:00
370.88266,16.28,5.950143,30760.0,1.1676219,4.48,0.48429987,0.14,2023-10-20 10:30:00
373.5333,16.0,5.768397,26358.0,1.3931694,4.46,0.48572144,0.1,2023-10-20 10:35:00
371.7731,16.0,5.9962406,26413.0,1.3699754,4.42,0.4502491,0.31,2023-10-20 10:40:00
372.5765,15.61,5.918522,28920.0,1.2596524,4.33,0.42813483,0.07,2023-10-20 10:45:00
373.54733,15.74,6.096704,31919.0,1.1505829,4.39,0.4424798,0.28,2023-10-20 10:50:00
375.58438,14.96,6.9749694,25171.0,1.4839501,4.22,0.28780174,0.05,2023-10-20 10:55:00
376.12234,14.61,6.960553,21156.0,1.7734594,4.13,0.26717174,0.07,2023-10-20 11:00:00
374.90332,14.8,7.024429,20706.0,1.7937825,4.16,0.26717174,0.02,2023-10-20 11:05:00
374.5329,15.11,7.028101,21485.0,1.7234321,4.24,0.2764618,0.03,2023-10-20 11:10:00
373.25613,15.39,6.8279276,21483.0,1.7053673,4.29,0.2922561,0.05,2023-10-20 11:15:00
372.7969,16.39,6.6717386,23959.0,1.5232804,4.56,0.372912,0.07,2023-10-20 11:20:00
371.8807,17.07,6.334051,25370.0,1.427583,4.73,0.4297523,0.06,2023-10-20 11:25:00
371.70245,16.53,6.4350915,24770.0,1.4599823,4.57,0.39619938,0.14,2023-10-20 11:30:00
370.02682,15.33,6.9929748,23009.0,1.5497706,4.2,0.29003462,0.11,2023-10-20 11:35:00
370.1058,16.22,6.726291,23005.0,1.5510703,4.44,0.35602587,0.06,2023-10-20 11:40:00
371.00626,16.2,6.3803215,20162.0,1.7832221,4.46,0.35602587,0.32,2023-10-20 11:45:00
370.81305,19.15,6.105457,15712.0,2.284564,5.27,0.47421628,0.12,2023-10-20 11:50:00
370.2804,19.87,6.271866,14688.0,2.432925,5.45,0.46982205,0.17,2023-10-20 11:55:00
370.2728,18.0,6.0978274,15950.0,2.2402833,4.94,0.36921585,0.33,2023-10-20 12:00:00
368.32098,13.49,7.677591,22471.0,1.5642129,3.66,0.1492191,0.18,2023-10-20 12:05:00
368.23703,11.27,8.286398,18685.0,1.8798227,3.06,0.00432137,0.25,2023-10-20 12:10:00
368.9541,19.8,5.208541,17653.0,2.0018044,5.39,0.5728716,0.83,2023-10-20 12:15:00
369.50656,22.64,4.635235,18643.0,1.9043522,6.18,0.67302096,0.51,2023-10-20 12:20:00
365.69763,18.8,6.6613135,20075.0,1.7123752,5.03,0.41497335,0.3,2023-10-20 12:25:00
363.9832,15.31,7.4125633,22594.0,1.4993682,4.06,0.22271647,0.17,2023-10-20 12:30:00
361.3962,13.76,8.2426815,23793.0,1.392544,3.6,0.10380372,0.19,2023-10-20 12:35:00
360.39902,11.89,8.250533,20700.0,1.5869097,3.09,0.02118928,0.27,2023-10-20 12:40:00
360.39868,15.47,8.067893,21613.0,1.5198692,4.02,0.16731733,0.05,2023-10-20 12:45:00
362.03986,14.73,8.026163,21383.0,1.5580994,3.86,0.14612804,0.06,2023-10-20 12:50:00
367.96884,16.16,7.6291614,25153.0,1.3932698,4.37,0.24303806,0.17,2023-10-20 12:55:00
363.73575,17.1,7.3558207,23016.0,1.4687642,4.53,0.30103,0.1,2023-10-20 13:00:00
363.4489,18.58,6.961214,23116.0,1.4588233,4.91,0.372912,0.06,2023-10-20 13:05:00
367.9546,21.22,5.7118645,21255.0,1.6485858,5.76,0.5820634,0.48,2023-10-20 13:10:00
368.10287,16.76,7.204249,19206.0,1.8267555,4.54,0.37106785,1.21,2023-10-20 13:15:00
367.6081,8.74,9.284061,17128.0,2.039822,2.36,-0.21467017,0.08,2023-10-20 13:20:00
368.3394,9.73,9.172508,18396.0,1.9110074,2.64,-0.14874166,0.11,2023-10-20 13:25:00
368.14832,10.12,9.255539,18954.0,1.8517547,2.74,-0.12493874,0.14,2023-10-20 13:30:00
365.83258,8.26,9.3512945,18718.0,1.8386279,2.21,-0.23657204,0.17,2023-10-20 13:40:00
363.17252,8.19,9.299387,18740.0,1.7952187,2.16,-0.23657204,0.29,2023-10-20 13:45:00
366.2905,7.02,9.763837,15646.0,2.2082143,1.88,-0.35654733,0.01,2023-10-20 13:50:00
365.59982,7.16,9.739754,14505.0,2.3679643,1.91,-0.3467875,0.02,2023-10-20 13:55:00
365.32474,7.61,9.717602,17484.0,1.9599023,2.03,-0.30980393,0.01,2023-10-20 14:00:00
360.05252,8.47,9.30589,23573.0,1.3893359,2.2,-0.20760833,0.01,2023-10-20 14:10:00
358.79327,8.43,9.263957,23782.0,1.3621882,2.17,-0.20760833,0.03,2023-10-20 14:15:00
363.27106,8.77,9.106629,26222.0,1.2840677,2.31,-0.1674911,0.06,2023-10-20 14:20:00
363.07785,9.3,8.985177,26351.0,1.2756673,2.45,-0.13076828,0.03,2023-10-20 14:25:00
363.07272,9.57,9.164104,25674.0,1.3092477,2.52,-0.13667715,0.01,2023-10-20 14:35:00
363.2112,9.23,9.149011,24568.0,1.3698128,2.44,-0.15490197,0.05,2023-10-20 14:50:00
362.33633,8.98,9.259185,25752.0,1.2970585,2.36,-0.17392519,0.09,2023-10-20 14:55:00
366.02206,8.46,9.31897,25720.0,1.3402395,2.27,-0.21467017,0.07,2023-10-20 15:00:00
364.22772,7.58,9.329271,25774.0,1.3171269,2.01,-0.26760623,0.1,2023-10-20 15:05:00
363.20795,7.89,9.448857,29287.0,1.1490633,2.08,-0.25181198,0.1,2023-10-20 15:10:00
362.3305,8.06,9.551974,31034.0,1.0762445,2.11,-0.22914802,0.05,2023-10-20 15:15:00
362.1939,7.18,9.52492,27840.0,1.1983116,1.88,-0.30103,0.11,2023-10-20 15:20:00
361.63168,9.53,9.021148,32371.0,1.0256109,2.49,-0.10790541,0.05,2023-10-20 15:25:00
359.15247,9.68,9.031877,36392.0,0.8929608,2.5,-0.09151498,0.08,2023-10-20 15:30:00
358.60498,8.26,9.329491,27863.0,1.1607748,2.12,-0.21467017,0.08,2023-10-20 15:35:00
358.73837,7.69,9.506956,24033.0,1.3473196,1.98,-0.26760623,0.02,2023-10-20 15:40:00
356.14383,7.8,9.586844,23051.0,1.3733315,1.98,-0.26760623,0.09,2023-10-20 15:45:00
357.75864,7.14,9.715369,22381.0,1.4345043,1.83,-0.3187588,0.01,2023-10-20 15:50:00
357.2557,6.76,9.718715,25425.0,1.2572409,1.73,-0.3467875,0.05,2023-10-20 16:00:00
358.0254,7.72,9.630992,21442.0,1.500803,1.98,-0.2839967,0.03,2023-10-20 16:10:00
358.82584,7.96,9.625035,22852.0,1.4180255,2.05,-0.26760623,0.03,2023-10-20 16:15:00
360.63916,8.5,9.53924,21513.0,1.5301081,2.21,-0.23657204,0.06,2023-10-20 16:20:00
361.9984,7.94,9.646243,21355.0,1.5595866,2.08,-0.27572417,0.04,2023-10-20 16:25:00
359.4844,7.78,9.656117,21788.0,1.4957871,2.01,-0.2839967,0.08,2023-10-20 16:30:00
356.8278,7.27,9.655682,22747.0,1.400022,1.85,-0.30980393,0.03,2023-10-20 16:35:00
358.87448,7.8,9.625929,22268.0,1.4558285,2.01,-0.27572417,0.03,2023-10-20 16:40:00
359.58807,8.19,9.489058,23526.0,1.386529,2.12,-0.24412516,0.03,2023-10-20 16:45:00
360.70068,8.22,9.499863,23479.0,1.40273,2.14,-0.24412516,0.02,2023-10-20 16:50:00
357.12714,7.41,9.570627,30034.0,1.0631133,1.89,-0.27572417,0.06,2023-10-20 16:55:00
357.7916,7.76,9.561313,33044.0,0.9718812,1.99,-0.24412516,0.05,2023-10-20 17:00:00
357.59308,6.96,9.674839,36315.0,0.8828146,1.78,-0.29242983,0.03,2023-10-20 17:05:00
357.70276,7.25,9.552146,38332.0,0.83716035,1.85,-0.25181198,0.06,2023-10-20 17:10:00
362.02768,8.31,9.183354,39196.0,0.84991705,2.18,-0.18045606,0.05,2023-10-20 17:15:00
364.7996,8.27,9.4296665,35900.0,0.9502456,2.2,-0.20065947,0.07,2023-10-20 17:20:00
364.49985,7.69,9.457579,36513.0,0.9319047,2.04,-0.22914802,0.02,2023-10-20 17:25:00
363.93036,7.84,9.30624,40250.0,0.8412775,2.08,-0.20065947,0.08,2023-10-20 17:30:00
363.97223,8.4,9.2649555,40552.0,0.8353113,2.23,-0.16115092,0.03,2023-10-20 17:35:00
365.78278,8.55,9.297494,40158.0,0.8566378,2.29,-0.16115092,0.02,2023-10-20 17:40:00
358.52042,7.91,9.400756,39601.0,0.81611395,2.03,-0.20065947,0.02,2023-10-20 17:45:00
358.67673,7.88,9.280221,39993.0,0.8092121,2.03,-0.19382004,0.06,2023-10-20 17:50:00
358.2431,7.98,9.241325,39612.0,0.8139245,2.05,-0.18708667,0.01,2023-10-20 17:55:00
359.8747,7.98,9.237522,38119.0,0.85785276,2.07,-0.18708667,0.02,2023-10-20 18:00:00
360.79233,7.98,9.261258,38141.0,0.8641817,2.08,-0.19382004,0.07,2023-10-20 18:05:00
358.43356,7.96,9.250536,37360.0,0.8644154,2.04,-0.19382004,0.02,2023-10-20 18:10:00
356.8191,7.77,9.287566,37198.0,0.85606444,1.98,-0.20760833,0.04,2023-10-20 18:15:00
356.93256,8.1,9.220488,36587.0,0.87122273,2.07,-0.18708667,0.03,2023-10-20 18:20:00
356.8864,7.9,9.219566,38430.0,0.8291073,2.01,-0.20065947,0.04,2023-10-20 18:25:00
356.24686,8.0,9.099088,42492.0,0.74567413,2.03,-0.1674911,0.08,2023-10-20 18:30:00
355.89755,7.92,9.143621,41274.0,0.7653383,2.01,-0.17392519,0.04,2023-10-20 18:35:00
354.87314,7.18,9.146294,22727.0,1.3774976,1.81,-0.3187588,0.14,2023-10-20 18:40:00
355.30597,7.15,9.707101,19997.0,1.5715059,1.81,-0.32790217,0.04,2023-10-20 18:45:00
354.12006,7.52,9.625368,19911.0,1.5619524,1.89,-0.30103,0.03,2023-10-20 18:50:00
353.63895,6.92,9.785622,19083.0,1.6228415,1.73,-0.35654733,0.08,2023-10-20 18:55:00
354.57504,6.81,9.862292,18142.0,1.7211217,1.71,-0.36653155,0.03,2023-10-20 19:00:00
352.08743,7.6,9.693482,19317.0,1.5813886,1.89,-0.30103,0.07,2023-10-20 19:05:00
353.71533,7.14,9.7106285,22564.0,1.3734053,1.79,-0.3187588,0.03,2023-10-20 19:10:00
352.5549,7.73,9.747748,18839.0,1.6282246,1.92,-0.30103,0.01,2023-10-20 19:15:00
355.0302,8.02,9.640067,19365.0,1.6188765,2.02,-0.27572417,0.04,2023-10-20 19:20:00
357.27264,7.73,9.684389,19245.0,1.661214,1.97,-0.30103,0.02,2023-10-20 19:25:00
357.33203,7.13,9.648264,16272.0,1.9657453,1.82,-0.3467875,0.01,2023-10-20 19:30:00
352.14304,8.19,9.651637,21299.0,1.4349362,2.03,-0.25963733,0.01,2023-10-20 19:35:00
354.0335,7.73,9.679825,18829.0,1.6504529,1.93,-0.30103,0.01,2023-10-20 19:40:00
354.19284,7.56,9.728818,19512.0,1.5949128,1.9,-0.30980393,0.04,2023-10-20 19:45:00
350.7996,6.93,9.80025,18766.0,1.6093569,1.7,-0.35654733,0.06,2023-10-20 19:50:00
346.3527,7.35,9.798715,18570.0,1.5630202,1.76,-0.32790217,0.06,2023-10-20 19:55:00
349.17712,8.25,9.624806,19050.0,1.5626503,2.01,-0.26760623,0.03,2023-10-20 20:00:00
351.51303,8.4,9.735147,17691.0,1.7179817,2.08,-0.25963733,0.08,2023-10-20 20:05:00
352.51465,7.76,9.782628,16603.0,1.8468482,1.93,-0.30980393,0.07,2023-10-20 20:10:00
352.7352,7.78,9.800919,15665.0,1.96125,1.94,-0.3187588,0.03,2023-10-20 20:15:00
351.8184,8.06,9.729178,17200.0,1.7718072,2.0,-0.29242983,0.02,2023-10-20 20:20:00
347.217,8.4,9.672916,19322.0,1.5138887,2.02,-0.25963733,0.05,2023-10-20 20:25:00
343.1998,8.28,9.599594,20242.0,1.3936691,1.95,-0.25963733,0.03,2023-10-20 20:30:00
346.7972,8.07,9.62025,19780.0,1.4732764,1.94,-0.26760623,0.04,2023-10-20 20:35:00
345.086,8.06,9.577432,18982.0,1.5117538,1.92,-0.26760623,0.03,2023-10-20 20:40:00
343.0797,8.12,9.633576,19200.0,1.4677047,1.91,-0.26760623,0.01,2023-10-20 20:45:00
344.19534,8.37,9.580762,18784.0,1.5154481,1.98,-0.25181198,0.01,2023-10-20 20:50:00
346.8954,8.35,9.6285515,18339.0,1.590441,2.01,-0.25963733,0.02,2023-10-20 21:00:00
344.67517,8.32,9.57468,17424.0,1.6408341,1.98,-0.25963733,0.01,2023-10-20 21:05:00
342.0838,8.3,9.592716,17176.0,1.6258768,1.94,-0.25963733,0.02,2023-10-20 21:10:00
343.13907,8.28,9.6363945,17739.0,1.589442,1.95,-0.26760623,0.02,2023-10-20 21:15:00
344.2345,7.9,9.684141,16474.0,1.7285576,1.87,-0.29242983,0.01,2023-10-20 21:20:00
343.9598,8.07,9.643304,17088.0,1.6623117,1.91,-0.27572417,0.02,2023-10-20 21:25:00
343.42603,8.26,9.633389,16771.0,1.685563,1.95,-0.26760623,0.03,2023-10-20 21:30:00
345.42365,8.61,9.611192,16873.0,1.7058972,2.06,-0.25181198,0.01,2023-10-20 21:35:00
345.99332,8.69,9.596421,16962.0,1.7056736,2.08,-0.24412516,0.02,2023-10-20 21:40:00
345.4897,8.73,9.555072,16392.0,1.7569996,2.08,-0.23657204,0.01,2023-10-20 21:45:00
345.98425,8.9,9.525571,16604.0,1.7423079,2.13,-0.22914802,0.01,2023-10-20 21:50:00
345.75504,8.73,9.525492,16272.0,1.7741923,2.08,-0.23657204,0.01,2023-10-20 21:55:00
345.7489,8.8,9.503136,16530.0,1.7464039,2.1,-0.23657204,0.01,2023-10-20 22:00:00
345.614,8.27,9.498368,15651.0,1.8422475,1.98,-0.25963733,0.02,2023-10-20 22:05:00
344.8945,8.65,9.476861,17506.0,1.6363854,2.06,-0.23657204,0.01,2023-10-20 22:10:00
343.43445,8.27,9.473067,16063.0,1.7599908,1.95,-0.25963733,0.02,2023-10-20 22:15:00
343.25528,8.28,9.499611,16167.0,1.7458309,1.95,-0.25963733,0.03,2023-10-20 22:20:00
342.38074,7.92,9.517063,15878.0,1.7635467,1.86,-0.2839967,0.01,2023-10-20 22:25:00
339.14023,7.95,9.4688225,16616.0,1.6360611,1.83,-0.27572417,0.02,2023-10-20 22:30:00
337.9358,7.79,9.476819,15682.0,1.7144096,1.78,-0.2839967,0.01,2023-10-20 22:35:00
339.5136,7.76,9.448671,16184.0,1.6854961,1.79,-0.2839967,0.01,2023-10-20 22:40:00
341.3471,7.97,9.415248,16438.0,1.6875093,1.86,-0.26760623,0.03,2023-10-20 22:45:00
340.76205,8.26,9.377382,16804.0,1.6419624,1.92,-0.24412516,0.01,2023-10-20 22:50:00
340.7785,8.4,9.342922,15344.0,1.7984674,1.95,-0.24412516,0.04,2023-10-20 22:55:00
341.24222,8.44,9.35394,14288.0,1.9395819,1.97,-0.24412516,0.03,2023-10-20 23:00:00
340.23764,8.41,9.359669,13855.0,1.9819247,1.95,-0.24412516,0.06,2023-10-20 23:05:00
338.14636,7.71,9.366429,12205.0,2.2070923,1.76,-0.29242983,0.01,2023-10-20 23:10:00
335.4357,8.39,9.311557,12579.0,2.0884824,1.89,-0.24412516,0.02,2023-10-20 23:15:00
333.94348,8.6,9.3213415,12887.0,2.0104687,1.92,-0.23657204,0.05,2023-10-20 23:20:00
334.7432,8.19,9.433647,12550.0,2.0798843,1.84,-0.26760623,0.01,2023-10-20 23:25:00
333.5818,8.51,9.38779,13118.0,1.9684142,1.89,-0.24412516,0.04,2023-10-20 23:30:00
331.9874,9.09,9.286555,12372.0,2.0562072,2.0,-0.20760833,0.06,2023-10-20 23:35:00
332.64038,8.75,9.212562,12200.0,2.0979903,1.94,-0.22184876,0.03,2023-10-20 23:40:00
333.03427,8.57,9.235373,12161.0,2.1124866,1.9,-0.23657204,0.04,2023-10-20 23:45:00
331.9832,7.92,9.130088,13073.0,1.9458723,1.75,-0.25181198,0.03,2023-10-20 23:50:00
331.92874,8.91,9.113216,13867.0,1.8335187,1.96,-0.19382004,0.1,2023-10-20 23:55:00
334.74573,7.73,9.179336,12800.0,2.0393097,1.73,-0.2839967,0.14,2023-10-21 00:00:00
335.27414,7.65,9.194574,13453.0,1.9498737,1.72,-0.27572417,0.04,2023-10-21 00:05:00
331.972,7.52,9.223649,14116.0,1.8019071,1.66,-0.2839967,0.04,2023-10-21 00:10:00
332.2168,7.88,9.12205,14001.0,1.8208811,1.74,-0.25181198,0.03,2023-10-21 00:20:00
331.286,7.6,9.127706,13612.0,1.8566304,1.67,-0.26760623,0.03,2023-10-21 00:25:00
332.86108,10.0,8.724431,17511.0,1.4647013,2.21,-0.08092192,0.3,2023-10-21 00:30:00
332.41608,8.92,8.672721,16390.0,1.5583766,1.98,-0.14874166,0.02,2023-10-21 00:35:00
331.97665,9.19,8.647375,16319.0,1.5587251,2.02,-0.13076828,0.1,2023-10-21 00:40:00
332.47992,9.02,8.588655,15299.0,1.6705056,2.0,-0.13667715,0.05,2023-10-21 00:45:00
332.14966,9.98,8.469935,16339.0,1.5593439,2.2,-0.08092192,0.02,2023-10-21 00:50:00
333.8192,10.13,7.972766,17279.0,1.497709,2.26,-0.036212165,0.18,2023-10-21 00:55:00
333.76227,11.79,7.8190026,18954.0,1.3646286,2.63,0.07188199,0.02,2023-10-21 01:00:00
334.89728,11.22,7.946131,18423.0,1.418877,2.52,0.037426513,0.12,2023-10-21 01:05:00
336.69156,11.19,7.9804263,17611.0,1.5091943,2.54,0.025305841,0.05,2023-10-21 01:10:00
335.25018,10.79,7.900671,18783.0,1.3962526,2.43,0.025305841,0.06,2023-10-21 01:15:00
332.21503,10.72,7.943066,18097.0,1.4087269,2.37,0.012837212,0.01,2023-10-21 01:20:00
333.7018,10.73,7.9594474,19278.0,1.3409375,2.39,0.017033322,0.01,2023-10-21 01:25:00
333.198,10.82,7.9483895,19387.0,1.3271415,2.4,0.02118928,0.01,2023-10-21 01:30:00
332.09457,10.89,7.9581966,18954.0,1.3435143,2.4,0.0293838,0.02,2023-10-21 01:35:00
332.09457,10.89,7.903651,18954.0,1.3435143,2.4,0.0293838,0.01,2023-10-21 01:40:00
330.70557,10.91,7.9680676,18794.0,1.337388,2.39,0.02118928,0.04,2023-10-21 01:50:00
329.6919,10.75,8.014368,18247.0,1.3643782,2.34,0.008600163,0.01,2023-10-21 01:55:00
329.47177,10.58,7.9135513,18107.0,1.3720717,2.3,0.008600163,0.03,2023-10-21 02:00:00
328.8174,10.44,7.9992623,17484.0,1.4121952,2.26,-0.017728778,0.12,2023-10-21 02:15:00
329.95172,10.84,8.139521,15488.0,1.6113726,2.36,-0.008773916,0.04,2023-10-21 02:20:00
330.3477,10.88,8.036747,15377.0,1.6290755,2.37,0.0,0.09,2023-10-21 02:25:00
328.79184,12.18,7.8092637,19602.0,1.2593025,2.63,0.09342169,0.03,2023-10-21 02:55:00
328.79184,12.18,7.5267854,19602.0,1.2593025,2.63,0.11394334,0.03,2023-10-21 03:00:00
329.8251,14.99,8.62283,23242.0,1.0725039,3.26,0.096910015,0.08,2023-10-21 03:35:00
329.34024,12.33,8.742637,22654.0,1.0953137,2.67,-0.0043648016,0.09,2023-10-21 03:40:00
321.368,13.81,8.374963,25948.0,0.88603455,2.86,0.08990512,0.28,2023-10-21 03:45:00
332.47003,14.23,9.601026,28891.0,0.884521,3.16,-0.0043648016,0.18,2023-10-21 03:50:00
338.3329,16.16,9.800127,26375.0,1.0230838,3.7,0.033423774,0.01,2023-10-21 03:55:00
343.96646,15.21,9.603781,25962.0,1.0941873,3.6,0.02118928,0.08,2023-10-21 04:00:00
344.5692,16.44,9.514605,26447.0,1.0799918,3.9,0.06818584,0.07,2023-10-21 04:05:00
344.7448,15.79,9.5422535,27191.0,1.0521083,3.75,0.049218025,0.04,2023-10-21 04:10:00
346.84988,15.13,9.545056,33680.0,0.8656529,3.65,0.045322984,0.08,2023-10-21 04:20:00
337.12582,14.12,8.953245,38508.0,0.6929802,3.21,0.049218025,0.22,2023-10-21 04:25:00
337.03235,15.06,8.968032,44104.0,0.60453147,3.42,0.096910015,0.05,2023-10-21 04:30:00
336.56592,13.7,9.948171,31727.0,0.8367497,3.1,-0.036212165,0.04,2023-10-21 04:55:00
343.10175,15.27,9.939386,30901.0,0.9121248,3.6,0.008600163,0.05,2023-10-21 05:00:00
342.96045,14.99,9.888306,27487.0,1.0241005,3.53,-0.013228253,0.07,2023-10-21 05:05:00
343.86093,14.2,9.857322,25178.0,1.1271812,3.36,-0.0409586,0.03,2023-10-21 05:10:00
335.54062,13.62,9.969257,25182.0,1.0442619,3.06,-0.060480744,0.02,2023-10-21 05:25:00
334.24078,14.46,10.036737,26175.0,0.9925802,3.23,-0.026872149,0.07,2023-10-21 05:30:00
331.66254,14.69,10.184557,26175.0,0.96893924,3.23,-0.0409586,0.03,2023-10-21 05:35:00
331.99164,14.02,10.164473,25188.0,1.0100209,3.09,-0.06550154,0.03,2023-10-21 05:40:00
329.43698,14.12,10.092507,26841.0,0.9252985,3.07,-0.05061,0.08,2023-10-21 05:45:00
328.94974,14.33,9.960045,25382.0,0.9739882,3.1,-0.036212165,0.01,2023-10-21 05:50:00
327.44736,13.63,10.010844,25863.0,0.94234896,2.92,-0.05551733,0.05,2023-10-21 05:55:00
326.0917,13.22,10.00137,26785.0,0.8982356,2.81,-0.07572073,0.07,2023-10-21 06:00:00
330.4683,13.0,9.810061,27707.0,0.90514207,2.84,-0.060480744,0.03,2023-10-21 06:10:00
331.7989,13.15,9.723678,23718.0,1.0706829,2.9,-0.05551733,0.03,2023-10-21 06:55:00
328.96066,12.75,9.715822,23718.0,1.0424286,2.76,-0.07058106,0.05,2023-10-21 07:00:00
328.72217,13.19,9.745291,22812.0,1.0813854,2.85,-0.05551733,0.03,2023-10-21 07:05:00
327.97058,12.9,9.67308,23479.0,1.0432048,2.78,-0.060480744,0.03,2023-10-21 07:10:00
325.41827,12.71,9.6078825,21929.0,1.0901046,2.69,-0.07058106,0.04,2023-10-21 07:15:00
328.94727,11.48,9.650689,19774.0,1.2501863,2.48,-0.119186416,0.01,2023-10-21 07:20:00
307.5216,13.6,9.570339,20040.0,1.0002635,2.57,-0.045757502,0.01,2023-10-21 07:25:00
322.65973,13.08,9.084861,26935.0,0.86429226,2.72,0.008600163,0.06,2023-10-21 07:35:00
321.92706,12.82,9.19383,27796.0,0.83161443,2.65,-0.0043648016,0.01,2023-10-21 07:40:00
321.0133,12.69,9.206867,26427.0,0.866989,2.62,-0.008773916,0.18,2023-10-21 07:45:00
317.83627,12.86,9.591939,26680.0,0.8325855,2.6,-0.045757502,0.02,2023-10-21 07:50:00
317.83627,12.86,9.346107,26680.0,0.8325855,2.6,-0.045757502,0.18,2023-10-21 07:55:00
320.7202,13.27,8.812911,31324.0,0.7293724,2.73,0.06069783,0.05,2023-10-21 08:05:00
322.2775,14.12,8.704695,29282.0,0.79208994,2.93,0.07188199,0.06,2023-10-21 08:10:00
321.65775,13.77,8.728723,28652.0,0.8046701,2.85,0.07188199,0.05,2023-10-21 08:15:00
320.93875,12.86,8.764097,27448.0,0.8341358,2.65,0.02118928,0.08,2023-10-21 08:20:00
322.45905,13.26,8.932597,26485.0,0.8772765,2.76,0.025305841,0.05,2023-10-21 08:25:00
322.28104,13.39,8.894527,26945.0,0.86081904,2.78,0.0293838,0.01,2023-10-21 08:30:00
317.5225,13.12,8.894319,26341.0,0.8407114,2.65,0.02118928,0.03,2023-10-21 08:35:00
313.1642,12.0,8.964424,23896.0,0.88770485,2.35,-0.036212165,0.06,2023-10-21 08:40:00
316.17667,11.54,8.950363,22770.0,0.9597844,2.31,-0.07572073,0.11,2023-10-21 08:45:00
308.12482,11.13,9.471035,21611.0,0.9332255,2.11,-0.10790541,0.06,2023-10-21 08:50:00
305.9676,11.66,9.195537,23005.0,0.8577101,2.18,-0.06550154,0.03,2023-10-21 09:05:00
309.86197,11.57,9.189063,21383.0,0.95982796,2.22,-0.07058106,0.01,2023-10-21 09:10:00
310.2548,11.43,9.316657,21535.0,0.9568194,2.2,-0.08092192,0.06,2023-10-21 09:15:00
310.80942,10.56,9.380458,21156.0,0.9793909,2.04,-0.13076828,0.02,2023-10-21 09:45:00
312.38486,11.27,9.401282,19169.0,1.0980588,2.2,-0.10790541,0.01,2023-10-21 10:05:00
305.40555,11.33,9.300462,22518.0,0.871259,2.11,-0.09691001,0.01,2023-10-21 10:10:00
306.61377,11.1,9.395617,22698.0,0.875039,2.08,-0.10790541,0.02,2023-10-21 10:15:00
305.62256,10.7,9.311471,22019.0,0.89297605,2.0,-0.11350928,0.06,2023-10-21 10:20:00
309.19272,10.68,8.93713,18777.0,1.0857071,2.05,-0.09691001,0.12,2023-10-21 10:25:00
308.74677,10.47,8.838902,17294.0,1.1735245,2.0,-0.10237289,0.09,2023-10-21 10:30:00
312.11838,9.58,8.957695,17750.0,1.1826956,1.86,-0.14874166,0.04,2023-10-21 10:35:00
313.86136,8.84,8.934757,15295.0,1.3965311,1.74,-0.18045606,0.02,2023-10-21 10:40:00
313.19806,9.48,8.926477,15682.0,1.3531269,1.86,-0.14874166,0.01,2023-10-21 10:45:00
312.86563,9.54,8.925318,17160.0,1.2325001,1.86,-0.1426675,0.02,2023-10-21 10:50:00
312.23212,9.89,8.828878,18528.0,1.1343194,1.93,-0.11350928,0.04,2023-10-21 10:55:00
307.92462,9.14,8.9099045,17691.0,1.1377066,1.73,-0.16115092,0.06,2023-10-21 11:00:00
308.2164,9.44,8.811907,16511.0,1.2226151,1.8,-0.13667715,0.14,2023-10-21 11:05:00
305.76782,8.82,8.652751,16173.0,1.2175568,1.65,-0.15490197,0.02,2023-10-21 11:15:00
305.08145,8.86,8.696407,15324.0,1.2760555,1.65,-0.15490197,0.02,2023-10-21 11:20:00
307.85092,8.4,8.716444,14728.0,1.3655742,1.6,-0.18708667,0.05,2023-10-21 11:30:00
309.77374,8.68,8.723841,15488.0,1.3239812,1.67,-0.1674911,0.01,2023-10-21 11:35:00
302.77664,7.79,8.733001,13733.0,1.3906689,1.43,-0.22184876,0.01,2023-10-21 11:55:00
305.00632,7.86,8.76549,13356.0,1.4629594,1.46,-0.22184876,0.02,2023-10-21 12:00:00
304.4027,7.85,8.749183,13743.0,1.413022,1.46,-0.21467017,0.01,2023-10-21 12:05:00
304.14093,8.29,8.695378,13676.0,1.4161463,1.53,-0.18708667,0.06,2023-10-21 12:10:00
303.47073,9.17,8.416484,15206.0,1.26494,1.69,-0.11350928,0.08,2023-10-21 12:15:00
304.06424,9.45,8.351975,16272.0,1.1892836,1.75,-0.09151498,0.01,2023-10-21 12:20:00
305.4839,9.28,8.046371,18558.0,1.058017,1.73,-0.05551733,0.28,2023-10-21 12:30:00
306.80093,11.5,7.574543,21006.0,0.9473201,2.17,0.08990512,0.06,2023-10-21 12:35:00
307.61365,12.13,7.4936304,21363.0,0.939192,2.29,0.12385166,0.12,2023-10-21 12:40:00
307.5692,12.61,7.4813437,16471.0,1.217591,2.39,0.13353892,0.2,2023-10-21 12:45:00
308.89133,10.96,7.695902,16671.0,1.2191546,2.09,0.049218025,0.02,2023-10-21 12:50:00
308.48685,11.11,7.763176,16941.0,1.1948406,2.12,0.049218025,0.02,2023-10-21 12:55:00
307.56058,11.23,7.745618,16724.0,1.1990665,2.12,0.053078443,0.03,2023-10-21 13:00:00
306.20752,11.51,7.6699805,17484.0,1.1313106,2.16,0.07188199,0.03,2023-10-21 13:05:00
306.28812,12.4,7.4676237,18528.0,1.0684392,2.33,0.13672057,0.03,2023-10-21 13:15:00
306.89914,12.38,7.4507246,18741.0,1.0628697,2.33,0.13672057,0.01,2023-10-21 13:20:00
306.71744,12.01,7.489893,17898.0,1.1108812,2.26,0.11394334,0.01,2023-10-21 13:35:00
305.82706,11.87,7.456635,18107.0,1.0881661,2.22,0.11394334,0.02,2023-10-21 13:40:00
304.42123,11.83,7.445354,17691.0,1.0978938,2.19,0.11394334,0.02,2023-10-21 13:45:00
303.7068,12.02,7.4682527,17898.0,1.0772874,2.22,0.117271274,0.02,2023-10-21 13:55:00
301.8843,11.63,7.417554,18195.0,1.0400323,2.12,0.1105897,0.05,2023-10-21 14:00:00
304.74826,10.27,7.4768043,21074.0,0.92473495,1.91,0.053078443,0.04,2023-10-21 14:05:00
304.34924,10.81,7.169972,23586.0,0.82288426,2.0,0.10720996,0.01,2023-10-21 14:10:00
303.32043,11.33,7.201694,24994.0,0.7683858,2.09,0.13033378,0.17,2023-10-21 14:15:00
304.30276,12.72,5.924264,25750.0,0.75337154,2.36,0.2787536,0.28,2023-10-21 14:20:00
307.82004,18.32,5.285726,24686.0,0.8144655,3.47,0.61804813,0.04,2023-10-21 14:30:00
310.11212,18.96,5.2118516,23198.0,0.886957,3.65,0.6404815,0.04,2023-10-21 14:35:00
313.00845,19.71,5.0804725,23726.0,0.8926819,3.86,0.6803355,0.01,2023-10-21 14:40:00
310.89188,20.09,5.1565495,23242.0,0.8922258,3.88,0.6748612,0.05,2023-10-21 14:50:00
310.65897,19.01,5.2178445,20706.0,0.9991687,3.67,0.6424645,0.04,2023-10-21 14:55:00
309.96805,18.02,5.4781203,23650.0,0.8687477,3.46,0.5682018,0.16,2023-10-21 15:00:00
310.4681,16.45,6.162686,25454.0,0.8112376,3.17,0.48287362,0.28,2023-10-21 15:05:00
309.67587,14.77,6.1409283,27191.0,0.75339854,2.83,0.41161972,0.08,2023-10-21 15:10:00
308.42227,13.46,6.2200165,25674.0,0.7879023,2.56,0.346353,0.02,2023-10-21 15:15:00
306.55167,15.3,5.9734745,22318.0,0.889377,2.87,0.4297523,0.07,2023-10-21 15:20:00
306.41257,14.4,6.0170174,23242.0,0.8528135,2.7,0.37839794,0.22,2023-10-21 15:25:00
305.73184,16.38,5.552387,24686.0,0.79738855,3.06,0.53019977,0.07,2023-10-21 15:30:00
301.2933,15.37,5.6624556,20040.0,0.93853784,2.79,0.46239802,0.06,2023-10-21 15:40:00
301.45596,15.14,5.6803613,18783.0,1.0030308,2.75,0.43775058,0.07,2023-10-21 15:45:00
298.13596,14.9,5.9816885,16311.0,1.1159033,2.65,0.39619938,0.02,2023-10-21 15:50:00
298.48264,14.53,5.885618,14998.0,1.2179935,2.59,0.38738984,0.05,2023-10-21 16:00:00
299.17407,12.27,6.0547667,21982.0,0.8370266,2.19,0.31175387,0.11,2023-10-21 16:05:00
301.956,12.29,5.7270327,24395.0,0.776281,2.25,0.3384565,0.22,2023-10-21 16:10:00
306.25552,11.03,6.0897784,31974.0,0.61892426,2.07,0.2922561,0.07,2023-10-21 16:15:00
306.9211,10.37,6.345873,30093.0,0.6620702,1.95,0.22530928,0.12,2023-10-21 16:20:00
310.4555,9.95,6.3735857,29428.0,0.70159817,1.92,0.20139715,0.09,2023-10-21 16:25:00
310.44412,9.73,6.124353,27707.0,0.7450924,1.87,0.22530928,0.14,2023-10-21 16:30:00
304.5861,10.35,5.9541416,27966.0,0.6956876,1.92,0.28103337,0.02,2023-10-21 16:35:00
304.4555,10.59,5.879745,29379.0,0.6613449,1.96,0.30319607,0.03,2023-10-21 16:40:00
302.774,11.14,5.666692,30086.0,0.6347649,2.04,0.35024804,0.03,2023-10-21 16:45:00
303.77762,10.77,5.7568135,30438.0,0.6339212,1.99,0.32221928,0.09,2023-10-21 16:50:00
304.08362,10.57,6.0006833,26352.0,0.73451203,1.96,0.27415785,0.03,2023-10-21 16:55:00
306.3925,9.73,5.9071817,27424.0,0.72261715,1.82,0.23552847,0.07,2023-10-21 17:00:00
303.45593,9.57,5.949941,26579.0,0.72356945,1.76,0.22788674,0.06,2023-10-21 17:05:00
303.26105,10.35,5.834158,27662.0,0.693852,1.91,0.28103337,0.09,2023-10-21 17:10:00
303.5206,10.68,5.7216167,26757.0,0.719233,1.97,0.30535138,0.05,2023-10-21 17:15:00
300.03445,12.98,5.3263307,22859.0,0.8121417,2.34,0.44404483,0.11,2023-10-21 17:20:00
301.58926,11.42,5.750948,23303.0,0.80958986,2.08,0.33041382,0.05,2023-10-21 17:25:00
298.6713,12.32,5.7272506,17279.0,1.0592878,2.2,0.35024804,0.02,2023-10-21 17:30:00
298.0189,12.28,5.7131605,18107.0,1.0039908,2.18,0.35218254,0.04,2023-10-21 17:35:00
296.99066,13.35,5.5246086,18740.0,0.9596967,2.36,0.4265113,0.01,2023-10-21 17:40:00
298.34863,12.61,5.5328565,18426.0,0.99001133,2.25,0.38381538,0.15,2023-10-21 17:45:00
296.8448,12.17,5.665624,20267.0,0.88603306,2.15,0.34830487,0.1,2023-10-21 17:50:00
297.53345,12.14,5.657067,17558.0,1.0301421,2.15,0.35410845,0.05,2023-10-21 17:55:00
297.05948,12.42,5.626624,18899.0,0.9523091,2.19,0.36921585,0.04,2023-10-21 18:00:00
298.60104,12.48,5.6492567,18235.0,1.0030181,2.23,0.37106785,0.04,2023-10-21 18:05:00
295.1665,11.26,6.035271,18954.0,0.93083596,1.96,0.28330123,0.14,2023-10-21 18:10:00
296.66486,11.44,5.963455,18164.0,0.9867524,2.01,0.2855573,0.12,2023-10-21 18:15:00
297.45044,10.99,5.980936,17485.0,1.0335448,1.94,0.26481783,0.02,2023-10-21 18:20:00
293.5092,11.45,6.044452,19557.0,0.8864604,1.97,0.28103337,0.03,2023-10-21 18:25:00
295.32117,11.44,6.011905,18513.0,0.9545649,1.99,0.28330123,0.07,2023-10-21 18:30:00
296.00235,11.35,6.0506115,20178.0,0.8821023,1.99,0.28103337,0.01,2023-10-21 18:35:00
299.4117,11.43,5.7387633,19816.0,0.93081635,2.05,0.3138672,0.15,2023-10-21 18:40:00
299.0825,11.06,5.4199996,24619.0,0.7466587,1.98,0.365488,0.12,2023-10-21 18:45:00
297.95505,11.95,5.069359,27409.0,0.6628165,2.12,0.4297523,0.06,2023-10-21 18:50:00
298.30914,11.49,5.087976,34485.0,0.5287642,2.04,0.45939252,0.12,2023-10-21 18:55:00
297.7246,12.7,4.560636,37720.0,0.48047274,2.25,0.62838894,0.26,2023-10-21 19:00:00
296.63544,12.88,4.137765,37617.0,0.4763228,2.27,0.72181064,0.07,2023-10-21 19:05:00
297.28238,12.63,4.201738,38301.0,0.47099987,2.23,0.6910815,0.03,2023-10-21 19:10:00
296.53088,13.15,3.8373687,37634.0,0.47558552,2.31,0.76937735,0.19,2023-10-21 19:15:00
295.91095,13.89,3.7103503,38652.0,0.4600527,2.43,0.85248,0.19,2023-10-21 19:20:00
296.6128,14.1,3.5128622,38420.0,0.46625662,2.48,0.892651,0.08,2023-10-21 19:25:00
295.95312,12.26,4.525008,37162.0,0.47871065,2.15,0.60959446,0.16,2023-10-21 19:40:00
297.46912,12.24,4.62919,36156.0,0.4999187,2.17,0.5888318,0.09,2023-10-21 19:45:00
298.97653,11.35,5.2075906,29545.0,0.6214833,2.03,0.4313638,0.19,2023-10-21 19:50:00
302.37753,10.8,5.453338,26327.0,0.7224444,1.97,0.3673559,0.03,2023-10-21 19:55:00
299.80786,11.13,5.32388,28198.0,0.65682435,2.0,0.40312052,0.05,2023-10-21 20:00:00
298.33435,10.98,5.20149,29198.0,0.62467384,1.95,0.4199558,0.04,2023-10-21 20:05:00
299.41486,11.53,5.1099997,29440.0,0.6265509,2.07,0.46239802,0.04,2023-10-21 20:10:00
298.62213,11.66,5.1272116,27625.0,0.66222817,2.08,0.4578819,0.03,2023-10-21 20:15:00
298.32962,10.98,5.196441,27710.0,0.6581859,1.96,0.42488167,0.05,2023-10-21 20:20:00
297.9234,11.43,5.080847,27515.0,0.6600448,2.03,0.46089786,0.05,2023-10-21 20:25:00
296.8728,11.25,4.9610786,28264.0,0.63552606,1.99,0.47275648,0.13,2023-10-21 20:30:00
296.97946,11.34,4.8098755,31370.0,0.5732421,2.0,0.5132176,0.15,2023-10-21 20:40:00
296.69116,12.22,4.2701993,35158.0,0.5099356,2.15,0.6424645,0.03,2023-10-21 20:45:00
297.8705,11.92,4.7467675,30901.0,0.58739513,2.12,0.51454777,0.22,2023-10-21 20:50:00
295.98682,10.16,5.539756,16808.0,1.0587907,1.78,0.29003462,0.07,2023-10-21 20:55:00
297.27603,10.14,5.5658064,15682.0,1.1502719,1.79,0.28780174,0.02,2023-10-21 21:00:00
300.60468,10.97,5.4696345,14535.0,1.284816,1.98,0.34044415,0.02,2023-10-21 21:10:00
298.1053,11.22,5.2434816,15170.0,1.199451,1.99,0.38381538,0.14,2023-10-21 21:20:00
292.06802,12.11,4.4904785,21642.0,0.7888775,2.07,0.5237465,0.08,2023-10-21 21:25:00
293.63162,11.86,4.472203,30953.0,0.560819,2.04,0.5587086,0.13,2023-10-21 21:30:00
295.1543,11.76,4.148036,41624.0,0.42381302,2.05,0.61278385,0.09,2023-10-21 21:35:00
297.7715,11.32,4.798385,42061.0,0.4310958,2.01,0.54157925,0.02,2023-10-21 21:40:00
301.96613,10.81,4.780847,32845.0,0.57662827,1.97,0.4899585,0.03,2023-10-21 21:45:00
302.29483,10.67,4.8880057,35537.0,0.53475547,1.95,0.47421628,0.04,2023-10-21 21:50:00
299.7916,10.51,4.8662205,40814.0,0.45371693,1.89,0.48572144,0.06,2023-10-21 21:55:00
302.38614,10.97,4.8470407,37612.0,0.505729,2.01,0.50379074,0.05,2023-10-21 22:00:00
298.98566,10.33,4.685403,39362.0,0.4665279,1.85,0.4771213,0.07,2023-10-21 22:05:00
301.81735,10.59,4.799594,42668.0,0.44319686,1.93,0.50515,0.05,2023-10-21 22:10:00
302.43417,11.79,4.727166,35725.0,0.5327051,2.16,0.55630255,0.1,2023-10-21 22:15:00
300.7921,10.47,4.7728086,37538.0,0.4984568,1.9,0.47421628,0.15,2023-10-21 22:20:00
302.30356,10.77,4.880881,35849.0,0.5301491,1.97,0.48000696,0.03,2023-10-21 22:25:00
300.66022,11.16,4.821566,35441.0,0.5272296,2.02,0.5065051,0.06,2023-10-21 22:30:00
300.0321,10.66,4.8279705,40745.0,0.4556213,1.92,0.4899585,0.05,2023-10-21 22:35:00
304.84457,10.9,4.781391,41802.0,0.46665347,2.03,0.5078559,0.04,2023-10-21 22:40:00
303.7365,9.79,4.7241826,42807.0,0.45056096,1.81,0.46538287,0.01,2023-10-21 22:45:00
307.7481,10.12,4.5430603,46614.0,0.43101373,1.92,0.5010593,0.07,2023-10-21 22:50:00
306.87762,8.03,4.6646004,58804.0,0.33866557,1.51,0.40140057,0.05,2023-10-21 22:55:00
303.9105,7.72,4.656372,52560.0,0.36760995,1.43,0.38201708,0.06,2023-10-21 23:00:00
302.03195,7.71,4.6511183,51578.0,0.36744756,1.41,0.35218254,0.06,2023-10-21 23:05:00
302.97556,8.02,4.170719,56685.0,0.3376051,1.47,0.4232459,0.17,2023-10-21 23:10:00
293.2499,5.99,4.4750195,48933.0,0.35331732,1.04,0.3324385,0.18,2023-10-21 23:15:00
297.44455,7.0,4.77572,59804.0,0.3021606,1.24,0.38738984,0.14,2023-10-21 23:20:00
296.6353,7.32,4.3864336,62445.0,0.2869375,1.29,0.4297523,0.04,2023-10-21 23:25:00
296.1331,7.42,4.6034555,62593.0,0.28475302,1.3,0.41329977,0.06,2023-10-21 23:30:00
295.56436,6.76,5.1660624,59533.0,0.29760304,1.18,0.29666522,0.05,2023-10-21 23:35:00
297.59283,6.79,5.243024,63119.0,0.28673577,1.2,0.27415785,0.07,2023-10-21 23:40:00
297.9515,6.46,5.1993656,60796.0,0.2988102,1.15,0.25767857,0.04,2023-10-21 23:45:00
297.80563,6.18,5.104851,56280.0,0.32229558,1.1,0.22271647,0.05,2023-10-21 23:50:00
295.23642,6.64,5.0068455,61082.0,0.28905532,1.16,0.2922561,0.12,2023-10-21 23:55:00
293.57468,7.11,4.8805532,63742.0,0.27216825,1.23,0.37106785,0.05,2023-10-22 00:00:00
293.35852,6.61,5.1368766,59519.0,0.29081163,1.14,0.2855573,0.13,2023-10-22 00:05:00
294.7446,6.5,5.2386737,50907.0,0.3450346,1.13,0.24551268,0.05,2023-10-22 00:10:00
292.2405,7.13,5.1433063,57108.0,0.2995078,1.22,0.3201463,0.08,2023-10-22 00:15:00
293.26962,6.68,5.1551337,58724.0,0.29447067,1.15,0.28780174,0.06,2023-10-22 00:20:00
292.1029,6.9,5.1487184,61306.0,0.2785899,1.18,0.31175387,0.06,2023-10-22 00:25:00
292.11945,7.12,5.2618437,62262.0,0.2743607,1.21,0.29666522,0.29,2023-10-22 00:30:00
298.91556,5.65,5.9383836,43443.0,0.42239425,1.01,0.05690485,0.11,2023-10-22 00:35:00
298.60672,5.72,6.037798,40072.0,0.45645624,1.02,0.037426513,0.06,2023-10-22 00:40:00
290.61676,5.99,5.508575,60092.0,0.27974078,1.01,0.19312459,0.11,2023-10-22 00:45:00
297.42664,5.69,5.7906218,47441.0,0.38083154,1.0,0.08990512,0.04,2023-10-22 00:50:00
293.29092,6.55,5.0685797,51399.0,0.33651254,1.12,0.2764618,0.11,2023-10-22 00:55:00
291.24872,7.05,5.0875144,57432.0,0.29468304,1.2,0.3201463,0.03,2023-10-22 01:00:00
292.02518,7.48,5.022529,55941.0,0.30505514,1.28,0.35602587,0.06,2023-10-22 01:05:00
291.3206,7.18,4.948545,57022.0,0.29702994,1.21,0.35024804,0.1,2023-10-22 01:10:00
289.97443,7.72,4.98993,55824.0,0.29906115,1.3,0.37106785,0.07,2023-10-22 01:15:00
288.22137,7.32,5.0259824,53981.0,0.30348828,1.22,0.32221928,0.04,2023-10-22 01:20:00
288.05228,7.41,5.055146,55002.0,0.29731095,1.23,0.3344538,0.02,2023-10-22 01:25:00
289.8587,7.42,5.0701575,51510.0,0.32370523,1.25,0.32837963,0.02,2023-10-22 01:30:00
289.09073,7.73,5.0129633,51332.0,0.32215607,1.29,0.35024804,0.08,2023-10-22 01:35:00
288.11646,7.11,5.314471,48454.0,0.33772328,1.18,0.31175387,0.18,2023-10-22 01:40:00
289.73346,6.83,5.586287,57019.0,0.29203668,1.15,0.22010809,0.06,2023-10-22 01:45:00
289.72214,6.84,5.7606683,54461.0,0.30571628,1.15,0.19589968,0.05,2023-10-22 01:50:00
289.2226,6.86,5.7178755,52294.0,0.31667903,1.15,0.19589968,0.08,2023-10-22 01:55:00
289.46506,6.81,5.8575935,56596.0,0.29337174,1.14,0.1818436,0.12,2023-10-22 02:00:00
288.64166,7.1,6.025313,60453.0,0.27222943,1.18,0.1818436,0.28,2023-10-22 02:05:00
286.11734,6.44,6.385217,60811.0,0.26332688,1.06,0.037426513,0.51,2023-10-22 02:10:00
285.39655,4.97,7.5620437,49863.0,0.31863147,0.81,-0.19382004,0.05,2023-10-22 02:15:00
287.41226,4.6,7.4726233,46761.0,0.34729493,0.76,-0.22184876,0.04,2023-10-22 02:20:00
286.16534,4.49,7.242596,44855.0,0.35718507,0.73,-0.20760833,0.09,2023-10-22 02:25:00
287.54358,4.91,6.760429,46484.0,0.34986156,0.81,-0.10790541,0.17,2023-10-22 02:30:00
288.26566,4.79,6.4465027,44787.0,0.36596414,0.8,-0.08092192,0.14,2023-10-22 02:35:00
287.39835,5.13,5.093967,57708.0,0.2813719,0.85,0.22010809,0.81,2023-10-22 02:40:00
286.516,5.19,4.5495496,62060.0,0.25914797,0.85,0.29446626,0.09,2023-10-22 02:45:00
291.82602,6.59,3.0020993,55434.0,0.30719215,1.13,0.53147894,0.22,2023-10-22 02:50:00
288.37384,6.36,1.9050983,62447.0,0.26277637,1.06,0.69810057,0.35,2023-10-22 02:55:00
288.82925,6.45,3.088867,66864.0,0.24662602,1.07,0.7275413,0.09,2023-10-22 03:00:00
291.58047,6.26,3.6078389,56051.0,0.3030155,1.07,0.5786392,0.43,2023-10-22 03:05:00
292.47034,5.96,4.399341,45688.0,0.375289,1.02,0.3443923,0.28,2023-10-22 03:10:00
293.38815,6.47,4.7668962,42416.0,0.40820122,1.11,0.30103,0.04,2023-10-22 03:15:00
290.99637,6.44,4.768333,48634.0,0.3470541,1.09,0.31597033,0.12,2023-10-22 03:20:00
290.9607,6.67,4.7933908,51044.0,0.33054206,1.13,0.3201463,0.04,2023-10-22 03:25:00
288.2903,6.23,4.9697084,49456.0,0.33150283,1.04,0.26951295,0.12,2023-10-22 03:30:00
288.6023,6.11,4.922652,46421.0,0.35436758,1.02,0.27415785,0.06,2023-10-22 03:35:00
292.858,6.96,4.712908,55724.0,0.30897015,1.19,0.363612,0.22,2023-10-22 03:40:00
291.5376,6.87,3.4608672,60230.0,0.28186202,1.17,0.42160395,0.11,2023-10-22 03:45:00
288.44696,6.33,4.247388,68293.0,0.24047194,1.06,0.38381538,0.1,2023-10-22 03:50:00
291.72418,7.05,3.7777374,61615.0,0.2760756,1.2,0.45939252,0.06,2023-10-22 03:55:00
292.77075,6.79,4.4041004,56466.0,0.3046274,1.17,0.40312052,0.03,2023-10-22 04:00:00
293.2152,7.78,4.6869183,63896.0,0.27047876,1.34,0.44715804,0.06,2023-10-22 04:05:00
297.71558,8.54,4.259859,67922.0,0.266802,1.51,0.47129175,0.12,2023-10-22 04:10:00
296.10175,9.01,4.2217174,65609.0,0.27157363,1.58,0.5440681,0.08,2023-10-22 04:15:00
285.70868,8.29,4.8441715,76375.0,0.20873426,1.34,0.46834734,0.08,2023-10-22 04:20:00
301.03308,7.95,5.2710056,61560.0,0.30470717,1.44,0.3598355,0.08,2023-10-22 04:25:00
303.7666,8.69,5.1603293,63903.0,0.30191252,1.6,0.4199558,0.02,2023-10-22 04:40:00
296.51157,10.2,5.0849385,66284.0,0.26996788,1.79,0.4983106,0.02,2023-10-22 04:45:00
297.85104,10.45,5.183464,63027.0,0.2879306,1.86,0.48572144,0.06,2023-10-22 04:50:00
299.35223,9.97,5.1596413,65824.0,0.28004456,1.79,0.45178646,0.04,2023-10-22 04:55:00
298.9079,9.57,5.5662374,64100.0,0.28624976,1.71,0.39619938,0.17,2023-10-22 05:00:00
295.86755,10.62,5.5413084,63641.0,0.27928284,1.86,0.39967373,0.25,2023-10-22 05:05:00
290.71698,8.98,5.80963,51380.0,0.32752496,1.53,0.29666522,0.11,2023-10-22 05:10:00
294.20786,12.54,5.6161017,63918.0,0.2732454,2.17,0.48429987,0.19,2023-10-22 05:15:00
295.51703,11.96,5.623353,67068.0,0.26403606,2.09,0.46686766,0.22,2023-10-22 05:20:00
296.87598,12.08,6.059612,72111.0,0.24910353,2.13,0.41161972,0.28,2023-10-22 05:25:00
297.09024,11.18,6.5460296,67722.0,0.26584402,1.98,0.29446626,0.21,2023-10-22 05:30:00
295.9897,12.19,7.1883655,64334.0,0.27662963,2.14,0.26951295,0.15,2023-10-22 05:35:00
295.77676,12.98,7.473687,63805.0,0.27829897,2.27,0.26951295,0.15,2023-10-22 05:40:00
295.50452,13.1,7.647797,72228.0,0.24514088,2.29,0.26951295,0.06,2023-10-22 05:45:00
295.6709,12.67,6.682141,80160.0,0.22127107,2.22,0.25767857,0.12,2023-10-22 05:50:00
296.21677,13.22,5.5170736,62729.0,0.28438562,2.32,0.25767857,0.12,2023-10-22 05:55:00
284.97916,10.46,6.7378182,72847.0,0.21710846,1.7,0.15228835,0.09,2023-10-22 06:00:00
293.223,12.56,6.878997,72567.0,0.23817903,2.16,0.2855573,0.1,2023-10-22 06:05:00
290.01425,11.91,6.658476,66818.0,0.24996154,2.01,0.27184162,0.08,2023-10-22 06:10:00
289.71518,11.52,6.985342,73036.0,0.22794746,1.94,0.26717174,0.07,2023-10-22 06:15:00
287.92377,10.55,7.3432555,68447.0,0.23857872,1.76,0.20139715,0.09,2023-10-22 06:20:00
282.14313,7.44,7.4707093,46421.0,0.33025712,1.18,-0.022276402,0.06,2023-10-22 06:25:00
283.61823,10.31,7.604564,65884.0,0.23650303,1.66,0.17318627,0.07,2023-10-22 06:30:00
284.00653,10.21,7.4195757,69288.0,0.22584388,1.65,0.1818436,0.06,2023-10-22 06:35:00
285.93375,10.98,6.729019,70850.0,0.22556388,1.79,0.2855573,0.45,2023-10-22 06:50:00
286.28143,11.45,6.090599,75253.0,0.21317121,1.88,0.3384565,0.15,2023-10-22 06:55:00
292.65045,11.33,6.5788827,72296.0,0.23762164,1.94,0.32837963,0.16,2023-10-22 07:00:00
290.11478,9.59,6.3680844,56662.0,0.29508233,1.61,0.21748395,0.2,2023-10-22 07:05:00
294.21332,11.12,6.741098,63376.0,0.2755981,1.93,0.29003462,0.13,2023-10-22 07:10:00
293.9132,11.09,6.5692387,59906.0,0.29063702,1.92,0.30103,0.02,2023-10-22 07:15:00
294.33276,11.77,6.690904,60413.0,0.28948057,2.04,0.3138672,0.02,2023-10-22 07:20:00
288.1924,9.29,6.574192,51939.0,0.31532142,1.54,0.2068259,0.11,2023-10-22 07:25:00
295.7678,11.41,6.779624,58140.0,0.3053868,2.0,0.28330123,0.02,2023-10-22 07:30:00
296.5816,11.18,6.5768456,54088.0,0.33108485,1.97,0.2922561,0.08,2023-10-22 07:40:00
295.4141,11.39,6.724411,54088.0,0.32704437,1.99,0.28103337,0.02,2023-10-22 07:50:00
295.24036,11.13,6.7256303,54238.0,0.32554314,1.94,0.27184162,0.06,2023-10-22 07:55:00
301.06912,9.43,6.9446025,50181.0,0.3739417,1.71,0.1818436,0.29,2023-10-22 08:00:00
293.33728,10.31,7.2560253,57306.0,0.30197394,1.78,0.18752073,0.21,2023-10-22 08:05:00
292.423,10.06,6.9920387,60220.0,0.2845826,1.72,0.20139715,0.08,2023-10-22 08:10:00
295.03674,11.06,6.857208,51939.0,0.33922353,1.93,0.24551268,0.03,2023-10-22 08:15:00
294.98703,11.11,6.7527623,51326.0,0.34309497,1.93,0.26007143,0.06,2023-10-22 08:20:00
294.3921,11.26,6.463351,50890.0,0.3438665,1.95,0.30535138,0.07,2023-10-22 08:25:00
293.2699,10.81,6.5291805,50181.0,0.34460348,1.86,0.26951295,0.07,2023-10-22 08:30:00
292.62106,9.48,7.0561323,57734.0,0.29746297,1.62,0.18469143,0.5,2023-10-22 08:35:00
293.97537,9.04,7.2284575,64308.0,0.27092075,1.56,0.15228835,0.49,2023-10-22 08:40:00
293.4563,11.74,6.1456404,54925.0,0.31546265,2.02,0.372912,0.04,2023-10-22 08:45:00
294.0528,11.47,5.996249,52924.0,0.329466,1.99,0.35218254,0.21,2023-10-22 08:50:00
298.19193,9.58,7.6272535,46015.0,0.395787,1.7,0.08990512,0.53,2023-10-22 08:55:00
300.98987,9.13,8.077389,41823.0,0.44830343,1.65,-0.0043648016,0.03,2023-10-22 09:00:00
302.7565,9.02,8.084609,37832.0,0.50470763,1.65,-0.022276402,0.12,2023-10-22 09:05:00
302.21783,9.57,7.955401,41693.0,0.4554372,1.75,0.0293838,0.23,2023-10-22 09:10:00
308.60806,11.2,7.7705793,32874.0,0.6164921,2.13,0.09342169,0.1,2023-10-22 09:15:00
307.41223,11.07,7.6135798,35288.0,0.5674194,2.09,0.11394334,0.03,2023-10-22 09:20:00
305.645,11.26,7.5437455,42040.0,0.46781474,2.1,0.1430148,0.06,2023-10-22 09:25:00
304.53198,10.67,7.31426,47506.0,0.40931344,1.98,0.17318627,0.25,2023-10-22 09:30:00
302.8734,10.74,7.13993,52307.0,0.36547807,1.97,0.19589968,0.19,2023-10-22 09:35:00
306.57404,11.67,6.972941,42698.0,0.46497786,2.19,0.22271647,0.21,2023-10-22 09:40:00
308.127,11.46,6.4492245,39866.0,0.50590426,2.18,0.27415785,0.05,2023-10-22 09:45:00
303.12976,11.86,6.4771442,49141.0,0.39005062,2.18,0.31806332,0.02,2023-10-22 09:50:00
304.3477,11.07,7.1072073,47094.0,0.41211697,2.05,0.18752073,0.1,2023-10-22 10:00:00
306.40338,11.85,6.86893,44432.0,0.4460579,2.22,0.25767857,0.04,2023-10-22 10:05:00
305.4932,12.03,6.5645337,55363.0,0.35468715,2.25,0.33041382,0.09,2023-10-22 10:10:00
303.14764,10.12,6.856887,62078.0,0.30882117,1.87,0.22530928,0.11,2023-10-22 10:15:00
306.4965,11.2,6.881315,55369.0,0.35828704,2.1,0.24303806,0.11,2023-10-22 10:20:00
308.51218,10.72,7.174413,52927.0,0.38254508,2.04,0.1818436,0.13,2023-10-22 10:25:00
306.927,10.73,6.81956,56607.0,0.35198602,2.03,0.25285304,0.14,2023-10-22 10:30:00
310.591,11.71,6.6956253,48846.0,0.4232629,2.26,0.2764618,0.06,2023-10-22 10:35:00
307.94766,11.29,6.598553,53223.0,0.3782549,2.15,0.28330123,0.13,2023-10-22 10:40:00
307.8228,10.37,7.6601176,41342.0,0.48634464,1.97,0.10037054,0.37,2023-10-22 10:45:00
311.26886,11.39,7.562651,37831.0,0.55022305,2.21,0.1398791,0.23,2023-10-22 10:50:00
309.27414,10.34,7.199847,51638.0,0.39511684,1.99,0.17026173,0.13,2023-10-22 10:55:00
307.08545,10.33,7.009515,44186.0,0.45165688,1.96,0.17318627,0.22,2023-10-22 11:00:00
308.21448,12.55,6.658295,43969.0,0.45910096,2.38,0.30535138,0.06,2023-10-22 11:05:00
306.99194,12.16,6.5410476,48293.0,0.41285473,2.29,0.31806332,0.17,2023-10-22 11:10:00
313.95673,13.9,5.7295027,41739.0,0.5122345,2.74,0.39794004,0.37,2023-10-22 11:15:00
312.77325,12.68,7.34316,30440.0,0.6941613,2.48,0.1903317,0.08,2023-10-22 11:20:00
312.07,12.2,7.5714927,28716.0,0.7306978,2.38,0.1430148,0.04,2023-10-22 11:25:00
312.49567,12.14,7.531182,31476.0,0.6694606,2.37,0.15533602,0.01,2023-10-22 11:30:00
312.43576,11.73,7.611557,28805.0,0.73110116,2.29,0.117271274,0.07,2023-10-22 11:35:00
312.0171,11.19,7.80619,27966.0,0.749898,2.18,0.07554698,0.03,2023-10-22 11:40:00
313.75845,11.44,7.839324,27966.0,0.7630033,2.25,0.08278538,0.05,2023-10-22 11:45:00
311.2095,11.39,7.8302045,29497.0,0.70526266,2.21,0.096910015,0.14,2023-10-22 11:50:00
311.33768,11.22,7.376591,35029.0,0.59464484,2.18,0.1430148,0.07,2023-10-22 11:55:00
312.64398,11.77,7.100028,39180.0,0.5386191,2.3,0.20951504,0.31,2023-10-22 12:00:00
314.18048,12.98,6.855968,40607.0,0.5276831,2.56,0.2855573,0.09,2023-10-22 12:05:00
315.58063,12.64,6.910145,37720.0,0.5759888,2.52,0.25767857,0.03,2023-10-22 12:10:00
310.56076,10.79,6.8670955,37514.0,0.55095255,2.08,0.1818436,0.03,2023-10-22 12:15:00
310.9792,11.44,6.750415,44363.0,0.46785027,2.21,0.22530928,0.03,2023-10-22 12:20:00
314.05487,12.89,6.807804,39428.0,0.54278606,2.55,0.25285304,0.06,2023-10-22 12:25:00
323.36047,12.15,7.2017846,35342.0,0.6631618,2.54,0.19312459,0.04,2023-10-22 12:30:00
326.89127,11.2,6.9600573,34426.0,0.70421654,2.39,0.16731733,0.11,2023-10-22 12:35:00
324.68225,11.18,7.117907,33403.0,0.7106246,2.35,0.15533602,0.14,2023-10-22 12:40:00
322.44992,11.04,7.429522,36388.0,0.63846946,2.3,0.11394334,0.09,2023-10-22 12:45:00
322.86066,10.43,7.661893,35978.0,0.6483093,2.17,0.08278538,0.04,2023-10-22 12:50:00
322.56134,10.66,7.5238423,39526.0,0.5884133,2.22,0.11394334,0.06,2023-10-22 12:55:00
320.4544,10.6,7.487236,41921.0,0.54359317,2.18,0.12710482,0.2,2023-10-22 13:00:00
321.667,11.03,7.09819,43941.0,0.5247371,2.28,0.19312459,0.04,2023-10-22 13:05:00
322.67722,11.26,6.942435,46837.0,0.49712074,2.34,0.22788674,0.02,2023-10-22 13:10:00
317.8383,11.31,6.009035,49383.0,0.44982716,2.29,0.23552847,0.12,2023-10-22 13:15:00
312.52844,11.49,6.7260537,44619.0,0.47241816,2.25,0.22788674,0.16,2023-10-22 13:20:00
308.82013,11.03,7.2468543,42602.0,0.47673693,2.1,0.16136801,0.05,2023-10-22 13:25:00
310.71597,11.19,7.313727,44725.0,0.46284187,2.16,0.17609127,0.06,2023-10-22 13:30:00
302.8588,9.28,7.2337403,29817.0,0.6410501,1.7,0.05690485,0.07,2023-10-22 13:35:00
303.67026,10.52,7.4242306,39340.0,0.4899357,1.94,0.117271274,0.05,2023-10-22 13:40:00
309.2671,11.42,7.4507113,49695.0,0.41053608,2.19,0.17609127,0.09,2023-10-22 13:45:00
309.68283,12.1,7.27394,47288.0,0.43324077,2.33,0.21748395,0.03,2023-10-22 13:50:00
308.12897,11.58,7.380359,45090.0,0.44730043,2.2,0.1818436,0.04,2023-10-22 13:55:00
310.516,11.48,7.4561653,47036.0,0.4392201,2.22,0.17609127,0.04,2023-10-22 14:00:00
316.2719,10.87,7.7193847,53191.0,0.41124988,2.17,0.1430148,0.11,2023-10-22 14:05:00
319.06232,11.99,7.4356303,60796.0,0.36978108,2.44,0.2068259,0.12,2023-10-22 14:10:00
291.32925,9.42,7.7652435,42486.0,0.39869162,1.6,0.037426513,0.08,2023-10-22 14:20:00
287.28262,7.75,7.9294767,32850.0,0.49367025,1.28,-0.08092192,0.05,2023-10-22 14:25:00
289.02225,9.54,7.976152,42486.0,0.38894522,1.59,0.025305841,0.04,2023-10-22 14:35:00
290.56433,9.68,8.101574,34936.0,0.48090062,1.63,0.0,0.02,2023-10-22 14:40:00
288.82828,9.41,8.132158,35725.0,0.46158788,1.57,-0.013228253,0.01,2023-10-22 14:45:00
288.59113,9.35,8.126413,35267.0,0.4663882,1.56,-0.017728778,0.03,2023-10-22 14:50:00
289.1856,9.65,8.202713,36845.0,0.4492826,1.62,-0.0043648016,0.07,2023-10-22 14:55:00
289.79807,10.23,8.131864,38850.0,0.42891127,1.72,0.033423774,0.02,2023-10-22 15:00:00
289.48553,10.21,8.132638,37113.0,0.44747993,1.71,0.025305841,0.01,2023-10-22 15:05:00
288.4769,9.99,8.235059,38424.0,0.4275415,1.67,0.00432137,0.06,2023-10-22 15:15:00
288.101,9.45,8.313207,41970.0,0.38983354,1.57,-0.017728778,0.04,2023-10-22 15:20:00
288.81653,9.74,8.229428,43130.0,0.38228932,1.63,0.012837212,0.02,2023-10-22 15:25:00
290.7486,10.24,8.065588,49844.0,0.33773237,1.73,0.064457975,0.09,2023-10-22 15:30:00
290.863,9.96,8.021596,50390.0,0.33448228,1.68,0.06069783,0.07,2023-10-22 15:35:00
288.5766,10.3,8.0444145,37454.0,0.43908626,1.72,0.037426513,0.07,2023-10-22 15:40:00
289.3202,9.74,8.015603,44606.0,0.37164983,1.63,0.033423774,0.05,2023-10-22 15:45:00
288.36148,9.5,8.033338,42947.0,0.38203847,1.58,0.017033322,0.09,2023-10-22 15:50:00
294.2609,10.15,7.634979,42109.0,0.41499674,1.77,-0.0043648016,0.21,2023-10-22 15:55:00
303.7951,11.98,7.7280073,47870.0,0.4031491,2.24,0.07188199,0.06,2023-10-22 16:00:00
302.41492,11.54,8.18498,45353.0,0.41953385,2.12,0.037426513,0.05,2023-10-22 16:05:00
302.27463,10.98,7.8714356,58922.0,0.3224544,2.02,0.07188199,0.14,2023-10-22 16:10:00
300.2567,10.7,7.7798777,44078.0,0.42215136,1.94,0.037426513,0.06,2023-10-22 16:15:00
296.3729,8.46,7.676653,73653.0,0.24260405,1.48,0.00432137,0.09,2023-10-22 16:20:00
294.1545,9.51,7.587628,38242.0,0.45644683,1.66,0.0,0.07,2023-10-22 16:25:00
315.08508,12.49,8.035727,76171.0,0.28383863,2.48,0.24054927,0.17,2023-10-22 16:30:00
312.04355,12.25,7.3446236,72927.0,0.28764632,2.39,0.25285304,0.37,2023-10-22 16:35:00
313.6648,9.67,6.2621164,70829.0,0.30098307,1.91,0.29666522,0.12,2023-10-22 16:40:00
315.23016,8.77,7.280096,63643.0,0.34019887,1.74,0.10720996,0.26,2023-10-22 16:45:00
325.1427,9.46,7.974165,88752.0,0.26863557,2.01,0.13033378,0.11,2023-10-22 16:50:00
332.51645,11.11,7.569703,79520.0,0.32150164,2.46,0.22271647,0.06,2023-10-22 16:55:00
330.21674,10.71,7.4964924,76596.0,0.32664102,2.34,0.20951504,0.05,2023-10-22 17:00:00
323.79016,9.25,7.3964586,101654.0,0.23151624,1.94,0.19312459,0.06,2023-10-22 17:05:00
323.3136,9.5,7.3857427,57405.0,0.40809843,1.99,0.12057395,0.1,2023-10-22 17:10:00
318.28317,10.0,7.0053267,66893.0,0.33352894,2.03,0.20412001,0.09,2023-10-22 17:15:00
320.2752,9.72,6.6026435,53142.0,0.42806664,2.0,0.17609127,0.15,2023-10-22 17:20:00
329.79105,11.1,5.62538,56062.0,0.44449225,2.43,0.17318627,0.25,2023-10-22 17:25:00
337.20813,10.95,7.643226,79991.0,0.33385715,2.49,0.19589968,0.17,2023-10-22 17:30:00
328.2813,9.53,7.0734296,51719.0,0.47498438,2.06,0.064457975,0.09,2023-10-22 17:35:00
335.4991,8.84,7.95579,61180.0,0.42965811,1.99,-0.0043648016,0.21,2023-10-22 17:40:00
336.0795,9.55,7.8034735,72952.0,0.3622698,2.16,0.07918126,0.18,2023-10-22 17:45:00
334.99515,9.17,6.174342,53366.0,0.49027014,2.06,0.12057395,0.33,2023-10-22 17:50:00
337.76028,9.33,6.862784,94549.0,0.2838944,2.13,0.1818436,0.12,2023-10-22 18:00:00
332.8885,9.32,7.057457,87822.0,0.29212448,2.07,0.13353892,0.19,2023-10-22 18:05:00
339.4034,9.13,7.4921894,59651.0,0.45683247,2.1,0.06069783,0.04,2023-10-22 18:10:00
353.55127,6.8,7.952276,64692.0,0.47834024,1.7,-0.07572073,0.12,2023-10-22 18:15:00
334.3816,10.06,7.9813156,74556.0,0.34893066,2.25,0.1398791,0.17,2023-10-22 18:20:00
331.06467,9.18,8.060726,74962.0,0.33643612,2.01,0.10720996,0.16,2023-10-22 18:25:00
338.24646,7.35,8.293359,54088.0,0.4984911,1.68,-0.10790541,0.15,2023-10-22 18:30:00
338.53522,7.32,8.86708,60153.0,0.44942242,1.68,-0.14874166,0.27,2023-10-22 18:35:00
332.1922,5.91,8.905756,66629.0,0.38254035,1.31,-0.23657204,0.15,2023-10-22 18:40:00
340.04214,8.54,8.924382,50551.0,0.5422342,1.97,-0.09691001,0.02,2023-10-22 18:45:00
339.08502,8.32,8.908749,46384.0,0.58578426,1.91,-0.12493874,0.07,2023-10-22 18:50:00
339.47183,8.41,8.599058,47338.0,0.57601976,1.94,-0.08618615,0.08,2023-10-22 18:55:00
341.78903,8.87,8.325533,59507.0,0.46803263,2.07,0.0,0.02,2023-10-22 19:00:00
333.9193,9.31,8.065066,53384.0,0.48522168,2.08,0.008600163,0.17,2023-10-22 19:05:00
338.0422,8.48,8.2541685,60558.0,0.44439602,1.94,-0.017728778,0.11,2023-10-22 19:10:00
335.8667,8.36,7.956752,75278.0,0.3503845,1.89,0.012837212,0.43,2023-10-22 19:25:00
341.30136,6.59,8.892969,71650.0,0.38698813,1.53,-0.18708667,0.19,2023-10-22 19:30:00
338.9313,7.79,8.698357,63685.0,0.42604524,1.79,-0.08618615,0.06,2023-10-22 19:35:00
337.8612,7.47,8.508948,66705.0,0.40277195,1.7,-0.08092192,0.11,2023-10-22 19:40:00
337.08572,6.99,8.436243,67856.0,0.3931178,1.59,-0.10237289,0.09,2023-10-22 19:45:00
333.3435,8.97,4.4689484,110406.0,0.23335947,1.99,0.45331836,0.86,2023-10-22 19:50:00
337.49716,7.23,5.335448,113033.0,0.2368944,1.65,0.40140057,0.46,2023-10-22 19:55:00
334.73956,7.61,2.637821,167095.0,0.15620856,1.71,0.8095597,0.17,2023-10-22 20:00:00
335.29144,8.98,3.2316713,111984.0,0.23428228,2.03,0.8739016,0.52,2023-10-22 20:05:00
341.5806,9.29,3.652643,109946.0,0.25283667,2.17,1.0390173,1.13,2023-10-22 20:10:00
341.82947,7.54,4.1217957,132555.0,0.21018808,1.77,0.5932861,0.41,2023-10-22 20:15:00
344.29727,7.2,6.9977136,85988.0,0.33135352,1.71,0.07918126,0.59,2023-10-22 20:20:00
340.33328,7.16,7.919659,92524.0,0.29704297,1.66,0.02118928,0.11,2023-10-22 20:25:00
339.79105,6.99,7.985806,82502.0,0.33147708,1.61,-0.022276402,0.17,2023-10-22 20:30:00
338.4145,7.46,7.743733,83664.0,0.32276845,1.7,0.037426513,0.07,2023-10-22 20:35:00
340.7321,7.83,7.1891236,96127.0,0.28695357,1.82,0.13033378,0.21,2023-10-22 20:40:00
338.59457,7.23,7.272833,80713.0,0.33512405,1.66,0.07554698,0.04,2023-10-22 20:45:00
337.56476,7.26,7.118286,106203.0,0.25228652,1.66,0.1398791,0.08,2023-10-22 20:50:00
337.13745,7.3,7.2641654,87837.0,0.30383718,1.66,0.096910015,0.25,2023-10-22 20:55:00
339.49512,8.1,6.8413815,100201.0,0.27218735,1.87,0.21218762,0.21,2023-10-22 21:00:00
342.2375,8.22,6.58414,101724.0,0.2749119,1.93,0.25042,0.05,2023-10-22 21:05:00
346.30493,7.86,6.6766005,100652.0,0.2882489,1.88,0.22788674,0.15,2023-10-22 21:10:00
342.61386,7.54,7.1038585,95174.0,0.29483882,1.78,0.12385166,0.24,2023-10-22 21:15:00
338.30887,7.37,7.5986514,78620.0,0.34314263,1.69,0.033423774,0.05,2023-10-22 21:20:00
342.75873,7.58,7.68056,86032.0,0.3265987,1.78,0.049218025,0.1,2023-10-22 21:25:00
352.33167,7.54,7.856583,78205.0,0.39145446,1.87,0.017033322,0.03,2023-10-22 21:30:00
349.135,7.78,7.5467677,82696.0,0.35983977,1.9,0.064457975,0.11,2023-10-22 21:40:00
347.79056,7.71,7.8020377,75472.0,0.3895755,1.86,0.0293838,0.03,2023-10-22 21:45:00
342.7355,7.84,7.841033,79186.0,0.3547599,1.84,0.041392695,0.05,2023-10-22 21:50:00
339.9848,7.12,7.723406,86940.0,0.31511497,1.65,0.02118928,0.12,2023-10-22 21:55:00
343.1711,7.58,7.367089,67896.0,0.41538984,1.79,0.033423774,0.13,2023-10-22 22:00:00
346.18127,6.95,6.9471793,96204.0,0.30124104,1.67,0.07554698,0.06,2023-10-22 22:05:00
343.56818,7.39,6.7199855,89494.0,0.31627837,1.75,0.096910015,0.12,2023-10-22 22:10:00
349.14972,7.5,5.8807907,99438.0,0.2992942,1.83,0.13033378,0.14,2023-10-22 22:15:00
356.07007,7.5,7.1358953,97380.0,0.32487434,1.9,0.1398791,0.02,2023-10-22 22:20:00
355.31027,7.21,7.102795,89104.0,0.3526956,1.82,0.10380372,0.02,2023-10-22 22:25:00
347.86783,6.19,7.673161,89211.0,0.32980666,1.5,-0.060480744,0.41,2023-10-22 22:30:00
347.06335,6.81,7.8312774,83797.0,0.34859347,1.64,-0.017728778,0.18,2023-10-22 22:35:00
339.60272,7.03,8.114783,104699.0,0.26075098,1.62,0.017033322,0.03,2023-10-22 22:45:00
340.91574,6.88,7.969818,100487.0,0.27496386,1.6,0.008600163,0.05,2023-10-22 22:50:00
339.21255,7.07,7.957958,102737.0,0.26478142,1.63,0.017033322,0.06,2023-10-22 22:55:00
339.76465,7.0,7.804973,98688.0,0.27704394,1.62,0.025305841,0.08,2023-10-22 23:00:00
341.42374,6.83,7.700143,97136.0,0.2857711,1.59,0.012837212,0.1,2023-10-22 23:05:00
339.33142,6.7,7.9885044,96107.0,0.28335637,1.54,-0.008773916,0.04,2023-10-22 23:10:00
338.45074,6.23,7.7827697,93206.0,0.28982154,1.42,-0.031517047,0.12,2023-10-22 23:15:00
343.12787,6.89,7.4516773,101062.0,0.2789599,1.62,0.06069783,0.03,2023-10-22 23:20:00
343.13522,6.66,7.307325,100531.0,0.28045207,1.57,0.049218025,0.05,2023-10-22 23:25:00
333.4739,6.83,7.9382744,83722.0,0.30811095,1.52,-0.022276402,0.01,2023-10-22 23:35:00
339.8128,7.26,7.481805,96039.0,0.28481105,1.68,0.07188199,0.08,2023-10-22 23:40:00
340.3557,7.01,7.3911905,76740.0,0.35821265,1.63,0.012837212,0.23,2023-10-22 23:45:00
337.60123,7.04,7.9497113,83949.0,0.3192724,1.6,-0.008773916,0.02,2023-10-22 23:50:00
335.98602,6.76,7.950535,112996.0,0.23368458,1.53,0.02118928,0.07,2023-10-22 23:55:00
339.0178,6.75,8.047242,115536.0,0.23502846,1.55,0.02118928,0.05,2023-10-23 00:00:00
333.9764,6.63,8.181669,77539.0,0.334243,1.48,-0.06550154,0.04,2023-10-23 00:10:00
333.9764,6.63,8.135785,77539.0,0.334243,1.48,-0.06550154,0.01,2023-10-23 00:15:00
334.1493,7.29,7.764863,82070.0,0.31629893,1.63,0.037426513,0.21,2023-10-23 00:20:00
336.45566,6.68,7.935906,87675.0,0.30248636,1.51,-0.031517047,0.27,2023-10-23 00:25:00
335.65878,5.72,8.449302,87406.0,0.30118576,1.29,-0.15490197,0.13,2023-10-23 00:30:00
337.9632,5.67,7.946288,105548.0,0.25478604,1.3,-0.05061,0.41,2023-10-23 00:40:00
341.48633,5.2,6.353991,144668.0,0.1919879,1.21,0.30103,0.79,2023-10-23 00:45:00
338.25668,7.21,7.2381625,95511.0,0.28232273,1.65,0.10037054,0.06,2023-10-23 00:50:00
334.77945,6.89,7.06485,91360.0,0.28580728,1.55,0.08990512,0.07,2023-10-23 00:55:00
337.67746,7.8,6.056773,116946.0,0.22934897,1.78,0.35024804,0.58,2023-10-23 01:00:00
336.55273,6.57,6.87606,100281.0,0.26469937,1.49,0.117271274,0.09,2023-10-23 01:10:00
337.299,6.47,6.8140883,112964.0,0.23660618,1.48,0.1430148,0.12,2023-10-23 01:15:00
339.16486,6.55,6.9298487,90513.0,0.3004092,1.51,0.053078443,0.16,2023-10-23 01:20:00
339.36905,5.59,7.395918,90098.0,0.30235887,1.29,-0.060480744,0.21,2023-10-23 01:25:00
341.50504,5.18,7.5360203,92909.0,0.29899406,1.21,-0.10237289,0.15,2023-10-23 01:30:00
339.1859,5.13,7.2886624,72154.0,0.37691873,1.18,-0.1426675,0.14,2023-10-23 01:35:00
338.7234,5.61,6.844246,84237.0,0.32148474,1.29,-0.05551733,0.09,2023-10-23 01:40:00
342.1397,6.26,7.080565,100753.0,0.27731454,1.47,0.05690485,0.18,2023-10-23 01:45:00
342.82892,6.66,7.0283003,102695.0,0.27378017,1.57,0.10037054,0.13,2023-10-23 01:50:00
343.76514,6.53,6.9916663,95834.0,0.29588205,1.54,0.07188199,0.16,2023-10-23 01:55:00
340.4411,5.64,6.996992,95513.0,0.28803116,1.31,0.02118928,0.04,2023-10-23 02:00:00
341.90146,6.58,6.9856205,95410.0,0.29220998,1.54,0.096910015,0.09,2023-10-23 02:05:00
341.869,6.75,6.7791224,105715.0,0.26364765,1.58,0.1492191,0.03,2023-10-23 02:10:00
337.64783,6.81,6.6218877,94317.0,0.2842978,1.56,0.1492191,0.1,2023-10-23 02:15:00
335.22177,6.42,6.905317,89498.0,0.29295507,1.44,0.08635984,0.11,2023-10-23 02:20:00
334.50302,6.0,6.9387603,73713.0,0.3533202,1.34,0.02118928,0.19,2023-10-23 02:25:00
337.92682,6.38,5.522916,99078.0,0.27133316,1.46,0.24303806,0.47,2023-10-23 02:30:00
332.91684,6.26,6.0545106,86357.0,0.29715902,1.39,0.19312459,0.16,2023-10-23 02:35:00
335.76447,5.96,6.6809807,88747.0,0.29692566,1.34,0.06818584,0.08,2023-10-23 02:45:00
335.76447,5.96,6.709203,88747.0,0.29692566,1.34,0.06818584,0.08,2023-10-23 02:50:00
339.20984,6.49,6.619758,98257.0,0.27684706,1.49,0.12710482,0.08,2023-10-23 02:55:00
341.20184,5.71,6.354872,92800.0,0.29851872,1.33,0.07188199,0.08,2023-10-23 03:00:00
340.2357,7.64,6.1730223,101532.0,0.27044752,1.77,0.25285304,0.09,2023-10-23 03:05:00
339.17505,7.2,6.155851,99192.0,0.2741499,1.66,0.23552847,0.08,2023-10-23 03:10:00
341.2834,7.48,6.1640973,79839.0,0.3472383,1.74,0.19312459,0.15,2023-10-23 03:15:00
342.8489,6.91,6.004007,88338.0,0.31833366,1.62,0.21484385,0.09,2023-10-23 03:20:00
340.7665,6.56,6.1283684,83273.0,0.33135182,1.52,0.15836251,0.14,2023-10-23 03:25:00
339.88797,7.34,5.9289546,90727.0,0.3016942,1.7,0.24797328,0.05,2023-10-23 03:35:00
342.17084,6.9,5.9976993,91079.0,0.3068565,1.62,0.23552847,0.08,2023-10-23 03:40:00
338.26144,6.91,6.1126423,93010.0,0.28992695,1.58,0.20139715,0.17,2023-10-23 03:45:00
340.62756,7.21,5.985733,90212.0,0.30547655,1.68,0.22010809,0.1,2023-10-23 03:50:00
351.02646,7.3,5.137558,110553.0,0.27373335,1.8,0.38201708,0.27,2023-10-23 03:55:00
344.8845,6.98,5.997149,89823.0,0.31889355,1.67,0.23299614,0.27,2023-10-23 04:00:00
344.80902,6.7,5.979005,77831.0,0.3677772,1.59,0.16136801,0.04,2023-10-23 04:05:00
340.96228,6.79,6.284847,82155.0,0.336462,1.58,0.16731733,0.11,2023-10-23 04:10:00
342.00653,6.27,6.137442,89059.0,0.3133477,1.47,0.16731733,0.06,2023-10-23 04:15:00
340.38562,6.8,6.0101333,96728.0,0.28426892,1.58,0.22788674,0.3,2023-10-23 04:20:00
345.79065,6.71,6.671177,85114.0,0.33929688,1.61,0.12710482,0.08,2023-10-23 04:25:00
343.68744,6.68,6.0983768,79372.0,0.35699764,1.58,0.117271274,0.09,2023-10-23 04:30:00
346.1582,6.59,6.638622,86431.0,0.33523357,1.58,0.117271274,0.12,2023-10-23 04:35:00
338.57483,5.96,6.940965,82377.0,0.32829496,1.37,0.017033322,0.1,2023-10-23 04:40:00
336.74753,5.88,7.1021547,77539.0,0.34295225,1.33,0.008600163,0.05,2023-10-23 04:45:00
336.74753,5.88,7.1407213,77539.0,0.34295225,1.33,-0.0043648016,0.03,2023-10-23 04:50:00
352.68854,6.71,6.6081767,91243.0,0.33657742,1.67,0.14612804,0.31,2023-10-23 04:55:00
349.897,6.33,6.5503664,87418.0,0.34272066,1.55,0.10037054,0.04,2023-10-23 05:00:00
349.97495,6.91,6.4718313,86481.0,0.34667423,1.7,0.1398791,0.1,2023-10-23 05:05:00
347.82254,6.68,6.421807,91391.0,0.32180917,1.62,0.117271274,0.05,2023-10-23 05:10:00
347.46848,6.78,6.1714582,89638.0,0.327064,1.65,0.13353892,0.07,2023-10-23 05:15:00
344.92056,6.35,6.1599836,79756.0,0.35926208,1.53,0.07188199,0.03,2023-10-23 05:20:00
347.3044,7.05,6.186477,91612.0,0.31954643,1.7,0.14612804,0.17,2023-10-23 05:25:00
346.46158,6.76,6.3272824,77916.0,0.3728849,1.62,0.14612804,0.04,2023-10-23 05:30:00
345.0077,6.04,6.24956,97190.0,0.2950493,1.44,0.14612804,0.03,2023-10-23 05:35:00
351.86234,7.44,5.723679,90282.0,0.33768564,1.85,0.23804612,0.1,2023-10-23 05:40:00
348.21036,6.5,5.7000175,99460.0,0.29672894,1.57,0.19312459,0.1,2023-10-23 05:45:00
336.7826,5.86,6.3117194,77169.0,0.34470832,1.33,0.08635984,0.03,2023-10-23 05:50:00
334.2513,5.29,6.6664085,69063.0,0.37622654,1.18,0.00432137,0.16,2023-10-23 05:55:00
341.47025,5.02,6.6509395,106355.0,0.26111075,1.17,0.037426513,0.03,2023-10-23 06:05:00
341.22455,5.11,6.604877,102197.0,0.2711262,1.19,0.041392695,0.05,2023-10-23 06:10:00
336.405,5.76,6.5710883,62729.0,0.42258066,1.3,0.025305841,0.02,2023-10-23 06:15:00
329.0939,4.07,6.6096444,37812.0,0.6546998,0.88,-0.19382004,0.02,2023-10-23 06:35:00
334.33304,4.97,6.3462353,82812.0,0.31400174,1.11,-0.008773916,0.06,2023-10-23 06:40:00
350.40054,6.57,6.4952984,77496.0,0.38833457,1.62,0.10380372,0.11,2023-10-23 06:45:00
342.1308,5.67,5.6490884,68612.0,0.40718833,1.34,0.0,0.18,2023-10-23 06:50:00
351.90115,7.02,7.0112696,85427.0,0.3569996,1.74,0.096910015,0.04,2023-10-23 06:55:00
358.60013,6.66,6.983273,61952.0,0.5220381,1.71,0.033423774,0.01,2023-10-23 07:00:00
350.82306,6.56,6.9069605,61952.0,0.4875951,1.61,0.033423774,0.02,2023-10-23 07:05:00
342.92264,4.23,6.8437853,36910.0,0.76238924,0.99,-0.22914802,0.07,2023-10-23 07:15:00
342.63028,6.17,6.860277,61028.0,0.45987383,1.45,0.00432137,0.09,2023-10-23 07:20:00
344.25323,6.04,7.1423106,65881.0,0.43231103,1.43,-0.045757502,0.14,2023-10-23 07:25:00
358.48303,5.42,7.5255966,52229.0,0.61859196,1.39,-0.15490197,0.04,2023-10-23 07:30:00
359.7436,5.23,7.5883136,43372.0,0.7530993,1.35,-0.20065947,0.03,2023-10-23 07:35:00
357.40408,5.55,7.227067,50211.0,0.63744384,1.42,-0.13076828,0.1,2023-10-23 07:40:00
356.60223,6.0,7.0822315,58817.0,0.5403826,1.53,-0.060480744,0.05,2023-10-23 07:45:00
352.6514,5.64,7.428324,48112.0,0.6380999,1.4,-0.16115092,0.15,2023-10-23 07:50:00
352.8696,5.86,7.4521675,47062.0,0.65359396,1.46,-0.1426675,0.05,2023-10-23 07:55:00
364.47842,4.8,7.4290514,32702.0,1.0403161,1.27,-0.26760623,0.07,2023-10-23 08:00:00
367.39398,5.35,7.570641,40320.0,0.86494946,1.44,-0.20760833,0.08,2023-10-23 08:05:00
362.13196,5.18,7.728842,38119.0,0.8747144,1.36,-0.22914802,0.03,2023-10-23 08:10:00
359.2813,5.44,7.7301483,50976.0,0.63820106,1.4,-0.18045606,0.01,2023-10-23 08:15:00
363.31064,5.04,7.791842,35431.0,0.9506432,1.33,-0.25181198,0.03,2023-10-23 08:20:00
360.97925,4.31,7.737635,40554.0,0.8140738,1.13,-0.30103,0.02,2023-10-23 08:25:00
358.9596,5.03,7.6934385,32845.0,0.98774046,1.3,-0.25181198,0.02,2023-10-23 08:30:00
358.9596,5.03,7.699896,32845.0,0.98774046,1.3,-0.25181198,0.02,2023-10-23 08:35:00
362.08743,5.34,7.625464,36347.0,0.91700757,1.4,-0.19382004,0.05,2023-10-23 08:40:00
365.20572,5.63,7.502753,41335.0,0.82816476,1.51,-0.16115092,0.03,2023-10-23 08:45:00
365.3408,5.69,7.560536,38116.0,0.89914,1.52,-0.1674911,0.02,2023-10-23 08:50:00
357.16507,5.81,7.268074,39960.0,0.79930204,1.48,-0.14874166,0.1,2023-10-23 08:55:00
361.3475,6.06,6.9371605,45192.0,0.73284876,1.58,-0.08092192,0.05,2023-10-23 09:05:00
361.29828,5.29,6.8495984,36910.0,0.8969077,1.38,-0.14874166,0.09,2023-10-23 09:10:00
349.96872,5.9,6.84697,57766.0,0.5189744,1.45,-0.036212165,0.16,2023-10-23 09:15:00
355.46152,5.53,6.987675,58305.0,0.5397178,1.4,-0.08618615,0.11,2023-10-23 09:20:00
359.5273,5.04,7.1251945,52793.0,0.6175501,1.3,-0.15490197,0.08,2023-10-23 09:25:00
356.0802,5.19,7.127145,48454.0,0.65297115,1.32,-0.14874166,0.19,2023-10-23 09:30:00
351.0725,5.47,7.062896,53850.0,0.5621987,1.35,-0.09151498,0.11,2023-10-23 09:40:00
350.20773,5.08,7.075267,44544.0,0.67445356,1.25,-0.15490197,0.14,2023-10-23 09:45:00
355.30173,5.59,7.1367006,64692.0,0.48575148,1.41,-0.05551733,0.01,2023-10-23 10:30:00
351.05157,6.23,6.914716,61565.0,0.49165562,1.54,0.00432137,0.03,2023-10-23 10:50:00
351.42822,5.98,7.009272,60289.0,0.50374025,1.48,-0.022276402,0.01,2023-10-23 10:55:00
351.61954,5.86,6.9877105,59651.0,0.5099912,1.45,-0.031517047,0.02,2023-10-23 11:00:00
350.30948,4.95,5.841421,83722.0,0.35916528,1.21,-0.026872149,0.05,2023-10-23 11:05:00
345.74634,5.28,5.1250267,96601.0,0.29883122,1.27,0.025305841,0.05,2023-10-23 11:10:00
342.54315,4.97,5.078031,69702.0,0.40232655,1.17,-0.036212165,0.06,2023-10-23 11:15:00
343.49246,5.0,6.1421003,98048.0,0.28848737,1.18,0.037426513,0.02,2023-10-23 11:20:00
340.4368,3.64,6.3441386,37307.0,0.7373854,0.85,-0.21467017,0.02,2023-10-23 11:25:00
349.41187,4.92,5.919848,74999.0,0.3977497,1.2,-0.008773916,0.09,2023-10-23 11:30:00
348.56,5.08,5.175065,78408.0,0.37757638,1.23,0.05690485,0.17,2023-10-23 11:35:00
347.44122,4.13,5.916874,70938.0,0.41318062,0.99,-0.07058106,0.06,2023-10-23 11:40:00
350.49124,4.86,5.5335345,56650.0,0.5316617,1.19,-0.0409586,0.08,2023-10-23 11:45:00
360.2105,4.61,5.4577374,103878.0,0.31571242,1.2,0.045322984,0.12,2023-10-23 11:50:00
361.51193,4.26,5.5236673,161710.0,0.20509453,1.11,0.1105897,0.03,2023-10-23 11:55:00
356.23557,5.0,5.5034533,83966.0,0.37732008,1.27,0.049218025,0.09,2023-10-23 12:00:00
350.9195,5.1,6.32951,74962.0,0.4033156,1.26,0.02118928,0.12,2023-10-23 12:10:00
349.85345,6.05,6.2014594,85532.0,0.35014203,1.48,0.13033378,0.04,2023-10-23 12:35:00
349.85345,6.05,6.2648306,85532.0,0.35014203,1.48,0.13353892,0.04,2023-10-23 12:40:00
354.2801,5.18,5.5834217,68724.0,0.45317212,1.3,0.1105897,0.68,2023-10-23 12:55:00
381.4044,4.96,3.458251,85078.0,0.4605657,1.44,0.46982205,0.95,2023-10-23 13:00:00
373.607,5.73,4.4749637,126254.0,0.29103014,1.62,0.44715804,0.63,2023-10-23 13:05:00
356.3086,4.62,3.8721828,86141.0,0.36802775,1.17,0.21218762,0.09,2023-10-23 13:10:00
379.77106,6.62,3.3917253,137655.0,0.28087607,1.91,0.70927,0.88,2023-10-23 13:15:00
336.67386,3.63,5.633711,69527.0,0.38221225,0.82,-0.031517047,0.05,2023-10-23 13:25:00
354.81442,5.4,4.5621157,99235.0,0.31531483,1.36,0.3856063,0.22,2023-10-23 13:40:00
352.7613,5.49,4.128353,98746.0,0.31120303,1.37,0.30749604,0.31,2023-10-23 13:50:00
363.40195,6.33,4.111265,134345.0,0.2509107,1.69,0.47421628,0.19,2023-10-23 13:55:00
363.1334,5.08,4.0169644,127917.0,0.26291353,1.38,0.3944517,0.34,2023-10-23 14:00:00
360.58093,4.49,4.7813387,105577.0,0.3116273,1.17,0.18752073,0.1,2023-10-23 14:05:00
355.61905,3.54,5.4861097,63869.0,0.4933799,0.91,0.07918126,1.08,2023-10-23 14:10:00
354.96143,4.57,6.354101,86324.0,0.36294228,1.17,0.02118928,0.11,2023-10-23 14:15:00
346.79453,3.07,6.217146,59060.0,0.49340856,0.74,-0.22914802,0.21,2023-10-23 14:20:00
350.27304,3.13,6.869447,63510.0,0.47331598,0.77,-0.27572417,0.09,2023-10-23 14:25:00
345.32315,3.16,7.0665264,50375.0,0.57086945,0.75,-0.32790217,0.01,2023-10-23 15:00:00
357.77573,4.48,6.671191,87020.0,0.36900032,1.15,-0.017728778,0.34,2023-10-23 15:15:00
367.3161,4.81,6.8567486,68316.0,0.5101551,1.3,-0.13076828,0.02,2023-10-23 15:25:00
362.567,4.83,7.1449633,72516.0,0.46152687,1.27,-0.119186416,0.03,2023-10-23 15:30:00
370.55023,4.94,7.2096806,78194.0,0.45803925,1.36,-0.10237289,0.01,2023-10-23 15:35:00
359.00104,4.88,7.3833666,70209.0,0.4622483,1.26,-0.13076828,0.02,2023-10-23 15:40:00
348.27792,4.63,7.386054,62340.0,0.47370052,1.12,-0.17392519,0.02,2023-10-23 15:45:00
348.27792,4.63,7.4020605,62340.0,0.47370052,1.12,-0.17392519,0.01,2023-10-23 15:50:00
349.98438,4.73,7.3672996,63119.0,0.47502732,1.16,-0.16115092,0.01,2023-10-23 15:55:00
347.83533,4.88,7.1237774,61952.0,0.47478405,1.18,-0.119186416,0.02,2023-10-23 16:10:00
344.8556,4.75,7.263353,52650.0,0.54390323,1.13,-0.1674911,0.02,2023-10-23 16:20:00
348.98865,4.83,6.9090304,55178.0,0.5385931,1.18,-0.16115092,0.14,2023-10-23 16:25:00
348.60492,5.2,7.306949,61180.0,0.48409426,1.26,-0.11350928,0.01,2023-10-23 16:30:00
348.60492,5.2,7.2877226,61180.0,0.48409426,1.26,-0.11350928,0.03,2023-10-23 16:35:00
341.38834,4.63,7.236139,55544.0,0.49959862,1.08,-0.1674911,0.03,2023-10-23 16:40:00
359.4497,5.75,6.280207,96637.0,0.33714232,1.5,0.09342169,0.22,2023-10-23 16:50:00
357.21246,5.32,6.0329514,75336.0,0.42414382,1.36,0.017033322,0.33,2023-10-23 16:55:00
373.83475,6.03,5.686774,80028.0,0.46000764,1.7,0.10380372,0.12,2023-10-23 17:00:00
370.85162,6.64,6.255158,130116.0,0.2759591,1.83,0.23044895,0.15,2023-10-23 17:05:00
373.42926,6.41,6.4450445,71824.0,0.5108227,1.79,0.06069783,0.1,2023-10-23 17:10:00
373.65036,6.08,6.5110445,70366.0,0.5223687,1.71,0.02118928,0.1,2023-10-23 17:15:00
381.84604,6.61,6.491679,67537.0,0.58227974,1.93,0.08278538,0.03,2023-10-23 17:20:00
378.87573,6.67,6.3003097,62353.0,0.615543,1.92,0.08635984,0.06,2023-10-23 17:25:00
371.71506,6.22,5.675544,76941.0,0.47006905,1.72,0.13672057,0.12,2023-10-23 17:30:00
384.48743,6.57,5.9753747,78730.0,0.5103323,1.94,0.17026173,0.09,2023-10-23 17:35:00
379.30435,5.88,6.31837,72428.0,0.53178716,1.69,0.08990512,0.01,2023-10-23 18:40:00
379.75616,6.55,6.0802464,72428.0,0.5337615,1.89,0.10037054,0.21,2023-10-23 18:50:00
395.81787,6.17,6.417492,81043.0,0.54267883,1.93,0.049218025,0.04,2023-10-23 19:00:00
376.44962,5.74,6.676863,75181.0,0.5004061,1.63,0.025305841,0.02,2023-10-23 19:10:00
373.03543,5.63,6.01341,73577.0,0.4970169,1.56,0.037426513,0.07,2023-10-23 19:15:00
370.9829,5.62,6.6442385,63860.0,0.562892,1.55,-0.017728778,0.09,2023-10-23 19:20:00
356.13092,4.62,6.4992766,51939.0,0.6094282,1.17,-0.10237289,0.03,2023-10-23 19:40:00
354.30368,5.0,6.569977,53372.0,0.58364415,1.26,-0.07058106,0.03,2023-10-23 19:45:00
355.2997,5.2,6.6381097,56291.0,0.55823624,1.31,-0.05551733,0.06,2023-10-23 19:50:00
358.5282,4.97,6.6977463,51232.0,0.63087744,1.28,-0.09151498,0.01,2023-10-23 19:55:00
356.97342,4.96,6.5965824,52945.0,0.60226244,1.26,-0.06550154,0.01,2023-10-23 20:30:00
357.0523,5.16,6.4109125,57568.0,0.5542788,1.32,-0.036212165,0.05,2023-10-23 20:35:00
359.2238,4.3,6.47689,47570.0,0.6835553,1.12,-0.14874166,0.02,2023-10-23 20:40:00
354.31207,4.86,6.625904,53947.0,0.57746595,1.22,-0.08092192,0.02,2023-10-23 20:45:00
362.55298,4.97,6.462832,56560.0,0.59165597,1.31,-0.05551733,0.02,2023-10-23 20:50:00
352.44727,4.17,6.454541,46760.0,0.65536743,1.04,-0.14874166,0.01,2023-10-23 20:55:00
350.4244,4.58,6.5109982,52470.0,0.57367563,1.12,-0.09151498,0.02,2023-10-23 21:00:00
350.9795,4.01,6.4775147,45084.0,0.6709573,0.99,-0.16115092,0.01,2023-10-23 21:05:00
349.094,3.77,6.498469,45753.0,0.65015256,0.92,-0.19382004,0.02,2023-10-23 21:10:00
349.094,3.77,6.493081,45753.0,0.65015256,0.92,-0.18708667,0.03,2023-10-23 21:15:00
351.09384,4.48,6.5755687,45421.0,0.6666548,1.1,-0.13667715,0.01,2023-10-23 21:30:00
352.77728,4.79,6.659024,51939.0,0.5917402,1.19,-0.09151498,0.02,2023-10-23 21:35:00
352.77728,4.79,6.6784654,51939.0,0.5917402,1.19,-0.09151498,0.01,2023-10-23 21:40:00
352.67874,4.91,6.587427,52682.0,0.5828875,1.22,-0.08618615,0.03,2023-10-23 21:45:00
353.8775,4.71,6.5979013,51664.0,0.6006846,1.18,-0.09151498,0.02,2023-10-23 21:50:00
355.90775,4.74,6.5001383,51939.0,0.6082402,1.2,-0.08618615,0.04,2023-10-23 21:55:00
351.62653,4.8,6.3482122,54762.0,0.5555562,1.19,-0.05551733,0.03,2023-10-23 22:05:00
350.39026,5.07,6.410593,56540.0,0.53221834,1.25,-0.026872149,0.03,2023-10-23 22:10:00
350.86963,4.97,6.5139623,52934.0,0.5708991,1.23,-0.05551733,0.03,2023-10-23 22:15:00
350.06647,4.9,6.6576576,52650.0,0.56989837,1.2,-0.08092192,0.06,2023-10-23 22:20:00
351.49924,4.29,6.7891755,45082.0,0.674085,1.06,-0.17392519,0.01,2023-10-23 22:45:00
351.75598,4.55,6.693407,46757.0,0.651416,1.13,-0.13076828,0.03,2023-10-23 22:50:00
352.78036,4.76,6.765471,51232.0,0.5999225,1.18,-0.11350928,0.01,2023-10-23 23:05:00
351.48795,4.63,6.8050056,49609.0,0.61251116,1.14,-0.13076828,0.01,2023-10-23 23:10:00
348.8614,4.6,6.8935623,50530.0,0.58746827,1.12,-0.1426675,0.02,2023-10-23 23:30:00
348.8614,4.6,6.739577,50530.0,0.58746827,1.12,-0.12493874,0.11,2023-10-23 23:35:00
351.1303,3.78,6.899406,43130.0,0.7022934,0.93,-0.24412516,0.02,2023-10-23 23:40:00
348.80115,4.17,6.7735734,45753.0,0.6484562,1.01,-0.18045606,0.04,2023-10-23 23:55:00
351.6033,4.1,6.844224,43778.0,0.6948037,1.01,-0.20065947,0.01,2023-10-24 00:05:00
350.03006,4.65,7.041406,52650.0,0.5697139,1.14,-0.14874166,0.03,2023-10-24 00:20:00
349.93106,4.52,6.96911,51004.0,0.587582,1.11,-0.16115092,0.03,2023-10-24 00:25:00
349.21857,4.1,6.9627724,44808.0,0.6646019,1.0,-0.21467017,0.04,2023-10-24 00:30:00
349.638,4.29,6.944473,47946.0,0.62343,1.05,-0.18708667,0.04,2023-10-24 00:35:00
349.13052,4.58,7.022863,51262.0,0.5804712,1.12,-0.15490197,0.02,2023-10-24 00:40:00
349.0207,4.5,7.046446,48797.0,0.60919696,1.1,-0.17392519,0.01,2023-10-24 00:45:00
349.26337,4.14,7.0796185,45753.0,0.6511351,1.01,-0.22184876,0.03,2023-10-24 00:55:00
369.62476,5.37,5.628392,94358.0,0.3766316,1.47,0.053078443,0.43,2023-10-24 01:05:00
376.4878,5.12,5.894014,89450.0,0.42071444,1.45,0.07188199,0.13,2023-10-24 01:10:00
379.67404,4.89,5.9984417,89208.0,0.4330695,1.41,0.041392695,0.04,2023-10-24 01:15:00
378.37415,5.6,5.872623,116426.0,0.3283029,1.61,0.19865711,0.12,2023-10-24 01:20:00
376.48007,5.21,5.738231,108764.0,0.3459831,1.48,0.14612804,0.17,2023-10-24 01:25:00
380.34064,5.6,5.658922,119838.0,0.3241443,1.62,0.21748395,0.08,2023-10-24 01:30:00
365.62302,4.84,4.706846,96084.0,0.3575424,1.29,0.08278538,0.22,2023-10-24 01:35:00
362.5769,5.13,6.2565646,103707.0,0.32274517,1.35,0.10037054,0.07,2023-10-24 01:40:00
365.80798,4.73,6.201226,103267.0,0.3331968,1.27,0.06818584,0.05,2023-10-24 01:45:00
367.55176,5.47,6.1931415,110984.0,0.31465262,1.48,0.15533602,0.07,2023-10-24 01:50:00
370.29517,4.91,6.2312274,99033.0,0.3608821,1.35,0.07554698,0.06,2023-10-24 01:55:00
366.20044,4.29,6.1553307,91079.0,0.3790476,1.15,0.0,0.09,2023-10-24 02:00:00
352.69904,4.26,6.3246346,70924.0,0.4330435,1.06,-0.06550154,0.05,2023-10-24 02:05:00
367.67834,4.43,6.474944,70962.0,0.49264202,1.2,-0.060480744,0.01,2023-10-24 02:10:00
365.96878,4.3,6.497677,75832.0,0.45436406,1.16,-0.07058106,0.02,2023-10-24 02:15:00
360.34213,3.68,6.349874,62984.0,0.5212895,0.96,-0.14874166,0.09,2023-10-24 02:20:00
351.233,2.94,6.4196258,55912.0,0.54223603,0.73,-0.26760623,0.03,2023-10-24 02:30:00
351.6004,2.62,6.345841,47771.0,0.6367113,0.65,-0.3187588,0.05,2023-10-24 02:40:00
341.10416,3.08,6.4492245,46130.0,0.59999686,0.71,-0.26760623,0.02,2023-10-24 03:05:00
349.99466,3.7,6.3723154,57076.0,0.5253695,0.91,-0.14874166,0.03,2023-10-24 03:10:00
349.58206,2.89,6.370667,49141.0,0.6079666,0.71,-0.27572417,0.05,2023-10-24 03:15:00
349.15424,2.74,6.422102,40754.0,0.7302941,0.67,-0.3372422,0.03,2023-10-24 03:20:00
352.1877,3.49,6.3019843,57012.0,0.5362868,0.87,-0.18045606,0.07,2023-10-24 03:25:00
354.37616,3.08,6.10896,52805.0,0.59028697,0.77,-0.20760833,0.03,2023-10-24 03:30:00
357.24057,3.91,6.071458,70080.0,0.45606628,1.0,-0.05551733,0.05,2023-10-24 03:35:00
355.03357,4.13,6.2656364,73853.0,0.42449814,1.04,-0.05061,0.01,2023-10-24 03:40:00
357.24118,4.13,6.237892,72102.0,0.4432789,1.05,-0.05551733,0.02,2023-10-24 03:45:00
359.8435,4.24,6.216993,74537.0,0.43859652,1.1,-0.0409586,0.01,2023-10-24 03:50:00
359.35306,4.09,6.269705,68022.0,0.4785682,1.06,-0.07058106,0.01,2023-10-24 03:55:00
362.8425,4.78,5.616164,96317.0,0.3483011,1.26,0.14612804,0.07,2023-10-24 04:10:00
368.05365,4.43,5.188969,89696.0,0.3909881,1.21,0.16435286,0.14,2023-10-24 04:15:00
355.6532,3.0,5.3356724,56650.0,0.5564185,0.76,-0.10237289,0.11,2023-10-24 04:20:00
362.01175,3.49,5.877032,69881.0,0.47665012,0.92,-0.08092192,0.01,2023-10-24 04:30:00
363.5232,4.2,5.9038463,84165.0,0.40092224,1.11,0.033423774,0.08,2023-10-24 04:40:00
353.5072,3.16,5.9126563,71178.0,0.43458354,0.79,-0.11350928,0.08,2023-10-24 04:45:00
357.92203,3.92,5.821993,84176.0,0.38195333,1.01,0.012837212,0.14,2023-10-24 04:55:00
356.51517,2.98,5.8491197,64692.0,0.49093446,0.76,-0.1426675,0.18,2023-10-24 05:00:00
363.23752,4.46,6.0845623,76245.0,0.44148657,1.18,0.00432137,0.06,2023-10-24 05:05:00
365.12128,4.64,6.158449,75717.0,0.45178175,1.24,0.017033322,0.02,2023-10-24 05:10:00
363.9345,4.63,6.163522,72894.0,0.46454602,1.23,0.008600163,0.01,2023-10-24 05:15:00
365.3421,4.86,6.151203,77107.0,0.4444732,1.3,0.041392695,0.01,2023-10-24 05:20:00
364.42538,4.87,6.131256,77107.0,0.44101056,1.29,0.049218025,0.02,2023-10-24 05:25:00
364.27905,4.76,6.043608,80926.0,0.4196737,1.27,0.049218025,0.03,2023-10-24 05:30:00
361.44977,4.55,5.7876077,90595.0,0.36589313,1.19,0.06069783,0.02,2023-10-24 05:35:00
368.65695,4.78,5.9801173,85469.0,0.41242236,1.3,0.06818584,0.01,2023-10-24 05:40:00
362.9164,4.12,6.0069375,83128.0,0.40381822,1.09,0.0,0.03,2023-10-24 05:45:00
360.83127,4.45,5.9591026,83246.0,0.39607707,1.16,0.037426513,0.01,2023-10-24 05:50:00
362.32693,4.8,5.9408245,90079.0,0.3707762,1.26,0.08635984,0.04,2023-10-24 05:55:00
359.7531,4.54,5.8909254,94120.0,0.34706873,1.17,0.06818584,0.01,2023-10-24 06:00:00
361.05936,4.56,5.9339366,90763.0,0.36398923,1.19,0.064457975,0.04,2023-10-24 06:05:00
354.4754,3.82,5.9032283,68435.0,0.4558674,0.97,-0.05551733,0.01,2023-10-24 06:10:00
357.6763,4.3,5.8981524,87493.0,0.3666881,1.1,0.0293838,0.04,2023-10-24 06:15:00
360.26645,4.43,5.409381,94508.0,0.34718156,1.15,0.07918126,0.07,2023-10-24 06:20:00
352.77972,3.76,5.795869,84888.0,0.36206588,0.94,-0.013228253,0.03,2023-10-24 06:25:00
343.3982,2.88,5.815067,52390.0,0.5394436,0.68,-0.19382004,0.01,2023-10-24 07:05:00
343.0323,2.53,5.811093,29817.0,0.94468945,0.6,-0.30103,0.01,2023-10-24 07:10:00
353.38232,3.44,5.65215,85128.0,0.36296847,0.86,-0.031517047,0.06,2023-10-24 07:35:00
348.5309,3.44,5.573599,91706.0,0.3227414,0.84,-0.008773916,0.02,2023-10-24 07:40:00
341.27194,2.91,5.4380875,77992.0,0.35542446,0.68,-0.07572073,0.04,2023-10-24 07:45:00
342.1825,3.0,5.449927,82288.0,0.33967468,0.7,-0.05551733,0.03,2023-10-24 07:50:00
357.56604,5.16,5.3316226,112908.0,0.28387597,1.32,0.25767857,0.04,2023-10-24 07:55:00
354.08157,5.16,5.1395817,75388.0,0.41239336,1.29,0.22788674,0.08,2023-10-24 08:05:00
345.4325,3.94,5.029652,101791.0,0.28279418,0.94,0.14612804,0.05,2023-10-24 08:10:00
365.3734,5.14,5.0154757,97521.0,0.35152575,1.37,0.2764618,0.08,2023-10-24 08:15:00
369.5853,4.67,5.1175485,81487.0,0.4359762,1.28,0.17609127,0.05,2023-10-24 08:20:00
357.88638,5.26,5.2131853,104699.0,0.306988,1.35,0.24797328,0.09,2023-10-24 08:25:00
370.00452,4.49,5.173007,82519.0,0.43204573,1.23,0.12385166,0.03,2023-10-24 08:30:00
370.63123,6.0,5.2756133,100074.0,0.35813802,1.65,0.2922561,0.05,2023-10-24 08:35:00
370.8928,5.61,5.2295027,91762.0,0.3914376,1.54,0.25285304,0.05,2023-10-24 08:40:00
361.0833,5.17,5.393051,93328.0,0.3540586,1.35,0.2068259,0.03,2023-10-24 08:45:00
367.10507,5.08,5.378197,69938.0,0.49743292,1.37,0.14612804,0.04,2023-10-24 09:00:00
383.81927,5.2,5.0222507,81932.0,0.48773998,1.53,0.17897695,0.03,2023-10-24 09:05:00
373.37622,4.98,4.8451624,61966.0,0.59182644,1.39,0.12057395,0.06,2023-10-24 09:10:00
369.91595,5.67,4.777217,97841.0,0.36411554,1.55,0.26481783,0.05,2023-10-24 09:15:00
373.6116,5.56,4.517621,91462.0,0.40175298,1.56,0.23299614,0.04,2023-10-24 09:20:00
363.51624,4.95,4.8240542,93796.0,0.35973397,1.31,0.18469143,0.03,2023-10-24 09:25:00
365.148,5.06,4.9762335,111884.0,0.305811,1.35,0.24551268,0.1,2023-10-24 09:30:00
378.45947,4.97,4.937935,75332.0,0.5077501,1.43,0.2068259,0.03,2023-10-24 09:35:00
363.3959,6.03,5.818496,60768.0,0.554681,1.59,0.14612804,0.02,2023-10-24 09:40:00
363.5032,6.08,5.8591723,61124.0,0.55195755,1.61,0.1430148,0.01,2023-10-24 09:45:00
358.793,6.1,5.7794976,60859.0,0.5323039,1.57,0.15533602,0.02,2023-10-24 09:50:00
362.5317,5.99,5.693663,58475.0,0.5721752,1.57,0.1398791,0.01,2023-10-24 09:55:00
359.58292,4.67,5.913958,52246.0,0.62431616,1.21,0.0,0.05,2023-10-24 10:00:00
361.23477,4.57,5.8110666,46672.0,0.7089208,1.2,-0.0043648016,0.01,2023-10-24 10:05:00
359.20334,4.2,5.737552,43254.0,0.751629,1.08,-0.0409586,0.04,2023-10-24 10:10:00
359.13333,3.97,5.8578925,40898.0,0.7944458,1.02,-0.08618615,0.07,2023-10-24 10:15:00
369.5099,3.79,5.9364467,39032.0,0.90960824,1.03,-0.13667715,0.03,2023-10-24 10:20:00
357.26776,5.46,6.028582,49141.0,0.6505504,1.39,0.041392695,0.02,2023-10-24 10:30:00
363.3444,5.69,6.0720344,54877.0,0.6139546,1.5,0.07188199,0.02,2023-10-24 10:35:00
363.76105,5.81,6.0527263,54379.0,0.62179154,1.54,0.07918126,0.02,2023-10-24 10:40:00
360.90964,5.68,6.0310116,56193.0,0.58715725,1.48,0.07554698,0.05,2023-10-24 10:45:00
363.11307,5.78,5.735303,56280.0,0.5974637,1.52,0.08278538,0.31,2023-10-24 10:50:00
371.3172,7.96,5.070582,51939.0,0.69402975,2.19,0.3344538,0.1,2023-10-24 10:55:00
371.3172,7.96,5.079163,51939.0,0.69402975,2.19,0.35024804,0.08,2023-10-24 11:00:00
367.09656,8.36,4.890051,56280.0,0.61810505,2.25,0.4265113,0.09,2023-10-24 11:05:00
367.09656,8.36,4.7689934,56280.0,0.61810505,2.25,0.4199558,0.09,2023-10-24 11:10:00
367.8107,8.83,4.6545677,48797.0,0.7172172,2.39,0.48000696,0.02,2023-10-24 11:25:00
382.10724,7.77,5.2180552,29262.0,1.3467717,2.27,0.27415785,0.21,2023-10-24 11:35:00
379.81702,7.18,5.3763275,36598.0,1.0568492,2.07,0.23804612,0.17,2023-10-24 11:40:00
377.73856,7.81,5.127212,44104.0,0.8621322,2.23,0.3324385,0.01,2023-10-24 11:45:00
368.9043,6.41,5.617971,46157.0,0.76527953,1.75,0.16731733,0.22,2023-10-24 12:00:00
363.16476,6.26,5.533733,52294.0,0.6432892,1.65,0.19865711,0.09,2023-10-24 12:05:00
365.25824,5.63,5.451688,47451.0,0.7217449,1.51,0.14612804,0.1,2023-10-24 12:10:00
364.96368,5.59,5.845939,48134.0,0.709719,1.49,0.10720996,0.22,2023-10-24 12:15:00
364.0206,5.45,5.981613,46086.0,0.7353114,1.44,0.045322984,0.01,2023-10-24 12:20:00
362.05908,5.07,6.00638,43454.0,0.7668419,1.33,0.00432137,0.01,2023-10-24 12:25:00
362.613,5.24,5.97704,44432.0,0.7535405,1.38,0.02118928,0.03,2023-10-24 12:35:00
366.0317,6.11,5.700114,37626.0,0.91622233,1.64,0.12385166,0.12,2023-10-24 12:40:00
366.40717,5.65,5.66302,34328.0,1.0074571,1.52,0.07554698,0.03,2023-10-24 12:45:00
370.0725,6.0,5.6665425,30153.0,1.1830459,1.64,0.08990512,0.03,2023-10-24 12:50:00
370.59067,6.35,5.42485,33959.0,1.0550396,1.74,0.16435286,0.12,2023-10-24 12:55:00
372.32535,7.03,5.3622947,40498.0,0.8976432,1.95,0.23552847,0.18,2023-10-24 13:00:00
364.42505,5.79,5.6484513,46349.0,0.7336707,1.54,0.12057395,0.03,2023-10-24 13:05:00
362.31064,5.84,5.53898,49150.0,0.67943996,1.53,0.14612804,0.08,2023-10-24 13:10:00
354.4971,6.16,5.4377017,63518.0,0.49125016,1.56,0.22271647,0.04,2023-10-24 13:15:00
359.04663,6.57,5.34713,80263.0,0.40450555,1.7,0.2988531,0.06,2023-10-24 13:20:00
362.72903,6.68,5.1701646,55058.0,0.6087158,1.76,0.26481783,0.25,2023-10-24 13:25:00
365.18192,6.93,5.070641,55702.0,0.6144347,1.85,0.32633585,0.21,2023-10-24 13:30:00
363.58743,7.27,4.845008,58795.0,0.57423574,1.92,0.39093512,0.16,2023-10-24 13:35:00
367.37323,7.79,4.764137,47013.0,0.74168074,2.1,0.39619938,0.07,2023-10-24 13:40:00
366.33545,8.14,4.391002,49141.0,0.7033417,2.18,0.47856653,0.07,2023-10-24 13:45:00
356.5897,6.73,5.4036837,70235.0,0.4524839,1.71,0.29666522,0.27,2023-10-24 13:55:00
352.19617,5.95,5.5258846,63354.0,0.48263827,1.48,0.1903317,0.09,2023-10-24 14:00:00
344.51285,5.78,5.3367405,75923.0,0.37601247,1.37,0.22010809,0.13,2023-10-24 14:05:00
325.69073,3.44,5.3315477,42807.0,0.5598913,0.73,-0.07058106,0.03,2023-10-24 14:15:00
331.5664,4.24,5.2182183,42807.0,0.5919383,0.93,0.045322984,0.05,2023-10-24 14:20:00
333.16187,4.22,5.2712426,60796.0,0.42306408,0.94,0.06818584,0.04,2023-10-24 14:25:00
330.1964,3.62,5.4773808,31566.0,0.7924539,0.79,-0.10237289,0.06,2023-10-24 14:35:00
335.47998,4.28,5.605899,37025.0,0.7098398,0.97,-0.031517047,0.05,2023-10-24 14:40:00
338.5742,4.41,5.4887795,37288.0,0.72526807,1.02,-0.008773916,0.02,2023-10-24 14:45:00
342.37012,4.93,5.4319425,45311.0,0.617927,1.16,0.10720996,0.18,2023-10-24 14:50:00
349.90347,6.43,4.8378196,53706.0,0.5578832,1.57,0.3138672,0.17,2023-10-24 14:55:00
349.33884,6.03,5.06855,48735.0,0.6117047,1.47,0.23804612,0.01,2023-10-24 15:00:00
349.37137,5.82,5.050792,48123.0,0.6196635,1.42,0.22271647,0.01,2023-10-24 15:05:00
351.14243,6.22,4.9913726,50182.0,0.603666,1.53,0.26481783,0.03,2023-10-24 15:10:00
352.24045,6.43,4.9949274,51056.0,0.59912705,1.6,0.28780174,0.03,2023-10-24 15:15:00
347.55917,5.75,5.10488,45292.0,0.6478229,1.38,0.20139715,0.06,2023-10-24 15:20:00
344.90454,5.95,5.0809546,49056.0,0.58400935,1.42,0.23299614,0.1,2023-10-24 15:25:00
347.81622,5.99,5.047068,44104.0,0.6668056,1.45,0.22788674,0.02,2023-10-24 15:30:00
346.70996,6.09,5.0603657,48114.0,0.60519993,1.47,0.24054927,0.01,2023-10-24 15:35:00
346.40576,6.16,5.0576873,48304.0,0.60117453,1.48,0.24551268,0.01,2023-10-24 15:40:00
351.77942,7.5,4.207945,50158.0,0.6073722,1.86,0.4456042,0.37,2023-10-24 15:45:00
352.70175,8.06,4.5817137,49346.0,0.62241954,2.01,0.41497335,0.08,2023-10-24 15:50:00
347.20578,6.55,4.9774194,46936.0,0.62315524,1.58,0.26951295,0.04,2023-10-24 15:55:00
343.9838,6.33,3.5932298,53008.0,0.5359899,1.5,0.44404483,0.5,2023-10-24 16:00:00
358.49637,10.28,3.2223127,42486.0,0.76053715,2.64,0.8388491,0.04,2023-10-24 16:05:00
359.56592,11.36,3.1603956,39032.0,0.835551,2.94,0.8932068,0.01,2023-10-24 16:15:00
359.93723,11.37,3.1768224,36315.0,0.90095496,2.95,0.8870544,0.02,2023-10-24 16:20:00
359.0928,10.74,3.3295796,39032.0,0.8321333,2.77,0.82151353,0.1,2023-10-24 16:30:00
358.2509,10.46,3.4750252,37812.0,0.8527282,2.69,0.781037,0.04,2023-10-24 16:35:00
360.28348,11.96,2.9698148,34156.0,0.96077573,3.11,0.9907827,0.31,2023-10-24 16:40:00
361.35336,12.89,2.6586652,33977.0,0.97479403,3.37,1.0881362,0.02,2023-10-24 16:45:00
361.2227,12.72,2.6830206,32780.0,1.0092528,3.32,1.0711453,0.06,2023-10-24 16:55:00
360.706,12.67,2.8618176,32700.0,1.0072235,3.3,1.002166,0.07,2023-10-24 17:00:00
360.97342,12.59,3.120561,30808.0,1.071549,3.28,0.92272544,0.09,2023-10-24 17:05:00
361.04434,12.54,3.2543817,30786.0,1.0729709,3.27,0.88422877,0.13,2023-10-24 17:10:00
360.00507,12.04,3.2999547,32474.0,1.0081105,3.12,0.8591383,0.06,2023-10-24 17:15:00
358.03726,11.9,3.2175455,34467.0,0.9337494,3.05,0.8920946,0.03,2023-10-24 17:20:00
358.44025,12.21,3.1227393,32414.0,0.9963731,3.14,0.91062444,0.05,2023-10-24 17:25:00
358.42294,12.02,3.2476146,33411.0,0.96649563,3.09,0.8932068,0.05,2023-10-24 17:30:00
359.20682,12.4,3.304754,30901.0,1.0521324,3.2,0.8750613,0.04,2023-10-24 17:35:00
358.26712,12.19,3.3316362,31450.0,1.0253706,3.13,0.86093664,0.02,2023-10-24 17:40:00
357.56522,11.3,3.5014427,34558.0,0.92747366,2.89,0.79098845,0.01,2023-10-24 17:45:00
354.26736,10.71,3.7357998,41056.0,0.7584842,2.68,0.7323938,0.06,2023-10-24 17:50:00
355.37424,10.06,3.9732733,42653.0,0.7372095,2.54,0.651278,0.11,2023-10-24 17:55:00
357.20535,10.17,3.86413,42925.0,0.7443523,2.6,0.68394715,0.06,2023-10-24 18:00:00
357.65662,10.46,3.705739,41039.0,0.781626,2.68,0.7234557,0.09,2023-10-24 18:05:00
354.03815,11.05,3.7374055,33664.0,0.9231714,2.77,0.72509456,0.07,2023-10-24 18:10:00
352.46838,11.54,3.4537807,32436.0,0.9449592,2.87,0.80821097,0.1,2023-10-24 18:15:00
350.52072,11.22,3.4255657,39464.0,0.7633924,2.76,0.813581,0.11,2023-10-24 18:20:00
345.2914,8.97,4.248976,41855.0,0.686879,2.14,0.5575072,0.15,2023-10-24 18:25:00
341.35553,7.93,4.5575433,43863.0,0.6324556,1.84,0.43775058,0.04,2023-10-24 18:30:00
341.7266,8.1,4.46325,45040.0,0.61801475,1.89,0.46834734,0.1,2023-10-24 18:35:00
341.058,7.61,4.395782,51845.0,0.533633,1.77,0.4199558,0.12,2023-10-24 18:40:00
344.3073,6.99,4.728266,50363.0,0.5657927,1.66,0.35602587,0.08,2023-10-24 18:45:00
339.0034,6.68,4.8766894,47516.0,0.57140034,1.53,0.31175387,0.05,2023-10-24 18:50:00
338.5341,6.71,4.901163,50065.0,0.5399745,1.54,0.3138672,0.02,2023-10-24 18:55:00
338.34412,6.86,4.911802,50085.0,0.5388165,1.57,0.32428244,0.03,2023-10-24 19:00:00
336.9495,6.91,4.785394,53022.0,0.502468,1.57,0.3424227,0.14,2023-10-24 19:05:00
340.97165,6.44,4.992835,61180.0,0.45185357,1.5,0.3138672,0.05,2023-10-24 19:10:00
339.5535,6.62,4.7017126,51585.0,0.5289919,1.53,0.346353,0.01,2023-10-24 19:20:00
341.44077,7.83,4.3310156,51566.0,0.5383969,1.83,0.4756712,0.14,2023-10-24 19:30:00
339.962,6.79,4.392414,43687.0,0.6269685,1.58,0.3384565,0.22,2023-10-24 19:35:00
345.7861,6.41,4.419265,47110.0,0.61298513,1.53,0.3138672,0.18,2023-10-24 19:40:00
350.0414,6.12,5.040347,48606.0,0.6171761,1.5,0.24054927,0.21,2023-10-24 19:45:00
354.96396,8.87,4.1126394,44201.0,0.7088376,2.24,0.5854607,0.45,2023-10-24 19:50:00
351.1453,5.97,4.9134207,51102.0,0.5928133,1.47,0.25767857,0.07,2023-10-24 19:55:00
348.98862,6.05,4.8449664,54650.0,0.5437966,1.47,0.28780174,0.04,2023-10-24 20:00:00
348.88547,6.43,4.5056853,49678.0,0.59767205,1.56,0.37474835,0.37,2023-10-24 20:05:00
324.12567,4.42,4.898949,40824.0,0.57834977,0.95,0.16731733,0.51,2023-10-24 20:10:00
319.53314,3.69,5.4727325,34428.0,0.65599644,0.76,-0.07572073,0.05,2023-10-24 20:15:00
319.84473,3.05,5.528698,24227.0,0.9350423,0.62,-0.20065947,0.03,2023-10-24 20:20:00
323.75082,3.71,5.5333714,37159.0,0.6331077,0.78,-0.08092192,0.02,2023-10-24 20:25:00
323.16003,3.77,5.467266,39151.0,0.59748834,0.79,-0.05551733,0.03,2023-10-24 20:30:00
323.15863,3.92,5.4279,36841.0,0.6349435,0.82,-0.0409586,0.01,2023-10-24 20:40:00
323.29895,3.82,5.4219093,36350.0,0.6443903,0.8,-0.05061,0.01,2023-10-24 20:45:00
325.9732,3.98,5.3909087,38669.0,0.6214806,0.84,-0.017728778,0.02,2023-10-24 20:50:00
328.59235,4.43,5.406163,49718.0,0.49555987,0.96,0.045322984,0.07,2023-10-24 21:05:00
328.77942,4.47,5.4395676,46342.0,0.53260416,0.97,0.041392695,0.01,2023-10-24 21:10:00
327.6708,4.77,5.3763,49379.0,0.4946189,1.03,0.08635984,0.03,2023-10-24 21:15:00
329.64966,4.89,5.3642707,50434.0,0.49343464,1.06,0.10037054,0.01,2023-10-24 21:20:00
331.14297,5.02,5.3557634,50890.0,0.49594232,1.1,0.11394334,0.02,2023-10-24 21:25:00
329.9118,4.6,5.429116,45493.0,0.5483819,1.0,0.053078443,0.06,2023-10-24 21:30:00
329.03503,4.12,5.497172,41620.0,0.5944673,0.89,-0.017728778,0.01,2023-10-24 21:35:00
335.13754,5.37,5.2342052,49343.0,0.5309445,1.21,0.15836251,0.13,2023-10-24 21:40:00
338.74976,6.74,4.871509,45930.0,0.58975554,1.55,0.31806332,0.07,2023-10-24 21:45:00
339.54483,6.99,4.773489,46558.0,0.586062,1.61,0.33645976,0.22,2023-10-24 21:50:00
331.75366,5.35,5.4301934,53008.0,0.47886503,1.18,0.13353892,0.07,2023-10-24 21:55:00
330.52676,5.09,5.3555202,53481.0,0.46918696,1.11,0.13033378,0.05,2023-10-24 22:00:00
333.04303,5.62,5.241555,53471.0,0.48048577,1.25,0.18752073,0.03,2023-10-24 22:05:00
334.9042,5.73,5.2055163,56728.0,0.46082452,1.29,0.21218762,0.03,2023-10-24 22:10:00
334.5084,5.55,5.3214374,52140.0,0.49953198,1.24,0.16731733,0.02,2023-10-24 22:15:00
334.93036,5.76,5.208176,53439.0,0.48930568,1.29,0.20412001,0.04,2023-10-24 22:20:00
334.81128,6.04,5.1514854,48570.0,0.5377616,1.36,0.22788674,0.01,2023-10-24 22:25:00
336.25327,6.35,5.0574102,49487.0,0.53490525,1.44,0.2624511,0.03,2023-10-24 22:30:00
337.20767,6.73,4.9775095,45898.0,0.5818435,1.53,0.29446626,0.03,2023-10-24 22:35:00
337.15005,6.55,4.9719815,44104.0,0.60518897,1.49,0.2787536,0.02,2023-10-24 22:40:00
335.21213,6.23,5.0244603,43607.0,0.60120046,1.4,0.24303806,0.03,2023-10-24 22:45:00
336.05316,5.45,5.097068,43902.0,0.6018371,1.23,0.17318627,0.05,2023-10-24 22:50:00
333.93088,5.25,5.1951327,52207.0,0.49621442,1.17,0.16435286,0.05,2023-10-24 22:55:00
332.84872,5.14,5.228575,54247.0,0.47275275,1.14,0.15228835,0.02,2023-10-24 23:00:00
332.00952,5.12,5.0666556,54398.0,0.46775007,1.13,0.17897695,0.1,2023-10-24 23:05:00
336.45905,7.09,4.264985,37136.0,0.7141674,1.61,0.4265113,0.16,2023-10-24 23:10:00
341.89197,8.52,3.8716147,34234.0,0.81431735,1.99,0.5820634,0.09,2023-10-24 23:15:00
345.75565,8.91,3.7595081,33164.0,0.8705168,2.13,0.6354838,0.12,2023-10-24 23:20:00
342.6744,11.93,3.4658763,26935.0,1.042377,2.8,0.85248,0.1,2023-10-24 23:25:00
342.36627,11.54,2.5776153,27712.0,1.0103173,2.71,1.0413927,0.12,2023-10-24 23:30:00
342.42938,11.05,2.6716287,28782.0,0.973316,2.59,1.0098757,0.03,2023-10-24 23:35:00
341.80307,11.61,1.219057,27524.0,1.0120181,2.71,1.4316854,0.33,2023-10-24 23:40:00
340.8031,12.29,1.3572767,24123.0,1.1442145,2.85,1.371622,0.2,2023-10-24 23:45:00
342.28555,12.09,1.2804686,25082.0,1.115436,2.83,1.3956759,0.18,2023-10-24 23:50:00
342.07974,12.83,1.2941792,23216.0,1.2028353,3.0,1.5830855,0.07,2023-10-24 23:55:00
342.58716,12.54,1.4296852,22536.0,1.2448609,2.94,1.6203444,0.07,2023-10-25 00:00:00
342.15768,12.48,1.2979984,22726.0,1.229642,2.92,1.673666,0.08,2023-10-25 00:05:00
342.3553,12.26,1.360882,22827.0,1.2264035,2.87,1.6242822,0.09,2023-10-25 00:10:00
342.15775,12.32,1.2308128,22770.0,1.2272667,2.88,1.8004421,0.12,2023-10-25 00:15:00
341.98785,11.87,1.2668465,24152.0,1.1552538,2.78,1.6219031,0.09,2023-10-25 00:20:00
343.52744,11.08,0.9729337,29779.0,0.950152,2.61,1.7777892,0.33,2023-10-25 00:25:00
337.8781,10.61,1.1807201,27022.0,0.99441534,2.42,1.6708024,0.58,2023-10-25 00:30:00
337.16806,10.31,1.7747958,27707.0,0.96349984,2.34,1.3304138,0.08,2023-10-25 00:35:00
336.62485,10.33,1.8958112,25924.0,1.0246115,2.34,1.2732329,0.04,2023-10-25 00:40:00
331.04294,9.76,1.8913224,21204.0,1.1891519,2.15,1.2268577,0.05,2023-10-25 00:45:00
337.08768,10.36,1.936853,25874.0,1.0309919,2.36,1.2474823,0.03,2023-10-25 00:50:00
336.97705,10.18,1.9572686,25528.0,1.0438985,2.31,1.2229764,0.06,2023-10-25 00:55:00
337.21497,10.15,2.000625,28023.0,0.9530476,2.31,1.2159019,0.24,2023-10-25 01:00:00
340.903,9.07,2.7108855,26816.0,1.0302461,2.11,0.8876173,0.07,2023-10-25 01:05:00
339.27567,9.22,2.5909264,26250.0,1.0368992,2.12,0.9395193,0.07,2023-10-25 01:10:00
338.87845,9.3,2.6118574,24200.0,1.1206415,2.14,0.90200293,0.09,2023-10-25 01:15:00
337.5147,9.4,2.5846858,24931.0,1.0742137,2.14,0.9116902,0.07,2023-10-25 01:20:00
338.02026,9.18,2.6879358,25676.0,1.0479164,2.1,0.90633506,0.03,2023-10-25 01:25:00
338.8862,9.44,2.1856349,27707.0,0.9788666,2.17,1.0413927,0.14,2023-10-25 01:30:00
336.2577,9.79,1.9172376,28228.0,0.93779016,2.21,1.2617387,0.12,2023-10-25 01:35:00
334.67294,10.25,1.7414361,28752.0,0.90725857,2.29,1.3500541,0.09,2023-10-25 01:40:00
334.74365,10.16,1.812043,28490.0,0.91620433,2.28,1.333044,0.13,2023-10-25 01:45:00
334.54623,10.17,1.8810635,28123.0,0.9264576,2.28,1.2709117,0.06,2023-10-25 01:50:00
336.23398,10.03,1.7751056,28073.0,0.942761,2.27,1.308351,0.08,2023-10-25 01:55:00
338.51807,10.03,1.8148553,28273.0,0.95603025,2.3,1.2886963,0.1,2023-10-25 02:00:00
337.4128,10.04,1.8196977,28736.0,0.931099,2.28,1.2915909,0.04,2023-10-25 02:05:00
339.18137,9.8,1.8052423,28985.0,0.938246,2.25,1.265761,0.02,2023-10-25 02:10:00
338.5774,9.79,1.8269373,28765.0,0.9401909,2.25,1.2598327,0.04,2023-10-25 02:15:00
338.59216,9.79,1.8509457,28980.0,0.9333424,2.24,1.2504201,0.05,2023-10-25 02:20:00
336.36432,9.9,1.8343663,27974.0,0.9472397,2.24,1.2201082,0.1,2023-10-25 02:25:00
337.49,9.76,1.9160637,28058.0,0.9542774,2.22,1.2312148,0.13,2023-10-25 02:30:00
339.189,9.65,1.8140838,27879.0,0.97553587,2.22,1.2828487,0.15,2023-10-25 02:35:00
337.6604,9.93,1.687187,28752.0,0.9327082,2.26,1.3932242,0.06,2023-10-25 02:40:00
337.14722,9.76,1.6068915,28489.0,0.93687207,2.22,1.4082401,0.14,2023-10-25 02:50:00
336.52768,9.6,1.9941415,26680.0,0.994684,2.17,1.1604686,0.08,2023-10-25 02:55:00
337.2463,9.93,1.758778,27447.0,0.9733297,2.26,1.3126005,0.08,2023-10-25 03:00:00
336.76407,10.02,1.7607101,27448.0,0.9689683,2.27,1.2909247,0.05,2023-10-25 03:05:00
336.65143,10.05,1.6392987,27966.0,0.95003057,2.28,1.3800303,0.04,2023-10-25 03:10:00
333.71426,9.94,1.9913062,25428.0,1.0167371,2.21,1.1702617,0.15,2023-10-25 03:15:00
335.66235,9.98,1.7832836,27959.0,0.94160455,2.25,1.3053515,0.17,2023-10-25 03:20:00
336.06848,9.77,1.8920095,26656.0,0.99135655,2.21,1.2474823,0.1,2023-10-25 03:25:00
334.04205,9.43,2.5430298,23961.0,1.082289,2.1,0.9609462,0.03,2023-10-25 03:30:00
334.46173,9.44,2.581666,24323.0,1.070357,2.11,0.9537597,0.05,2023-10-25 03:35:00
335.05,9.3,2.7624989,24498.0,1.06854,2.09,0.89042103,0.03,2023-10-25 03:40:00
334.83627,9.28,2.777427,24405.0,1.0704834,2.08,0.88592637,0.06,2023-10-25 03:45:00
335.02756,8.97,2.8834875,23242.0,1.1260494,2.01,0.82542616,0.02,2023-10-25 03:50:00
334.62582,9.36,2.8802257,23814.0,1.0949051,2.1,0.85430604,0.03,2023-10-25 03:55:00
334.30356,9.22,2.8800867,23600.0,1.1015246,2.06,0.8450981,0.03,2023-10-25 04:00:00
333.01358,8.91,2.9818954,22915.0,1.1208806,1.98,0.79657435,0.06,2023-10-25 04:05:00
333.3148,8.99,3.1078126,24009.0,1.0728216,2.0,0.76789767,0.08,2023-10-25 04:10:00
333.19885,8.67,3.1847293,24241.0,1.0614038,1.92,0.72427595,0.03,2023-10-25 04:15:00
334.59116,8.76,3.1348045,24443.0,1.0663855,1.96,0.7505084,0.01,2023-10-25 04:20:00
334.6173,8.72,3.253629,24686.0,1.0561453,1.95,0.7275413,0.06,2023-10-25 04:35:00
334.4487,8.45,3.3437405,23718.0,1.0975264,1.89,0.6821451,0.02,2023-10-25 04:45:00
332.19455,8.76,2.9979491,22144.0,1.1510494,1.93,0.7481881,0.07,2023-10-25 04:50:00
331.9944,8.85,3.2297833,24686.0,1.0305865,1.95,0.74350977,0.03,2023-10-25 04:55:00
332.5915,8.65,3.3022416,18771.0,1.3629415,1.91,0.68752897,0.05,2023-10-25 05:00:00
330.46466,9.13,3.2684708,18454.0,1.358942,1.99,0.71933126,0.12,2023-10-25 05:10:00
330.97833,9.36,3.0259047,19169.0,1.3145944,2.05,0.79098845,0.03,2023-10-25 05:15:00
329.86044,9.17,3.0470643,19684.0,1.2667876,1.99,0.7824726,0.01,2023-10-25 05:20:00
330.16455,8.84,3.2429926,18688.0,1.338136,1.93,0.71600336,0.2,2023-10-25 05:25:00
331.46378,8.34,3.541892,17494.0,1.4470502,1.83,0.6106602,0.02,2023-10-25 05:30:00
331.9801,7.77,3.5770798,21532.0,1.1813884,1.71,0.5646661,0.06,2023-10-25 05:35:00
330.7024,7.67,3.8171325,23914.0,1.0510209,1.68,0.52113813,0.07,2023-10-25 05:40:00
331.02863,7.69,3.9195664,17648.0,1.428569,1.68,0.48287362,0.06,2023-10-25 05:45:00
330.5742,7.75,3.8458028,18544.0,1.3537422,1.69,0.50242716,0.05,2023-10-25 05:50:00
330.86383,7.75,3.7445028,19304.0,1.3039955,1.7,0.5250448,0.03,2023-10-25 05:55:00
330.88034,7.73,3.7959058,22242.0,1.1319234,1.69,0.52244425,0.05,2023-10-25 06:00:00
330.663,7.57,3.9878566,17118.0,1.4677411,1.65,0.4578819,0.02,2023-10-25 06:05:00
331.0605,7.35,4.0692263,15975.0,1.5786505,1.61,0.4232459,0.03,2023-10-25 06:10:00
332.77158,7.1,4.198309,14924.0,1.7171618,1.57,0.37839794,0.05,2023-10-25 06:15:00
332.98004,6.92,4.257065,15056.0,1.7054284,1.54,0.3598355,0.03,2023-10-25 06:20:00
332.768,6.92,4.247211,14989.0,1.7096583,1.53,0.35793486,0.05,2023-10-25 06:25:00
331.05444,7.44,4.336427,16671.0,1.5126569,1.63,0.38201708,0.01,2023-10-25 06:30:00
333.6939,6.72,4.3399653,14348.0,1.8015534,1.5,0.32428244,0.01,2023-10-25 06:35:00
331.06192,7.37,4.218981,15506.0,1.6264205,1.61,0.39619938,0.02,2023-10-25 06:55:00
332.87177,6.91,4.3084455,14956.0,1.7150939,1.53,0.346353,0.02,2023-10-25 07:00:00
333.27737,6.87,4.3263493,14689.0,1.7529016,1.53,0.3384565,0.01,2023-10-25 07:05:00
331.86606,6.76,4.304358,15160.0,1.6761518,1.49,0.33645976,0.03,2023-10-25 07:10:00
331.5536,6.81,4.3879037,15682.0,1.6156136,1.5,0.32837963,0.01,2023-10-25 07:15:00
329.6612,6.98,4.330462,15488.0,1.6069599,1.52,0.346353,0.01,2023-10-25 07:30:00
329.18698,7.06,4.32732,15878.0,1.5604804,1.53,0.35410845,0.01,2023-10-25 07:35:00
329.37366,7.02,4.3523903,15538.0,1.5974436,1.52,0.35024804,0.02,2023-10-25 07:40:00
329.52927,7.2,4.334628,15760.0,1.5772588,1.57,0.3598355,0.03,2023-10-25 07:45:00
329.12384,6.78,4.5031986,15557.0,1.5917282,1.47,0.30319607,0.03,2023-10-25 07:50:00
329.01364,6.82,4.516758,16074.0,1.5389273,1.48,0.30319607,0.01,2023-10-25 07:55:00
328.61295,6.84,4.516924,15980.0,1.5421185,1.48,0.30319607,0.01,2023-10-25 08:00:00
328.41327,6.88,4.522135,15878.0,1.5490915,1.48,0.30319607,0.01,2023-10-25 08:05:00
328.51163,7.01,4.5213494,15780.0,1.5601656,1.52,0.3138672,0.01,2023-10-25 08:10:00
330.92636,6.79,4.6183224,14857.0,1.695305,1.49,0.2787536,0.05,2023-10-25 08:15:00
331.3186,6.74,4.612721,15144.0,1.669321,1.48,0.2764618,0.05,2023-10-25 08:20:00
330.6295,6.78,4.563836,15973.0,1.572458,1.48,0.29003462,0.03,2023-10-25 08:35:00
330.22644,6.8,4.56422,15295.0,1.6359383,1.48,0.29003462,0.03,2023-10-25 08:40:00
329.2397,7.01,4.5245333,16137.0,1.5362002,1.52,0.31175387,0.02,2023-10-25 08:55:00
331.03482,6.85,4.5631566,16054.0,1.5705029,1.5,0.29446626,0.01,2023-10-25 09:00:00
325.9349,6.65,4.614694,14723.0,1.631681,1.41,0.26951295,0.06,2023-10-25 09:05:00
328.30682,6.65,4.6599784,15217.0,1.614751,1.43,0.2624511,0.05,2023-10-25 09:10:00
326.7422,7.18,4.482365,17284.0,1.4006569,1.53,0.33645976,0.03,2023-10-25 09:15:00
326.23477,6.77,4.6238184,16676.0,1.4447178,1.44,0.28103337,0.03,2023-10-25 09:20:00
328.23734,7.07,4.4883957,16492.0,1.4889327,1.52,0.32837963,0.06,2023-10-25 09:25:00
325.0104,6.61,4.6442866,15151.0,1.5716292,1.4,0.25042,0.06,2023-10-25 09:30:00
326.31012,6.72,4.625343,15682.0,1.5373956,1.43,0.27415785,0.05,2023-10-25 09:35:00
329.43683,6.98,4.43902,14723.0,1.6868777,1.52,0.29446626,0.03,2023-10-25 09:40:00
330.53214,7.08,4.5925593,15295.0,1.6406575,1.55,0.30319607,0.01,2023-10-25 09:45:00
330.83542,6.7,4.5982714,15034.0,1.6739129,1.47,0.26717174,0.09,2023-10-25 09:55:00
332.22464,6.74,4.5693436,15436.0,1.6517252,1.49,0.2787536,0.05,2023-10-25 10:00:00
334.52698,7.03,4.4861345,20129.0,1.2941576,1.57,0.3344538,0.01,2023-10-25 10:05:00
333.20978,7.03,4.54262,19349.0,1.3298942,1.56,0.3201463,0.05,2023-10-25 10:10:00
332.40445,7.18,4.533498,19552.0,1.3062096,1.59,0.3324385,0.03,2023-10-25 10:15:00
332.4005,7.08,4.5538774,19784.0,1.2908446,1.57,0.32221928,0.01,2023-10-25 10:20:00
332.7002,7.21,4.517101,19410.0,1.3194133,1.6,0.32837963,0.01,2023-10-25 10:25:00
331.40067,6.96,4.5785804,18606.0,1.3597598,1.53,0.30103,0.02,2023-10-25 10:30:00
331.20114,6.86,4.611963,19039.0,1.3263464,1.5,0.29003462,0.01,2023-10-25 10:35:00
331.70627,6.95,4.57116,19445.0,1.3048285,1.53,0.30319607,0.03,2023-10-25 10:45:00
330.40485,6.95,4.552285,18954.0,1.3223481,1.52,0.3138672,0.01,2023-10-25 10:50:00
329.9073,6.94,4.520299,18740.0,1.3311886,1.51,0.31806332,0.01,2023-10-25 11:00:00
329.3002,6.9,4.5247874,17691.0,1.4020605,1.5,0.30749604,0.03,2023-10-25 11:05:00
328.60342,6.85,4.5404406,14913.0,1.6523057,1.48,0.29003462,0.04,2023-10-25 11:15:00
328.40305,7.21,4.4964094,15488.0,1.587945,1.56,0.32633585,0.02,2023-10-25 11:20:00
328.40305,7.21,4.453886,15488.0,1.587945,1.56,0.33041382,0.03,2023-10-25 11:25:00
328.50626,7.21,4.4303837,15682.0,1.5698353,1.56,0.346353,0.03,2023-10-25 11:30:00
328.40445,7.13,4.507882,14913.0,1.649193,1.54,0.32633585,0.03,2023-10-25 11:35:00
325.10986,7.61,4.0879703,21461.0,1.1105934,1.6,0.6541766,0.8,2023-10-25 11:45:00
320.94937,8.65,2.120236,30151.0,0.7594347,1.78,0.9642596,0.47,2023-10-25 11:50:00
310.19415,7.22,2.0721729,27408.0,0.75133455,1.39,0.79657435,0.68,2023-10-25 11:55:00
307.2426,7.44,0.9792855,30836.0,0.64822686,1.41,0.65030754,0.27,2023-10-25 12:00:00
312.05237,8.24,0.834386,25696.0,0.81643176,1.61,0.70842093,0.09,2023-10-25 12:05:00
307.56998,7.97,1.0749884,27333.0,0.7337318,1.51,0.6803355,0.05,2023-10-25 12:10:00
316.66446,8.53,1.203578,26420.0,0.8311665,1.71,0.8020893,0.11,2023-10-25 12:15:00
310.6503,8.22,1.9082453,28651.0,0.72203374,1.6,0.72672725,0.33,2023-10-25 12:20:00
301.425,7.99,3.4650831,31589.0,0.596217,1.45,0.6414741,0.05,2023-10-25 12:25:00
300.9845,7.82,3.4706194,31728.0,0.59090865,1.42,0.6334685,0.05,2023-10-25 12:30:00
300.42303,7.45,3.582862,30903.0,0.60316783,1.34,0.580925,0.06,2023-10-25 12:35:00
299.43616,7.14,3.746692,30906.0,0.5969632,1.28,0.5276299,0.01,2023-10-25 12:40:00
299.01627,7.27,3.593842,31727.0,0.5789808,1.3,0.5490033,0.12,2023-10-25 12:45:00
298.05865,7.64,3.564239,32283.0,0.56335557,1.36,0.60206,0.01,2023-10-25 12:50:00
298.975,7.69,3.5474076,31175.0,0.58897954,1.37,0.60852605,0.01,2023-10-25 12:55:00
303.58212,7.79,3.5454054,31720.0,0.6070826,1.44,0.587711,0.04,2023-10-25 13:00:00
302.782,8.2,3.3373344,32883.0,0.58082026,1.5,0.65609825,0.12,2023-10-25 13:05:00
306.35397,8.05,2.8047817,29036.0,0.6822322,1.51,0.7596679,0.31,2023-10-25 13:10:00
306.2375,8.07,3.6795652,27130.0,0.7292981,1.52,0.5465427,0.28,2023-10-25 13:20:00
307.1063,8.27,3.562387,26683.0,0.7480839,1.55,0.6232493,0.22,2023-10-25 13:25:00
305.61755,8.34,3.5528157,25130.0,0.782389,1.56,0.6201361,0.15,2023-10-25 13:30:00
306.64105,7.85,3.9619312,22303.0,0.89078313,1.48,0.4899585,0.06,2023-10-25 13:50:00
314.40817,8.6,3.8121123,27535.0,0.7799529,1.71,0.5854607,0.07,2023-10-25 13:55:00
308.9759,8.46,3.8831687,28771.0,0.7070262,1.62,0.55022836,0.1,2023-10-25 14:00:00
309.58566,9.26,3.2242208,31122.0,0.6576403,1.78,0.7458552,0.32,2023-10-25 14:05:00
310.19818,9.52,2.3804622,22777.0,0.9041317,1.84,0.70415056,0.2,2023-10-25 14:10:00
314.2829,10.37,3.3563373,17837.0,1.2025216,2.05,0.73798734,0.02,2023-10-25 14:15:00
321.1691,9.94,3.366467,17766.0,1.2915992,2.05,0.7209858,0.06,2023-10-25 14:20:00
313.47968,10.15,3.3945987,17631.0,1.2069188,2.0,0.72672725,0.03,2023-10-25 14:25:00
314.03662,10.14,3.5163336,18338.0,1.1668175,2.0,0.68394715,0.05,2023-10-25 14:30:00
313.96616,10.19,3.8620462,16132.0,1.32545,2.01,0.6063814,0.35,2023-10-25 14:35:00
317.12015,9.43,4.5334864,13224.0,1.6680238,1.89,0.43456894,0.44,2023-10-25 14:40:00
319.10278,8.41,4.9934053,8676.0,2.5922186,1.71,0.2855573,0.03,2023-10-25 14:45:00
319.01834,8.6,5.033945,8567.0,2.6230376,1.75,0.28780174,0.01,2023-10-25 14:50:00
318.74155,8.28,5.064711,8282.0,2.7059803,1.68,0.26007143,0.01,2023-10-25 15:00:00
317.78247,9.47,5.056214,10068.0,2.205172,1.91,0.3344538,0.02,2023-10-25 15:05:00
317.47583,9.34,5.0155854,9672.0,2.2885702,1.88,0.32837963,0.05,2023-10-25 15:10:00
317.9898,8.73,5.0551457,9273.0,2.399094,1.77,0.29003462,0.04,2023-10-25 15:15:00
318.2604,8.7,5.050871,9054.0,2.4636388,1.76,0.28780174,0.05,2023-10-25 15:20:00
316.40268,11.0,5.0248384,11522.0,1.9009688,2.2,0.40483373,0.07,2023-10-25 15:25:00
318.5417,9.3,4.96535,9302.0,2.4045591,1.89,0.34044415,0.07,2023-10-25 15:30:00
315.6456,12.88,1.2993075,16439.0,1.3224785,2.57,1.1983821,1.15,2023-10-25 15:50:00
313.31403,13.98,1.4790539,21277.0,0.9984585,2.74,1.301681,0.28,2023-10-25 15:55:00
317.92358,13.73,2.608256,21601.0,1.029229,2.78,1.0799046,0.07,2023-10-25 16:00:00
318.6059,13.48,2.519087,21156.0,1.057915,2.74,0.91750556,0.24,2023-10-25 16:05:00
317.2477,13.39,3.0741503,20040.0,1.1020747,2.7,0.90955603,0.11,2023-10-25 16:10:00
317.61597,13.32,3.374389,20316.0,1.0910358,2.69,0.76267856,0.23,2023-10-25 16:15:00
318.66653,13.39,4.0334725,23682.0,0.9456345,2.72,0.72181064,0.19,2023-10-25 16:20:00
319.43497,13.89,4.041992,26935.0,0.8376852,2.84,0.7419391,0.11,2023-10-25 16:25:00
318.5533,12.69,4.168753,23321.0,0.9592108,2.58,0.65513843,0.06,2023-10-25 16:30:00
316.34998,12.38,4.640366,21334.0,1.0261369,2.48,0.54282546,0.1,2023-10-25 16:35:00
315.42108,12.39,4.3565583,20558.0,1.0551668,2.47,0.6074551,0.02,2023-10-25 16:40:00
315.74158,12.82,4.2642117,20040.0,1.0858688,2.56,0.5987905,0.05,2023-10-25 16:45:00
314.3121,12.18,4.559704,19385.0,1.1068138,2.41,0.5490033,0.03,2023-10-25 16:50:00
314.7218,12.25,4.1279655,19169.0,1.1238337,2.43,0.55022836,0.04,2023-10-25 16:55:00
313.81235,10.47,5.5825267,14981.0,1.4251095,2.06,0.29446626,0.23,2023-10-25 17:00:00
314.48337,11.92,4.9402227,17660.0,1.2169874,2.36,0.43616268,0.27,2023-10-25 17:05:00
315.46674,12.8,4.532869,18447.0,1.1764461,2.55,0.51454777,0.15,2023-10-25 17:10:00
315.59778,13.25,4.349816,19756.0,1.0999175,2.64,0.5587086,0.08,2023-10-25 17:15:00
314.98035,12.78,4.1392393,19314.0,1.1182512,2.54,0.5550945,0.1,2023-10-25 17:20:00
314.95966,12.7,3.6123815,19952.0,1.0822718,2.52,0.6304279,0.11,2023-10-25 17:25:00
316.20255,13.88,2.876404,22514.0,0.97094536,2.78,0.7299743,0.32,2023-10-25 17:30:00
317.24902,14.53,2.8691635,24401.0,0.90512127,2.92,1.0174507,0.17,2023-10-25 17:35:00
316.1448,14.92,2.8656237,21923.0,0.9965532,2.99,1.0277572,0.14,2023-10-25 17:40:00
319.36526,14.15,3.0120258,21935.0,1.0279337,2.88,0.8260748,0.29,2023-10-25 17:45:00
322.73636,14.34,3.6840465,21383.0,1.0895072,2.99,0.8228217,0.09,2023-10-25 17:50:00
322.169,14.32,3.3120086,22411.0,1.0338528,2.97,0.9036325,0.14,2023-10-25 17:55:00
323.52325,14.5,3.23736,22419.0,1.0470679,3.04,0.9294189,0.18,2023-10-25 18:00:00
325.09845,15.33,2.715253,23568.0,1.011195,3.24,1.0795431,0.16,2023-10-25 18:05:00
326.37738,15.34,2.3855608,23723.0,1.0169419,3.26,1.1338582,0.5,2023-10-25 18:10:00
325.9989,16.84,1.2901938,25974.0,0.9254612,3.58,1.6072406,0.17,2023-10-25 18:15:00
329.7455,16.29,2.3737311,24853.0,1.0022299,3.54,1.2641093,0.14,2023-10-25 18:20:00
331.33112,16.64,2.1484878,25366.0,0.9967347,3.65,1.337659,0.14,2023-10-25 18:25:00
329.25922,16.67,1.8359739,25638.0,0.9670895,3.62,1.4566697,0.09,2023-10-25 18:30:00
323.45053,12.81,3.8497405,20706.0,1.1328984,2.68,0.7126497,0.36,2023-10-25 18:35:00
323.04498,13.43,4.2602115,18954.0,1.2327929,2.8,0.66370094,0.03,2023-10-25 18:40:00
323.04498,13.43,4.225127,18954.0,1.2327929,2.8,0.666518,0.03,2023-10-25 18:45:00
322.98663,13.3,4.061958,20350.0,1.1475781,2.79,0.6794279,0.36,2023-10-25 18:50:00
324.08792,14.73,3.2256784,22528.0,1.0476738,3.11,0.8331471,1.05,2023-10-25 18:55:00
328.6458,17.71,1.6957299,25425.0,0.969547,3.83,1.5309677,0.09,2023-10-25 19:00:00
328.49734,17.59,1.066724,25178.0,0.9776823,3.8,1.6840371,0.12,2023-10-25 19:05:00
322.15146,13.52,3.8562288,21053.0,1.100354,2.81,0.61489725,1.31,2023-10-25 19:10:00
321.13852,12.59,4.67954,20158.0,1.1379974,2.59,0.5440681,0.09,2023-10-25 19:15:00
321.52322,13.2,4.2561603,21840.0,1.0542767,2.73,0.6683859,0.1,2023-10-25 19:20:00
320.62704,13.1,4.301883,20483.0,1.1143976,2.69,0.6384893,0.04,2023-10-25 19:25:00
318.19223,12.76,4.5266104,17405.0,1.2807189,2.58,0.5658479,0.07,2023-10-25 19:30:00
317.27042,13.39,4.2129564,16441.0,1.3436224,2.7,0.6589649,0.36,2023-10-25 19:35:00
315.9615,12.84,4.241851,15464.0,1.4102448,2.56,0.6263404,0.21,2023-10-25 19:40:00
314.775,12.82,4.28782,12976.0,1.6610743,2.54,0.61278385,0.12,2023-10-25 19:45:00
314.93854,12.96,4.227931,12863.0,1.6783787,2.57,0.6294097,0.05,2023-10-25 19:50:00
314.9686,12.89,4.264809,12293.0,1.7567232,2.56,0.61700034,0.03,2023-10-25 19:55:00
315.11722,14.17,3.8472586,12092.0,1.7885488,2.82,0.74350977,0.16,2023-10-25 20:00:00
315.65314,14.75,3.6708171,10827.0,2.008113,2.94,0.80002934,0.07,2023-10-25 20:10:00
315.43976,14.5,3.7526658,10187.0,2.1297848,2.89,0.76789767,0.08,2023-10-25 20:15:00
313.6211,14.02,4.1639643,9990.0,2.1330414,2.76,0.68394715,0.15,2023-10-25 20:20:00
313.07562,13.97,4.2995234,10147.0,2.0886886,2.74,0.6201361,0.14,2023-10-25 20:25:00
314.46518,13.52,4.759002,10252.0,2.095994,2.67,0.53655845,0.02,2023-10-25 20:30:00
300.28244,11.04,4.814042,7803.0,2.3853076,2.02,0.43456894,0.1,2023-10-25 20:35:00
314.46533,13.84,4.7000213,10410.0,2.0641847,2.74,0.56110144,0.25,2023-10-25 20:40:00
313.53787,14.32,4.4604263,11233.0,1.8954413,2.82,0.6211763,0.08,2023-10-25 20:45:00
315.67767,15.27,4.249388,14389.0,1.51137,3.04,0.6884199,0.09,2023-10-25 20:50:00
317.915,14.77,3.51447,14240.0,1.5611316,2.99,0.62531245,0.18,2023-10-25 20:55:00
320.4703,14.64,4.8675556,14677.0,1.552871,3.0,0.56110144,0.24,2023-10-25 21:00:00
327.0885,13.61,5.644546,13930.0,1.7436409,2.91,0.39967373,0.12,2023-10-25 21:05:00
328.8796,13.62,5.930101,18360.0,1.3456078,2.95,0.37106785,0.03,2023-10-25 21:10:00
328.44843,13.67,5.8733807,18672.0,1.3177308,2.95,0.376577,0.09,2023-10-25 21:15:00
329.15533,13.3,5.86793,18596.0,1.3320011,2.88,0.37106785,0.08,2023-10-25 21:20:00
330.04343,14.04,5.7139916,19446.0,1.2845078,3.06,0.41830128,0.07,2023-10-25 21:25:00
339.09338,11.8,5.5312023,23124.0,1.1751039,2.71,0.38021126,0.07,2023-10-25 21:30:00
334.1324,12.09,5.46755,24445.0,1.0617535,2.7,0.39967373,0.23,2023-10-25 21:35:00
335.48566,12.41,5.325843,24765.0,1.0613041,2.79,0.4409091,0.08,2023-10-25 21:40:00
339.6921,11.86,5.651301,23728.0,1.1514978,2.73,0.36921585,0.23,2023-10-25 21:45:00
334.6351,12.06,6.0026073,24066.0,1.0835334,2.7,0.32837963,0.14,2023-10-25 21:50:00
334.42117,11.86,5.9245677,23005.0,1.1312524,2.65,0.32633585,0.07,2023-10-25 21:55:00
334.656,12.54,5.7458596,22536.0,1.1573211,2.81,0.36172783,0.2,2023-10-25 22:00:00
329.2193,13.9,5.169584,21611.0,1.1468642,3.01,0.5118834,0.07,2023-10-25 22:05:00
329.29205,14.55,5.189345,21691.0,1.1434209,3.15,0.51587385,0.16,2023-10-25 22:10:00
326.06067,14.09,5.713327,17666.0,1.3614917,3.0,0.40823996,0.38,2023-10-25 22:15:00
338.634,12.63,4.7341104,44457.0,0.60864824,2.9,0.5118834,0.22,2023-10-25 22:20:00
339.2832,12.42,5.26777,41575.0,0.65473205,2.86,0.46538287,0.09,2023-10-25 22:25:00
342.98553,12.87,5.147912,47398.0,0.59403044,3.03,0.50920254,0.02,2023-10-25 22:30:00
344.48642,13.43,5.142616,48598.0,0.5872913,3.19,0.54157925,0.09,2023-10-25 22:35:00
340.66373,12.82,5.1987977,39340.0,0.700731,2.98,0.5289167,0.31,2023-10-25 22:40:00
333.97104,13.64,5.794532,34947.0,0.74156773,3.05,0.43456894,0.11,2023-10-25 22:45:00
335.5605,14.12,5.708914,36910.0,0.71258336,3.18,0.47129175,0.04,2023-10-25 22:50:00
335.3463,13.35,5.7630286,34558.0,0.75957036,3.0,0.43933272,0.09,2023-10-25 23:00:00
332.628,13.11,5.9304724,32845.0,0.7791905,2.9,0.39619938,0.15,2023-10-25 23:05:00
335.55527,12.76,5.9371204,37867.0,0.69454104,2.87,0.36921585,0.28,2023-10-25 23:10:00
334.0341,11.26,6.454549,38362.0,0.6759502,2.51,0.26481783,0.06,2023-10-25 23:15:00
334.30008,12.67,4.8828273,46424.0,0.5599504,2.84,0.5587086,0.78,2023-10-25 23:20:00
335.60324,12.98,4.650688,50780.0,0.51815456,2.93,0.60206,0.21,2023-10-25 23:25:00
333.95187,13.4,5.0382137,52650.0,0.49213558,2.99,0.6294097,0.19,2023-10-25 23:30:00
331.83704,12.6,5.7596354,47771.0,0.53177744,2.77,0.4771213,0.25,2023-10-25 23:35:00
330.01178,12.33,5.646291,46086.0,0.5418366,2.69,0.44715804,0.02,2023-10-25 23:40:00
329.5097,12.26,5.798224,47094.0,0.52773184,2.66,0.4329693,0.06,2023-10-25 23:45:00
329.21756,12.24,5.82759,45421.0,0.5456612,2.65,0.4065402,0.07,2023-10-25 23:50:00
328.124,12.28,5.8227487,45753.0,0.53611976,2.64,0.41830128,0.04,2023-10-25 23:55:00
328.9506,12.46,5.8584213,47094.0,0.5249493,2.7,0.4297523,0.04,2023-10-26 00:00:00
328.2936,12.29,5.8816404,43778.0,0.5612084,2.65,0.40993312,0.04,2023-10-26 00:05:00
330.12955,11.87,5.848598,48797.0,0.51230264,2.59,0.3944517,0.07,2023-10-26 00:10:00
329.32892,12.0,5.7959466,47442.0,0.5229666,2.6,0.4199558,0.07,2023-10-26 00:15:00
328.73212,12.3,5.6795335,46990.0,0.5250242,2.66,0.4424798,0.07,2023-10-26 00:20:00
329.04404,12.64,5.497108,48797.0,0.507077,2.74,0.4424798,0.24,2023-10-26 00:25:00
333.90924,13.02,4.6639576,52067.0,0.49744835,2.9,0.5774918,0.42,2023-10-26 00:30:00
333.19238,11.77,5.693268,46037.0,0.5588535,2.61,0.38201708,0.14,2023-10-26 00:35:00
333.56332,11.92,5.3039227,46866.0,0.55087286,2.65,0.4329693,0.3,2023-10-26 00:40:00
335.39578,12.36,5.999108,50758.0,0.5173822,2.78,0.40483373,0.17,2023-10-26 00:45:00
337.29825,12.26,5.9324365,46026.0,0.58071065,2.79,0.39794004,0.11,2023-10-26 00:50:00
337.10397,12.56,5.7429347,48454.0,0.5506232,2.85,0.45331836,0.09,2023-10-26 00:55:00
334.4914,13.15,4.9652896,44779.0,0.58155555,2.94,0.5774918,0.46,2023-10-26 01:00:00
336.22336,16.25,3.6129768,42435.0,0.6236251,3.67,0.99694926,0.72,2023-10-26 01:05:00
334.99365,16.73,3.0034313,39913.0,0.65551054,3.76,1.0842187,0.08,2023-10-26 01:10:00
333.71365,17.36,2.87802,38631.0,0.669241,3.87,1.0895519,0.13,2023-10-26 01:15:00
335.59915,16.32,3.8298173,37452.0,0.7025231,3.68,0.8864907,0.56,2023-10-26 01:20:00
333.15607,16.17,4.019577,39309.0,0.6542829,3.59,0.8481891,0.4,2023-10-26 01:25:00
332.9274,15.37,3.053752,49797.0,0.5153783,3.41,1.2062861,0.91,2023-10-26 01:30:00
330.40598,15.64,2.0806248,55496.0,0.45163715,3.42,1.4291061,0.13,2023-10-26 01:35:00
330.0007,16.6,2.3260481,55399.0,0.45070264,3.61,1.3400474,0.07,2023-10-26 01:40:00
333.12674,16.98,2.8040507,48257.0,0.5328173,3.77,1.1746413,0.28,2023-10-26 01:45:00
336.8432,18.2,2.9148583,37378.0,0.71206874,4.13,1.0145205,0.29,2023-10-26 01:50:00
337.4813,18.35,4.6395473,37812.0,0.7080549,4.18,0.8987252,1.21,2023-10-26 01:55:00
349.39218,13.64,7.3486667,34628.0,0.8613144,3.33,0.24303806,0.22,2023-10-26 02:05:00
350.21188,14.08,6.925684,43976.0,0.6831901,3.45,0.3201463,0.12,2023-10-26 02:10:00
351.79974,13.71,6.7677836,41530.0,0.73368764,3.39,0.3324385,0.04,2023-10-26 02:15:00
346.92975,12.07,6.9752846,37812.0,0.77160925,2.9,0.16435286,0.48,2023-10-26 02:20:00
342.59824,12.2,7.828173,34220.0,0.8199008,2.87,0.12385166,0.19,2023-10-26 02:25:00
342.59027,12.44,7.9026895,33696.0,0.83259064,2.92,0.096910015,0.27,2023-10-26 02:30:00
344.50146,11.95,7.903727,39340.0,0.7255989,2.84,0.12710482,0.01,2023-10-26 02:40:00
342.23788,12.01,7.990826,33554.0,0.8334397,2.81,0.10037054,0.03,2023-10-26 02:45:00
347.0189,12.76,7.8355155,36045.0,0.8100829,3.07,0.1492191,0.04,2023-10-26 02:50:00
346.44278,12.59,7.8237715,35303.0,0.82284206,3.02,0.14612804,0.06,2023-10-26 02:55:00
350.0398,12.46,7.741738,34194.0,0.87728924,3.05,0.14612804,0.02,2023-10-26 03:00:00
351.90182,12.88,7.7046804,34428.0,0.8858364,3.19,0.16435286,0.03,2023-10-26 03:05:00
353.4442,12.96,7.640065,35139.0,0.87980974,3.24,0.17897695,0.01,2023-10-26 03:10:00
353.34024,12.44,7.650934,35356.0,0.87360924,3.11,0.15228835,0.05,2023-10-26 03:15:00
355.87146,12.88,7.6434355,32845.0,0.96152717,3.26,0.16731733,0.02,2023-10-26 03:20:00
355.38004,12.96,7.4420094,33411.0,0.94118106,3.27,0.1818436,0.19,2023-10-26 03:25:00
353.61633,13.98,7.2968216,33127.0,0.9346612,3.5,0.24303806,0.09,2023-10-26 03:30:00
351.39548,15.93,7.037478,33696.0,0.90103227,3.93,0.346353,0.23,2023-10-26 03:35:00
350.13696,17.12,6.521434,27707.0,1.0836238,4.2,0.42488167,0.08,2023-10-26 03:40:00
351.16125,17.13,6.6088276,30628.0,0.98923314,4.23,0.3944517,0.21,2023-10-26 03:45:00
353.8393,13.46,7.251427,31175.0,0.99513507,3.37,0.23299614,0.11,2023-10-26 03:50:00
352.15424,15.12,7.299411,36974.0,0.8266817,3.75,0.28780174,0.22,2023-10-26 03:55:00
352.67953,16.44,7.0852733,34136.0,0.899575,4.09,0.3424227,0.15,2023-10-26 04:00:00
353.55182,18.26,6.722752,33326.0,0.9285524,4.57,0.43456894,0.2,2023-10-26 04:05:00
351.71564,19.25,6.6655006,33486.0,0.90925705,4.76,0.46389303,0.17,2023-10-26 04:10:00
354.74146,21.79,6.2485676,39632.0,0.78901476,5.5,0.5774918,0.41,2023-10-26 04:15:00
357.0911,24.94,5.363674,40300.0,0.7920475,6.36,0.7403627,0.47,2023-10-26 04:20:00
364.34372,32.15,3.72882,43996.0,0.77237225,8.54,1.3142887,1.16,2023-10-26 04:25:00
361.6132,24.72,7.829751,44254.0,0.75009644,6.47,0.4265113,1.01,2023-10-26 04:40:00
354.78967,16.86,9.827787,70351.0,0.4446769,4.25,0.15533602,0.16,2023-10-26 04:45:00
355.12573,16.83,9.547885,70790.0,0.4432237,4.25,0.17897695,0.35,2023-10-26 04:50:00
357.3844,17.6,8.15273,75016.0,0.42659175,4.5,0.29003462,0.18,2023-10-26 04:55:00
355.173,17.8,8.657719,71275.0,0.4403902,4.5,0.28330123,0.14,2023-10-26 05:00:00
356.71573,18.82,8.171083,77790.0,0.40898812,4.79,0.38201708,0.13,2023-10-26 05:05:00
357.6967,18.98,6.9784384,82731.0,0.38786343,4.86,0.5276299,0.36,2023-10-26 05:10:00
358.41867,18.32,6.954114,84173.0,0.38361928,4.71,0.48144266,0.31,2023-10-26 05:15:00
365.9448,20.88,6.230273,105203.0,0.32744604,5.59,0.66558105,0.39,2023-10-26 05:20:00
369.0562,19.81,3.637293,92820.0,0.38104185,5.4,0.8273693,0.47,2023-10-26 05:25:00
370.261,19.31,5.466004,101626.0,0.35157314,5.29,0.7671559,0.25,2023-10-26 05:30:00
371.02512,19.42,5.016134,91706.0,0.3921119,5.35,0.68304706,0.08,2023-10-26 05:35:00
371.2395,20.31,5.897203,98861.0,0.36438763,5.6,0.6757783,0.19,2023-10-26 05:40:00
374.51956,20.45,3.8293734,100288.0,0.36917505,5.73,0.76267856,0.25,2023-10-26 05:45:00
368.0273,19.91,1.0736852,102584.0,0.34179065,5.4,0.8481891,0.5,2023-10-26 05:50:00
362.76773,18.71,4.920661,100166.0,0.33470237,4.92,0.7853298,0.26,2023-10-26 05:55:00
363.66702,19.14,4.565271,99024.0,0.34118196,5.06,0.73957235,0.28,2023-10-26 06:00:00
364.55722,18.96,5.28845,102695.0,0.33149928,5.04,0.79169065,0.17,2023-10-26 06:05:00
364.21567,18.21,4.1958194,91891.0,0.36939558,4.84,0.86510396,0.45,2023-10-26 06:10:00
366.4558,15.82,6.42211,87339.0,0.39613786,4.25,0.5289167,0.33,2023-10-26 06:15:00
362.25858,15.52,5.9203124,85091.0,0.39228052,4.08,0.46834734,0.55,2023-10-26 06:20:00
364.67282,17.31,4.256325,86574.0,0.3936162,4.61,0.8325089,1.02,2023-10-26 06:25:00
366.79834,20.99,3.1239398,77030.0,0.4504616,5.65,1.2049336,0.43,2023-10-26 06:30:00
364.9836,21.08,4.5955086,70992.0,0.48128557,5.62,0.9804579,0.32,2023-10-26 06:35:00
369.13696,21.43,4.8438416,65088.0,0.54376227,5.84,0.8585372,0.12,2023-10-26 06:40:00
370.84103,22.95,3.597624,75538.0,0.4753039,6.31,1.1673174,0.08,2023-10-26 06:45:00
372.9162,22.69,3.5707142,76428.0,0.47800076,6.31,1.1038038,0.19,2023-10-26 06:50:00
371.88278,22.06,4.6643004,72519.0,0.49943334,6.11,0.9268567,0.37,2023-10-26 06:55:00
371.9358,22.64,3.7533586,75637.0,0.47905764,6.26,0.9827234,0.53,2023-10-26 07:00:00
373.4852,21.04,5.748539,80919.0,0.4536196,5.87,0.701568,0.29,2023-10-26 07:05:00
373.58072,20.05,6.3592925,84381.0,0.43535486,5.59,0.6138419,0.18,2023-10-26 07:10:00
373.57117,20.36,6.568805,76976.0,0.47719744,5.68,0.60097295,0.06,2023-10-26 07:15:00
374.1267,21.41,5.443758,74446.0,0.4957025,5.99,0.7824726,0.97,2023-10-26 07:20:00
368.89523,16.03,7.4271193,96418.0,0.3663248,4.37,0.40993312,0.65,2023-10-26 07:25:00
373.29877,16.58,7.9858747,103768.0,0.35318625,4.62,0.3856063,0.41,2023-10-26 07:30:00
376.15118,15.71,9.1350155,93771.0,0.40021184,4.45,0.23299614,0.24,2023-10-26 07:35:00
372.14252,15.61,9.148819,89732.0,0.40450686,4.32,0.22530928,0.4,2023-10-26 07:40:00
371.5671,14.86,9.602401,87540.0,0.4126432,4.1,0.15836251,0.23,2023-10-26 07:45:00
357.60498,15.41,9.293842,170146.0,0.18844248,3.94,0.33645976,0.05,2023-10-26 07:50:00
366.61636,15.17,9.722413,89439.0,0.38736448,4.08,0.15836251,0.11,2023-10-26 07:55:00
366.4267,15.47,9.741258,86723.0,0.39885297,4.15,0.16435286,0.05,2023-10-26 08:00:00
368.55072,16.26,10.055306,79981.0,0.44032604,4.42,0.13353892,0.35,2023-10-26 08:05:00
368.5142,15.49,10.379296,69198.0,0.5087843,4.21,0.07188199,0.28,2023-10-26 08:10:00
368.55856,15.35,10.529112,68010.0,0.5178657,4.17,0.053078443,0.16,2023-10-26 08:15:00
370.1934,15.01,10.87034,69095.0,0.5168054,4.11,0.017033322,0.05,2023-10-26 08:20:00
373.18567,15.19,10.797065,71026.0,0.5155138,4.23,0.033423774,0.07,2023-10-26 08:25:00
376.73203,17.7,10.081573,82892.0,0.45491672,5.04,0.18469143,0.41,2023-10-26 08:30:00
379.6123,17.67,7.517214,85902.0,0.4495089,5.12,0.3096302,0.48,2023-10-26 08:35:00
358.52924,14.5,10.732223,54687.0,0.59102535,3.73,-0.026872149,0.04,2023-10-26 08:40:00
357.94522,14.7,10.843408,52419.0,0.6134758,3.77,-0.031517047,0.05,2023-10-26 08:45:00
358.69702,15.17,10.619689,56921.0,0.56865674,3.9,0.012837212,0.14,2023-10-26 08:50:00
362.98035,15.12,10.500372,69527.0,0.48307863,3.98,0.05690485,0.07,2023-10-26 08:55:00
360.3487,15.12,10.650775,59006.0,0.5564647,3.92,0.012837212,0.15,2023-10-26 09:00:00
358.69458,13.92,10.552256,66241.0,0.4886374,3.59,-0.0043648016,0.08,2023-10-26 09:05:00
365.83957,11.39,10.940773,82252.0,0.41843945,3.05,-0.12493874,0.61,2023-10-26 09:10:00
366.73895,10.41,12.379019,89796.0,0.38622624,2.8,-0.20760833,0.25,2023-10-26 09:15:00
377.2008,10.39,12.470233,82490.0,0.45890677,2.96,-0.24412516,0.14,2023-10-26 09:20:00
382.1388,10.6,12.606874,84378.0,0.46717584,3.1,-0.22914802,0.52,2023-10-26 09:25:00
384.1401,13.67,11.009837,76734.0,0.522136,4.04,-0.07058106,0.32,2023-10-26 09:30:00
387.242,14.01,11.160529,66276.0,0.61985254,4.2,-0.09691001,0.58,2023-10-26 09:35:00
390.56183,17.02,11.133454,52808.0,0.79888785,5.2,0.025305841,0.48,2023-10-26 09:40:00
387.84613,14.18,11.877652,51009.0,0.80929214,4.28,-0.1426675,0.57,2023-10-26 09:45:00
384.53668,13.32,11.915977,60948.0,0.6594883,3.94,-0.14874166,0.62,2023-10-26 09:50:00
385.33685,12.17,12.880229,61854.0,0.6540471,3.62,-0.23657204,0.18,2023-10-26 09:55:00
385.06277,11.85,12.904948,62281.0,0.64812577,3.52,-0.25181198,0.07,2023-10-26 10:00:00
384.276,13.04,12.099277,73519.0,0.54556954,3.86,-0.13076828,0.31,2023-10-26 10:05:00
383.96683,13.23,12.113075,63163.0,0.6334302,3.9,-0.15490197,0.21,2023-10-26 10:10:00
385.10162,14.94,12.265093,58516.0,0.69004375,4.43,-0.10237289,0.16,2023-10-26 10:15:00
386.38858,14.14,12.038974,75393.0,0.54116637,4.23,-0.08618615,0.29,2023-10-26 10:20:00
384.19092,14.52,11.125148,87176.0,0.45978355,4.29,0.012837212,0.43,2023-10-26 10:25:00
382.9925,15.93,10.55298,95368.0,0.41622087,4.67,0.12385166,0.08,2023-10-26 10:30:00
383.72513,16.08,10.638355,92399.0,0.43215844,4.73,0.11394334,0.01,2023-10-26 10:35:00
385.3292,15.37,10.808755,83124.0,0.48665756,4.57,0.064457975,0.11,2023-10-26 10:40:00
388.90048,15.86,11.014904,76545.0,0.5438831,4.8,0.049218025,0.06,2023-10-26 10:45:00
389.26404,15.65,10.916565,73690.0,0.56660074,4.74,0.033423774,0.11,2023-10-26 10:50:00
387.99908,16.1,10.824962,80601.0,0.5127961,4.85,0.07188199,0.03,2023-10-26 10:55:00
380.02722,14.83,11.328698,73967.0,0.5238179,4.29,-0.0043648016,0.28,2023-10-26 11:00:00
383.9364,14.95,10.744422,80864.0,0.4946513,4.41,0.041392695,0.17,2023-10-26 11:05:00
391.5898,14.66,10.433891,78964.0,0.5386544,4.49,0.045322984,0.07,2023-10-26 11:10:00
389.48685,13.77,10.14661,91554.0,0.45685875,4.18,0.045322984,0.14,2023-10-26 11:15:00
381.03375,12.52,10.394017,88694.0,0.44045368,3.65,-0.013228253,0.27,2023-10-26 11:20:00
369.29837,12.07,9.944109,102551.0,0.34558994,3.32,-0.013228253,0.18,2023-10-26 11:25:00
370.18274,12.26,10.401159,93910.0,0.3802095,3.36,0.012837212,0.26,2023-10-26 11:30:00
371.46024,11.55,9.743387,95377.0,0.37839782,3.19,-0.013228253,0.27,2023-10-26 11:35:00
374.67172,11.38,10.571045,88284.0,0.4199026,3.19,-0.060480744,0.02,2023-10-26 11:40:00
376.08966,11.22,10.271397,85053.0,0.44100922,3.18,-0.06550154,0.09,2023-10-26 11:45:00
383.13962,11.39,9.520321,103717.0,0.38317385,3.35,0.06818584,0.74,2023-10-26 11:50:00
385.99103,11.63,9.197489,120150.0,0.3384903,3.47,0.14612804,0.54,2023-10-26 11:55:00
379.0315,11.35,7.1631556,129897.0,0.2958505,3.26,0.20951504,0.42,2023-10-26 12:00:00
386.68442,10.81,8.974842,135812.0,0.30113304,3.24,0.10720996,0.06,2023-10-26 12:05:00
386.4364,10.67,9.557688,110397.0,0.3697191,3.19,0.02118928,0.3,2023-10-26 12:10:00
391.49115,9.88,10.352237,99960.0,0.42517957,3.03,-0.06550154,0.07,2023-10-26 12:15:00
392.8183,10.01,10.368905,103008.0,0.41696832,3.09,-0.05551733,0.08,2023-10-26 12:20:00
395.36255,9.63,10.478211,102964.0,0.425615,3.01,-0.08092192,0.07,2023-10-26 12:25:00
398.81195,10.13,10.724431,101670.0,0.442847,3.22,-0.07572073,0.24,2023-10-26 12:30:00
401.38422,9.41,10.454382,111962.0,0.4102681,3.03,-0.10237289,0.2,2023-10-26 12:35:00
401.9415,8.76,11.093674,110372.0,0.4179798,2.83,-0.14874166,0.16,2023-10-26 12:40:00
395.97104,8.41,11.361703,96126.0,0.45807916,2.64,-0.21467017,0.02,2023-10-26 12:45:00
397.76498,9.1,10.980869,109914.0,0.40629333,2.88,-0.12493874,0.29,2023-10-26 12:50:00
391.15683,8.55,10.842514,94027.0,0.45080742,2.62,-0.17392519,0.05,2023-10-26 12:55:00
390.1082,7.9,10.27694,117084.0,0.35901842,2.42,-0.1674911,0.06,2023-10-26 13:00:00
398.9091,9.04,10.866595,142899.0,0.3153164,2.88,-0.07058106,0.02,2023-10-26 13:05:00
408.57962,9.53,10.897536,125801.0,0.38590056,3.18,-0.08092192,0.05,2023-10-26 13:10:00
392.4294,8.06,10.7327585,100507.0,0.42602852,2.49,-0.18708667,0.09,2023-10-26 13:15:00
389.0483,7.29,10.085623,90001.0,0.4631151,2.23,-0.25181198,0.12,2023-10-26 13:20:00
415.46283,8.97,10.158843,109224.0,0.46819612,3.1,-0.10237289,0.07,2023-10-26 13:25:00
420.0106,8.5,10.700683,92260.0,0.5733911,3.0,-0.17392519,0.06,2023-10-26 13:30:00
419.01865,8.16,10.6175,94395.0,0.5563123,2.87,-0.19382004,0.12,2023-10-26 13:35:00
412.0812,8.14,7.673493,120853.0,0.41251454,2.76,-0.119186416,0.24,2023-10-26 13:40:00
413.08545,8.2,9.971108,112648.0,0.44592714,2.81,-0.119186416,0.26,2023-10-26 13:45:00
438.17313,6.99,9.544061,164246.0,0.36745453,2.69,-0.05061,0.39,2023-10-26 13:50:00
447.11273,6.91,9.26781,138514.0,0.4639912,2.76,-0.06550154,0.24,2023-10-26 13:55:00
433.0617,6.27,8.116366,160176.0,0.36327648,2.36,-0.031517047,0.16,2023-10-26 14:00:00
436.2111,4.69,9.409256,185377.0,0.3210519,1.78,-0.21467017,0.53,2023-10-26 14:05:00
428.80103,5.73,10.233382,171710.0,0.32860333,2.12,-0.22184876,0.43,2023-10-26 14:10:00
471.57635,4.03,9.383038,250910.0,0.30234632,1.79,-0.21467017,0.61,2023-10-26 14:15:00
475.35855,4.07,9.569085,253230.0,0.30711955,1.84,-0.20065947,0.3,2023-10-26 14:20:00
480.5751,4.25,10.040906,283820.0,0.2834882,1.97,-0.17392519,0.13,2023-10-26 14:25:00
489.74673,3.91,9.607112,352602.0,0.24202037,1.89,-0.1426675,0.37,2023-10-26 14:30:00
479.1084,3.32,10.963585,249037.0,0.3200234,1.53,-0.36653155,0.09,2023-10-26 14:35:00
481.96127,3.83,9.953034,302268.0,0.2685838,1.79,-0.18708667,0.28,2023-10-26 14:40:00
479.05182,3.23,7.7351274,311624.0,0.2556554,1.49,-0.20760833,0.26,2023-10-26 14:45:00
475.5339,3.75,8.098179,340942.0,0.22837085,1.7,-0.13076828,0.48,2023-10-26 14:50:00
473.78134,3.05,8.828618,349810.0,0.22003774,1.38,-0.20065947,0.1,2023-10-26 14:55:00
460.13696,3.09,9.232454,473236.0,0.14850637,1.31,-0.07572073,0.18,2023-10-26 15:00:00
481.81638,2.88,8.582844,402333.0,0.20159504,1.34,-0.119186416,0.21,2023-10-26 15:05:00
488.91132,3.31,9.334345,434239.0,0.1954788,1.58,-0.11350928,0.09,2023-10-26 15:10:00
484.26852,3.1,9.167709,374209.0,0.22019854,1.45,-0.14874166,0.1,2023-10-26 15:15:00
481.6853,3.67,9.098033,463550.0,0.17482401,1.7,0.0,0.17,2023-10-26 15:20:00
466.83838,3.8,9.14806,395961.0,0.18565997,1.66,-0.022276402,0.08,2023-10-26 15:25:00
474.0702,3.83,8.931232,422342.0,0.1825951,1.73,0.012837212,0.17,2023-10-26 15:30:00
496.7851,4.46,8.215176,509848.0,0.17497952,2.2,0.15228835,0.39,2023-10-26 15:35:00
467.76086,3.58,7.829917,362622.0,0.20397896,1.58,-0.07058106,0.46,2023-10-26 15:40:00
475.79044,3.02,8.925575,347505.0,0.22443432,1.37,-0.1674911,0.32,2023-10-26 15:45:00
476.73666,3.19,9.922409,303929.0,0.25820473,1.45,-0.2839967,0.25,2023-10-26 16:00:00
475.1007,2.79,10.303441,260799.0,0.29770294,1.26,-0.39794,0.28,2023-10-26 16:05:00
478.8742,2.81,10.21954,360570.0,0.2206963,1.29,-0.27572417,0.08,2023-10-26 16:10:00
477.0336,3.1,9.954863,344880.0,0.22798704,1.41,-0.23657204,0.27,2023-10-26 16:15:00
492.1976,2.91,9.187829,261943.0,0.33088621,1.41,-0.30980393,0.17,2023-10-26 16:20:00
482.00003,3.12,9.180877,330196.0,0.24592857,1.45,-0.18708667,0.36,2023-10-26 16:25:00
470.4078,2.89,9.418891,293457.0,0.25652158,1.28,-0.25181198,0.17,2023-10-26 16:30:00
486.38602,2.68,8.119396,289492.0,0.28852984,1.29,-0.22914802,0.5,2023-10-26 16:35:00
515.395,2.89,7.815088,267546.0,0.37389463,1.54,-0.1674911,0.13,2023-10-26 16:40:00
511.3495,3.09,7.9885607,283053.0,0.3448466,1.62,-0.13076828,0.07,2023-10-26 16:45:00
507.29343,2.56,7.975631,299848.0,0.31756026,1.32,-0.22184876,0.1,2023-10-26 16:50:00
503.67947,2.71,8.424974,270774.0,0.34391764,1.37,-0.23657204,0.11,2023-10-26 16:55:00
501.4182,2.49,8.531671,446913.0,0.20547318,1.25,-0.119186416,0.03,2023-10-26 17:00:00
497.24908,2.3,8.579802,306394.0,0.29201812,1.14,-0.27572417,0.1,2023-10-26 17:05:00
484.00842,2.32,8.018186,315726.0,0.26055056,1.08,-0.25963733,0.23,2023-10-26 17:10:00
493.30887,2.94,7.7126,316792.0,0.2755245,1.43,-0.1426675,0.28,2023-10-26 17:15:00
540.2597,2.7,7.3377175,320173.0,0.36179483,1.57,-0.11350928,0.38,2023-10-26 17:20:00
503.5603,1.47,8.065488,71137.0,1.3081151,0.75,-0.7447275,0.41,2023-10-26 17:25:00
459.7057,2.43,7.9563375,343883.0,0.20377196,1.05,-0.19382004,0.28,2023-10-26 17:30:00
456.96103,2.15,8.134328,374732.0,0.1835432,0.89,-0.21467017,0.36,2023-10-26 17:35:00
523.66833,3.06,7.8009033,504526.0,0.20835023,1.68,0.08990512,0.32,2023-10-26 17:40:00
514.6271,2.26,8.457565,388856.0,0.25606072,1.2,-0.17392519,0.25,2023-10-26 17:45:00
549.0293,3.07,8.232867,301554.0,0.40387872,1.85,-0.13076828,0.38,2023-10-26 17:50:00
501.07306,2.74,8.440527,253258.0,0.3618129,1.38,-0.22914802,0.37,2023-10-26 17:55:00
530.66394,3.05,8.167117,368082.0,0.2976282,1.72,-0.045757502,0.15,2023-10-26 18:00:00
530.66394,3.05,8.279052,368082.0,0.2976282,1.72,-0.045757502,0.3,2023-10-26 18:05:00
522.78516,2.78,8.165175,291583.0,0.35861894,1.53,-0.1426675,0.41,2023-10-26 18:10:00
514.71686,2.7,8.5794,272396.0,0.36573526,1.43,-0.21467017,0.28,2023-10-26 18:15:00
531.8739,2.95,8.470685,348473.0,0.3166128,1.67,-0.119186416,0.31,2023-10-26 18:20:00
528.2939,2.58,8.37387,348587.0,0.3099244,1.45,-0.15490197,0.25,2023-10-26 18:25:00
537.68335,2.98,8.055395,341739.0,0.33395648,1.72,-0.060480744,0.26,2023-10-26 18:30:00
538.4354,3.24,7.022051,388456.0,0.295075,1.88,0.08990512,0.17,2023-10-26 18:35:00
498.1494,2.4,6.86129,321655.0,0.2797341,1.2,-0.119186416,0.07,2023-10-26 18:40:00
520.31396,2.86,6.9534307,387380.0,0.26598212,1.57,0.0,0.21,2023-10-26 18:45:00
488.87564,2.59,7.2947173,317815.0,0.26702714,1.24,-0.1426675,0.04,2023-10-26 18:50:00
524.03375,2.82,6.506773,358627.0,0.29374987,1.56,-0.06550154,0.05,2023-10-26 18:55:00
531.67487,2.77,5.9256897,358752.0,0.30718303,1.58,-0.09151498,0.08,2023-10-26 19:00:00
528.6138,3.07,7.8932185,368908.0,0.29340476,1.72,-0.0409586,0.13,2023-10-26 19:05:00
537.1421,3.15,6.8439755,386360.0,0.29446298,1.82,0.037426513,0.19,2023-10-26 19:10:00
548.1023,3.33,4.316028,421466.0,0.28745437,2.02,0.08278538,0.2,2023-10-26 19:15:00
518.82996,2.31,5.140156,253983.0,0.4020903,1.26,-0.22184876,0.05,2023-10-26 19:20:00
532.94836,2.77,6.1660438,449110.0,0.24721408,1.58,0.008600163,0.04,2023-10-26 19:25:00
534.4636,2.97,6.4389515,397818.0,0.28156585,1.71,0.025305841,0.14,2023-10-26 19:30:00
529.6989,2.75,8.07397,338497.0,0.32181248,1.55,-0.09691001,0.1,2023-10-26 19:35:00
496.30447,2.29,8.314018,259560.0,0.34267431,1.13,-0.27572417,0.02,2023-10-26 19:50:00
509.88272,3.27,7.7588854,377580.0,0.25621307,1.7,0.025305841,0.17,2023-10-26 20:35:00
473.481,1.74,8.038937,283520.0,0.27094945,0.79,-0.3372422,0.14,2023-10-26 21:00:00
480.03018,2.24,7.226659,339821.0,0.2359359,1.04,-0.17392519,0.32,2023-10-26 21:05:00
493.62982,2.46,7.1078405,315872.0,0.276887,1.23,-0.18708667,0.19,2023-10-26 21:10:00
488.13574,2.52,7.0331645,299000.0,0.2824951,1.23,-0.17392519,0.09,2023-10-26 21:15:00
479.97495,2.23,7.5914226,305194.0,0.26261082,1.03,-0.23657204,0.11,2023-10-26 21:20:00
484.84735,2.3,7.7483225,283459.0,0.29177856,1.1,-0.23657204,0.07,2023-10-26 21:25:00
491.67725,2.52,7.6877112,291210.0,0.29665324,1.24,-0.18708667,0.12,2023-10-26 21:30:00
483.4887,2.46,7.7572737,316098.0,0.259375,1.16,-0.1674911,0.17,2023-10-26 21:35:00
489.0627,2.49,8.155146,271584.0,0.31285483,1.19,-0.25181198,0.11,2023-10-26 21:45:00
499.1479,2.69,7.6533456,301052.0,0.300747,1.36,-0.14874166,0.05,2023-10-26 21:50:00
487.02542,2.16,7.78072,253989.0,0.33020875,1.03,-0.29242983,0.03,2023-10-26 21:55:00
477.83752,1.97,7.819623,257929.0,0.30644637,0.9,-0.32790217,0.06,2023-10-26 22:00:00
484.16818,2.05,7.99533,280978.0,0.2930733,0.97,-0.27572417,0.04,2023-10-26 22:05:00
481.235,2.01,7.9919143,275322.0,0.29348928,0.93,-0.30103,0.05,2023-10-26 22:10:00
487.9332,3.27,7.9689775,497703.0,0.1694926,1.56,0.11394334,0.03,2023-10-26 22:20:00
487.9332,3.27,8.007666,497703.0,0.1694926,1.56,0.11394334,0.09,2023-10-26 22:25:00
479.906,1.98,7.601743,185684.0,0.4314395,0.91,-0.4202164,0.11,2023-10-26 22:40:00
479.906,1.98,8.059163,185684.0,0.4314395,0.91,-0.40893543,0.04,2023-10-26 22:45:00
485.5212,2.23,8.111393,227340.0,0.36538061,1.05,-0.32790217,0.08,2023-10-26 22:50:00
484.3387,2.6,7.939987,277368.0,0.2972133,1.22,-0.16115092,0.02,2023-10-26 23:05:00
480.60782,2.54,7.8214192,282620.0,0.28475228,1.18,-0.17392519,0.04,2023-10-26 23:10:00
488.72522,2.46,7.94233,240471.0,0.35257465,1.18,-0.24412516,0.03,2023-10-26 23:15:00
481.67072,2.6,7.8298407,288754.0,0.2806265,1.21,-0.16115092,0.03,2023-10-26 23:20:00
482.00467,1.87,7.7933364,154690.0,0.52496636,0.87,-0.4436975,0.04,2023-10-26 23:25:00
475.7464,2.34,8.179565,248583.0,0.31365612,1.06,-0.25963733,0.01,2023-10-26 23:30:00
481.34882,2.6,8.071121,271409.0,0.2979399,1.21,-0.18708667,0.02,2023-10-26 23:35:00
484.83743,2.71,8.085475,267826.0,0.30879006,1.28,-0.18045606,0.02,2023-10-26 23:40:00
488.63254,2.5,8.098512,264796.0,0.31999704,1.2,-0.21467017,0.03,2023-10-26 23:45:00
491.0599,2.59,8.108989,241060.0,0.35696998,1.25,-0.22914802,0.03,2023-10-26 23:50:00
485.85623,2.09,8.256845,199039.0,0.41823053,0.99,-0.37675074,0.03,2023-10-26 23:55:00
495.38245,2.5,8.377696,232911.0,0.3796779,1.23,-0.26760623,0.05,2023-10-27 00:00:00
489.91058,2.65,8.391013,273482.0,0.3123634,1.27,-0.20065947,0.01,2023-10-27 00:05:00
477.36682,2.7,8.435544,237453.0,0.33185208,1.23,-0.24412516,0.03,2023-10-27 00:10:00
476.09674,2.58,8.448449,249659.0,0.31302077,1.17,-0.24412516,0.03,2023-10-27 00:15:00
477.51794,2.48,8.302687,250844.0,0.31444624,1.13,-0.25181198,0.02,2023-10-27 00:20:00
478.6239,2.48,8.426186,222757.0,0.3566534,1.13,-0.29242983,0.05,2023-10-27 00:25:00
476.3463,2.25,7.631841,221787.0,0.3529335,1.03,-0.27572417,0.47,2023-10-27 00:30:00
459.0734,1.32,7.8402424,100520.0,0.69413155,0.55,-0.67778075,0.59,2023-10-27 00:35:00
474.09256,2.48,6.532794,352363.0,0.21889047,1.14,0.07554698,0.24,2023-10-27 00:40:00
470.09457,3.19,6.4195485,435058.0,0.17267153,1.41,0.25042,0.05,2023-10-27 00:45:00
470.09457,3.19,7.684309,435058.0,0.17267153,1.41,0.1430148,0.76,2023-10-27 00:50:00
461.0626,2.41,8.4293,243951.0,0.28989264,1.02,-0.35654733,0.42,2023-10-27 00:55:00
458.74615,2.13,8.973132,194606.0,0.35774535,0.9,-0.48148608,0.12,2023-10-27 01:00:00
456.48468,1.85,8.409881,145260.0,0.47195762,0.77,-0.60206,0.28,2023-10-27 01:05:00
471.50107,3.49,8.810556,347611.0,0.21812893,1.55,-0.09151498,0.06,2023-10-27 01:10:00
465.54428,1.67,9.001888,170586.0,0.42724252,0.72,-0.5850267,0.03,2023-10-27 01:35:00
467.55237,1.74,9.058835,183557.0,0.40240726,0.76,-0.56863624,0.04,2023-10-27 01:40:00
455.7801,2.01,8.8170805,199925.0,0.34126636,0.83,-0.455932,0.17,2023-10-27 01:45:00
452.4046,2.24,8.9342375,198567.0,0.33574048,0.91,-0.4202164,0.11,2023-10-27 01:50:00
448.60663,2.59,8.80895,236008.0,0.27516067,1.04,-0.2839967,0.13,2023-10-27 01:55:00
445.16983,2.71,8.702615,240379.0,0.2637663,1.07,-0.26760623,0.09,2023-10-27 02:00:00
442.5661,2.89,8.807888,239363.0,0.2600927,1.13,-0.24412516,0.04,2023-10-27 02:05:00
455.60406,1.75,9.719758,154262.0,0.44175294,0.73,-0.67778075,0.52,2023-10-27 02:10:00
459.33826,2.1,9.707168,179886.0,0.38857663,0.89,-0.53760207,0.18,2023-10-27 02:15:00
461.2161,2.35,9.956737,182984.0,0.38688034,1.0,-0.52287877,0.15,2023-10-27 02:20:00
460.77136,2.27,10.165791,168052.0,0.41999277,0.97,-0.56863624,0.04,2023-10-27 02:25:00
457.61935,2.06,10.164413,172434.0,0.40066603,0.86,-0.60206,0.02,2023-10-27 02:30:00
456.84024,1.99,10.157465,175397.0,0.39181358,0.83,-0.6197888,0.01,2023-10-27 02:35:00
458.01697,2.16,10.135472,177805.0,0.38961497,0.91,-0.56863624,0.01,2023-10-27 02:40:00
454.67996,2.32,10.213839,177185.0,0.3821787,0.96,-0.552842,0.02,2023-10-27 02:50:00
456.89304,2.61,10.208065,171552.0,0.40073943,1.09,-0.5086383,0.03,2023-10-27 02:55:00
454.1257,2.65,10.324906,175052.0,0.38536945,1.09,-0.49485007,0.07,2023-10-27 03:00:00
451.2346,2.45,10.3345,169744.0,0.3895968,1.0,-0.53760207,0.04,2023-10-27 03:05:00
455.69897,2.41,10.270239,172420.0,0.39548707,1.0,-0.53760207,0.01,2023-10-27 03:10:00
460.43002,2.93,10.23389,210066.0,0.33521843,1.24,-0.40893543,0.03,2023-10-27 03:15:00
458.06638,3.0,10.0756,185014.0,0.37455946,1.26,-0.4202164,0.03,2023-10-27 03:20:00
460.4236,2.15,9.977785,156744.0,0.4492353,0.91,-0.5850267,0.05,2023-10-27 03:25:00
458.38864,2.94,9.895236,183058.0,0.3793914,1.24,-0.40893543,0.05,2023-10-27 03:30:00
450.3534,2.81,9.74504,182436.0,0.36029357,1.14,-0.4202164,0.05,2023-10-27 03:35:00
449.16727,2.27,9.489641,188376.0,0.3460797,0.92,-0.4685211,0.14,2023-10-27 03:40:00
470.33548,3.45,8.21896,333990.0,0.22528227,1.53,-0.08618615,0.19,2023-10-27 03:45:00
453.2445,1.4,8.650514,137078.0,0.48915973,0.58,-0.7447275,0.17,2023-10-27 03:50:00
449.8909,1.12,9.110109,117661.0,0.5568592,0.45,-0.88605666,0.23,2023-10-27 03:55:00
453.77478,1.83,9.190457,155756.0,0.4320703,0.76,-0.63827217,0.34,2023-10-27 04:00:00
447.90933,1.54,9.370763,135071.0,0.4784625,0.62,-0.7447275,0.13,2023-10-27 04:05:00
443.57242,1.4,9.296801,131654.0,0.47623557,0.55,-0.7695511,0.13,2023-10-27 04:10:00
442.6646,1.33,9.131183,142668.0,0.43667617,0.52,-0.7695511,0.24,2023-10-27 04:15:00
470.2757,3.29,8.914203,224686.0,0.3347439,1.46,-0.20065947,0.26,2023-10-27 04:20:00
441.34308,1.61,9.63613,146759.0,0.42057085,0.63,-0.7212464,0.09,2023-10-27 04:25:00
456.21127,2.44,9.220515,195280.0,0.35041383,1.02,-0.4436975,0.11,2023-10-27 04:30:00
453.36304,2.61,8.721319,216981.0,0.3092789,1.07,-0.3187588,0.14,2023-10-27 04:35:00
467.2382,2.26,9.191458,185497.0,0.3973664,0.99,-0.48148608,0.26,2023-10-27 04:40:00
461.24686,1.87,9.979299,157137.0,0.4506107,0.8,-0.65757734,0.04,2023-10-27 04:45:00
459.94943,1.98,10.2936535,143465.0,0.4892443,0.84,-0.67778075,0.06,2023-10-27 04:50:00
448.9687,2.2,9.893705,116898.0,0.55692506,0.88,-0.67778075,0.06,2023-10-27 04:55:00
450.79572,1.68,10.156224,94389.0,0.6985104,0.69,-0.82390875,0.15,2023-10-27 05:00:00
445.10736,1.74,10.17689,63903.0,0.991756,0.69,-0.853872,0.02,2023-10-27 05:15:00
435.0203,1.9,10.38974,70882.0,0.832529,0.72,-0.853872,0.35,2023-10-27 05:20:00
425.3658,1.85,10.694887,72644.0,0.75751865,0.67,-0.853872,0.02,2023-10-27 05:25:00
453.9361,2.71,10.141287,113955.0,0.59121627,1.12,-0.5850267,0.21,2023-10-27 05:40:00
453.9361,2.71,10.194729,113955.0,0.59121627,1.12,-0.5850267,0.06,2023-10-27 05:45:00
452.97992,2.63,10.242465,119308.0,0.5609956,1.08,-0.5850267,0.01,2023-10-27 05:50:00
451.13754,2.15,10.286306,114332.0,0.5780311,0.88,-0.69897,0.03,2023-10-27 05:55:00
452.52762,2.54,10.228793,140119.0,0.4761912,1.04,-0.56863624,0.03,2023-10-27 06:00:00
451.83594,2.38,10.2610035,140556.0,0.4724556,0.97,-0.60206,0.01,2023-10-27 06:05:00
449.02408,2.51,10.306435,147332.0,0.44205216,1.01,-0.56863624,0.01,2023-10-27 06:15:00
448.83893,2.39,10.3267565,115062.0,0.5653027,0.96,-0.63827217,0.03,2023-10-27 06:20:00
452.52484,2.47,10.444778,110463.0,0.60402274,1.01,-0.65757734,0.08,2023-10-27 06:25:00
457.2398,2.07,10.513748,117563.0,0.58615565,0.87,-0.7212464,0.03,2023-10-27 06:30:00
445.5522,2.34,10.299363,105993.0,0.59979016,0.93,-0.65757734,0.06,2023-10-27 06:35:00
445.30927,2.04,10.398145,89108.0,0.7122337,0.81,-0.7695511,0.11,2023-10-27 06:40:00
443.80362,1.78,10.53387,67273.0,0.9335112,0.7,-0.88605666,0.02,2023-10-27 06:45:00
440.52774,1.85,10.449047,60831.0,1.0088323,0.71,-0.88605666,0.1,2023-10-27 06:50:00
437.42456,1.74,10.375283,67525.0,0.88904166,0.67,-0.88605666,0.08,2023-10-27 06:55:00
432.22263,2.26,10.287332,69131.0,0.8366423,0.85,-0.7447275,0.1,2023-10-27 07:00:00
425.52417,2.08,10.299374,87240.0,0.6315106,0.76,-0.7447275,0.13,2023-10-27 07:05:00
424.67987,1.69,10.552957,75378.0,0.7263846,0.61,-0.88605666,0.02,2023-10-27 07:10:00
426.7453,1.48,10.600641,74548.0,0.7456491,0.54,-0.9586073,0.09,2023-10-27 07:15:00
430.21082,1.96,10.31049,79979.0,0.71273685,0.73,-0.79588,0.1,2023-10-27 07:20:00
429.04846,2.27,10.181086,87168.0,0.6484707,0.84,-0.69897,0.04,2023-10-27 07:25:00
427.17126,2.27,10.125176,83766.0,0.6656586,0.83,-0.69897,0.02,2023-10-27 07:30:00
430.68442,2.09,10.185416,83203.0,0.68746984,0.77,-0.7447275,0.07,2023-10-27 07:35:00
432.3062,1.52,10.521982,71803.0,0.80599344,0.57,-0.9586073,0.06,2023-10-27 07:40:00
430.91977,1.67,10.425861,67343.0,0.85082227,0.62,-0.9208188,0.09,2023-10-27 07:45:00
429.07697,1.58,10.375962,65266.0,0.8662641,0.58,-0.9208188,0.05,2023-10-27 07:50:00
429.95206,1.07,10.427296,45688.0,1.245345,0.4,-1.154902,0.02,2023-10-27 07:55:00
427.42004,1.08,10.4566765,44353.0,1.2594575,0.39,-1.154902,0.11,2023-10-27 08:00:00
425.09473,1.06,10.384503,49677.0,1.1055435,0.38,-1.154902,0.02,2023-10-27 08:05:00
423.02747,0.96,10.383689,49710.0,1.0881699,0.35,-1.154902,0.03,2023-10-27 08:10:00
423.32883,1.12,10.382509,57560.0,0.94185174,0.4,-1.0969101,0.07,2023-10-27 08:15:00
423.80902,1.01,10.415441,52481.0,1.0366542,0.36,-1.154902,0.03,2023-10-27 08:20:00
421.41168,0.8,10.299485,33887.0,1.5773703,0.29,-1.30103,0.1,2023-10-27 08:25:00
421.45743,0.83,10.217407,33350.0,1.6033105,0.3,-1.30103,0.04,2023-10-27 08:30:00
420.33362,0.88,10.109328,42519.0,1.2471557,0.31,-1.2218488,0.09,2023-10-27 08:35:00
419.00653,1.55,9.80454,94395.0,0.55626225,0.54,-0.82390875,0.09,2023-10-27 08:40:00
396.88992,2.25,9.3370075,77600.0,0.57154894,0.71,-0.65757734,0.1,2023-10-27 08:45:00
396.0835,2.47,9.398304,72523.0,0.6077006,0.77,-0.63827217,0.06,2023-10-27 08:50:00
404.00565,2.13,9.50371,68269.0,0.68661886,0.69,-0.7447275,0.04,2023-10-27 08:55:00
404.65543,1.91,9.595197,68794.0,0.6847963,0.63,-0.7695511,0.03,2023-10-27 09:00:00
407.0909,1.84,9.355859,65192.0,0.73625845,0.61,-0.7695511,0.1,2023-10-27 09:05:00
408.65512,2.05,9.2362,84089.0,0.5776571,0.68,-0.67778075,0.06,2023-10-27 09:10:00
407.78168,2.0,9.167535,105924.0,0.45553556,0.67,-0.63827217,0.1,2023-10-27 09:15:00
405.2832,2.0,9.154857,84327.0,0.5613596,0.66,-0.65757734,0.12,2023-10-27 09:20:00
423.3531,2.93,8.979371,120884.0,0.4485512,1.05,-0.43179828,0.08,2023-10-27 09:25:00
422.59872,3.29,8.748222,163454.0,0.3298937,1.17,-0.2839967,0.11,2023-10-27 09:30:00
419.38483,3.09,8.703258,157360.0,0.33462182,1.09,-0.32790217,0.07,2023-10-27 09:35:00
412.84253,2.46,8.705998,136953.0,0.3661176,0.84,-0.455932,0.25,2023-10-27 09:40:00
402.5285,3.37,9.435179,613500.0,0.075539246,1.09,0.07554698,0.18,2023-10-27 09:45:00
429.78345,1.38,9.638558,91079.0,0.6239405,0.51,-0.88605666,0.08,2023-10-27 09:50:00
420.61826,1.81,9.424526,115229.0,0.4611658,0.64,-0.67778075,0.14,2023-10-27 10:05:00
415.7819,2.01,9.590792,67563.0,0.75870824,0.69,-0.7447275,0.16,2023-10-27 10:10:00
415.8503,1.64,9.213235,51831.0,0.9895019,0.57,-0.853872,0.68,2023-10-27 10:15:00
416.52383,1.57,9.894145,50908.0,1.0125302,0.54,-0.9208188,0.04,2023-10-27 10:20:00
383.12857,6.88,6.14477,118604.0,0.3350483,2.01,0.26951295,0.31,2023-10-27 10:30:00
398.1437,5.59,6.8111234,137611.0,0.32548136,1.76,0.15836251,1.11,2023-10-27 10:35:00
404.89368,6.31,6.3226185,80962.0,0.5829436,2.08,0.09342169,0.71,2023-10-27 10:40:00
403.12344,6.79,5.7563963,68075.0,0.68390566,2.21,0.20951504,0.17,2023-10-27 10:45:00
392.744,6.14,5.6785383,54009.0,0.79478943,1.89,0.1430148,0.07,2023-10-27 10:50:00
396.0834,6.52,5.8675547,61644.0,0.7149477,2.04,0.16731733,0.05,2023-10-27 10:55:00
401.97946,4.78,6.6761665,62035.0,0.7438837,1.54,0.017033322,1.07,2023-10-27 11:00:00
398.32635,6.56,5.836052,61952.0,0.7240091,2.08,0.18752073,0.27,2023-10-27 11:05:00
414.59506,5.78,5.101931,55232.0,0.919874,1.97,0.22788674,0.63,2023-10-27 11:10:00
420.00067,4.96,4.7035837,55252.0,0.95738,1.73,0.22271647,0.52,2023-10-27 11:15:00
427.97665,4.26,4.256865,48409.0,1.1586167,1.56,0.22530928,0.08,2023-10-27 11:20:00
425.47885,4.09,4.089963,48620.0,1.1327586,1.48,0.22010809,0.01,2023-10-27 11:25:00
428.93512,4.58,4.154287,52843.0,1.0688157,1.69,0.29446626,0.05,2023-10-27 11:30:00
436.01968,4.7,4.175332,54088.0,1.0988458,1.79,0.28780174,0.03,2023-10-27 11:35:00
434.2349,3.77,4.2800703,56087.0,1.0462371,1.42,0.1492191,0.07,2023-10-27 11:40:00
426.62296,3.8,4.512804,66472.0,0.8354954,1.38,0.16435286,0.05,2023-10-27 11:45:00
422.9945,3.78,4.666348,64469.0,0.83884996,1.35,0.13033378,0.02,2023-10-27 11:50:00
423.37354,3.56,4.7182198,60626.0,0.89451414,1.28,0.07554698,0.05,2023-10-27 11:55:00
421.07037,3.69,4.7081738,66312.0,0.80404294,1.31,0.10037054,0.02,2023-10-27 12:00:00
429.11075,3.74,4.5834265,71653.0,0.7892404,1.38,0.13033378,0.03,2023-10-27 12:05:00
432.53638,3.73,4.750642,75118.0,0.77170205,1.39,0.13672057,0.01,2023-10-27 12:10:00
426.61813,3.7,4.450921,75717.0,0.73345613,1.34,0.1492191,0.04,2023-10-27 12:15:00
418.00043,3.3,4.716142,61255.0,0.8508183,1.16,0.064457975,0.02,2023-10-27 12:20:00
421.53107,3.59,4.0936174,78995.0,0.67725176,1.28,0.13353892,0.04,2023-10-27 12:25:00
442.1007,3.58,4.7946324,59020.0,1.0513893,1.4,0.07188199,0.04,2023-10-27 12:30:00
439.99756,3.51,4.7477994,60413.0,1.0120116,1.36,0.07554698,0.04,2023-10-27 12:35:00
415.5371,3.56,4.2407665,67015.0,0.7635114,1.23,0.1398791,0.04,2023-10-27 12:40:00
418.21988,3.68,4.4188347,62157.0,0.8398427,1.29,0.16731733,0.04,2023-10-27 12:45:00
417.24008,3.8,4.395475,72658.0,0.7132364,1.32,0.2068259,0.05,2023-10-27 12:50:00
418.92307,3.61,4.512095,61650.0,0.85118926,1.27,0.14612804,0.02,2023-10-27 12:55:00
416.4078,3.67,4.6326666,63343.0,0.8130529,1.27,0.13353892,0.13,2023-10-27 13:00:00
414.2967,3.58,4.5715423,57185.0,0.8864693,1.23,0.09342169,0.07,2023-10-27 13:05:00
410.0474,3.64,4.6880593,51851.0,0.9467831,1.22,0.08990512,0.03,2023-10-27 13:10:00
406.05188,3.9,4.7010956,52294.0,0.91057914,1.29,0.12385166,0.02,2023-10-27 13:15:00
406.48914,3.87,4.700904,52725.0,0.90616643,1.28,0.117271274,0.01,2023-10-27 13:20:00
405.11588,3.88,4.658605,54855.0,0.861853,1.27,0.12710482,0.02,2023-10-27 13:25:00
401.86957,3.69,4.602456,48094.0,0.95869684,1.19,0.08990512,0.03,2023-10-27 13:30:00
393.4847,3.49,4.799083,51585.0,0.8370323,1.08,0.053078443,0.01,2023-10-27 14:00:00
405.52246,3.98,4.4752207,62262.0,0.7616976,1.3,0.1492191,0.03,2023-10-27 14:05:00
402.3635,3.9,4.370012,54065.0,0.85608435,1.26,0.13672057,0.07,2023-10-27 14:10:00
403.49628,3.72,4.934967,53820.0,0.86754096,1.21,0.06069783,0.12,2023-10-27 14:15:00
399.90707,3.79,4.6923447,50163.0,0.9052537,1.21,0.10380372,0.13,2023-10-27 14:20:00
401.11926,4.42,4.2576284,62729.0,0.7307642,1.42,0.2624511,0.03,2023-10-27 14:25:00
401.80243,4.08,4.570175,60926.0,0.75638634,1.32,0.18469143,0.2,2023-10-27 14:30:00
400.80463,3.93,4.808669,59771.0,0.7650578,1.27,0.12385166,0.01,2023-10-27 14:35:00
397.26547,3.72,4.940557,56482.0,0.7875601,1.17,0.064457975,0.02,2023-10-27 14:40:00
403.32266,4.15,4.1908712,58452.0,0.79772365,1.35,0.1430148,0.15,2023-10-27 14:45:00
404.39697,4.2,3.6749012,72076.0,0.65231526,1.37,0.21218762,0.09,2023-10-27 14:50:00
402.4208,4.36,3.9982245,68709.0,0.67392534,1.41,0.25285304,0.08,2023-10-27 14:55:00
400.57773,3.99,4.0471964,60510.0,0.7543833,1.28,0.17609127,0.06,2023-10-27 15:00:00
400.99207,4.01,4.593593,60481.0,0.757178,1.29,0.16136801,0.05,2023-10-27 15:05:00
391.1681,3.56,4.6730824,40812.0,1.0387108,1.09,0.049218025,0.02,2023-10-27 15:20:00
391.95056,3.8,4.586643,45380.0,0.93998235,1.17,0.096910015,0.02,2023-10-27 15:25:00
388.0628,3.79,4.628369,40870.0,1.0118184,1.14,0.064457975,0.07,2023-10-27 15:30:00
397.2285,3.9,4.729926,53993.0,0.8236269,1.23,0.13672057,0.19,2023-10-27 15:35:00
386.84534,3.76,5.0509105,35725.0,1.1462696,1.13,0.0,0.02,2023-10-27 15:40:00
384.50848,3.59,4.759548,32246.0,1.2462109,1.06,-0.0043648016,0.15,2023-10-27 15:55:00
385.37152,3.58,4.9523935,34715.0,1.1656853,1.06,-0.0043648016,0.05,2023-10-27 16:00:00
384.6525,3.42,4.936598,31175.0,1.2905272,1.01,-0.036212165,0.07,2023-10-27 16:05:00
381.69516,3.67,4.7236533,39032.0,1.006279,1.07,0.053078443,0.03,2023-10-27 16:10:00
382.0263,3.96,4.7513576,41736.0,0.9436277,1.16,0.08990512,0.04,2023-10-27 16:15:00
383.15945,3.95,4.8465557,41768.0,0.9516387,1.16,0.07188199,0.08,2023-10-27 16:20:00
382.6503,3.96,4.905395,39032.0,1.0141385,1.16,0.05690485,0.04,2023-10-27 16:25:00
381.42493,3.64,4.9415884,36541.0,1.0725096,1.06,0.008600163,0.11,2023-10-27 16:30:00
385.15027,3.65,5.0222206,32682.0,1.2359856,1.08,-0.013228253,0.01,2023-10-27 16:35:00
383.45856,3.61,5.0759335,31663.0,1.2584001,1.06,-0.036212165,0.05,2023-10-27 16:40:00
383.07574,4.06,4.9317236,35141.0,1.1303326,1.19,0.053078443,0.03,2023-10-27 16:45:00
382.66925,4.06,4.8916354,35686.0,1.1093973,1.19,0.06069783,0.08,2023-10-27 16:50:00
383.35074,4.08,5.013053,32182.0,1.2370222,1.2,0.0293838,0.01,2023-10-27 16:55:00
384.23465,4.27,5.047068,33704.0,1.1896596,1.26,0.045322984,0.06,2023-10-27 17:00:00
382.90546,4.64,4.8764434,35288.0,1.124067,1.36,0.12057395,0.05,2023-10-27 17:05:00
383.47342,4.59,4.8503504,35015.0,1.13807,1.35,0.12057395,0.02,2023-10-27 17:10:00
381.56046,4.5,4.9259315,33483.0,1.1717572,1.31,0.096910015,0.04,2023-10-27 17:15:00
384.63608,4.22,4.9156585,36357.0,1.10644,1.25,0.07554698,0.14,2023-10-27 17:20:00
381.65192,4.47,4.8449664,45272.0,0.86727387,1.3,0.1430148,0.21,2023-10-27 17:25:00
385.1549,4.26,4.974063,38038.0,1.0619907,1.26,0.07188199,0.07,2023-10-27 17:30:00
385.0215,4.47,4.934055,39125.0,1.0313729,1.33,0.10380372,0.02,2023-10-27 17:35:00
385.12518,4.34,4.8893046,38420.0,1.0511788,1.29,0.096910015,0.02,2023-10-27 17:40:00
382.9828,4.52,4.881813,45753.0,0.8675063,1.33,0.13033378,0.03,2023-10-27 17:50:00
381.78226,4.59,4.849969,44851.0,0.8763457,1.34,0.14612804,0.03,2023-10-27 17:55:00
380.577,4.25,4.916035,45421.0,0.85687244,1.23,0.096910015,0.02,2023-10-27 18:00:00
381.43143,4.65,4.9211483,41132.0,0.9528508,1.35,0.12057395,0.09,2023-10-27 18:05:00
377.0821,4.35,5.127124,37620.0,1.0052669,1.23,0.06069783,0.03,2023-10-27 18:10:00
379.63785,4.27,5.17263,34025.0,1.1351006,1.23,0.0293838,0.02,2023-10-27 18:15:00
389.04492,4.12,5.1657524,34848.0,1.1960427,1.25,0.033423774,0.05,2023-10-27 18:20:00
377.32486,4.37,5.247295,34127.0,1.1103816,1.24,0.0293838,0.04,2023-10-27 18:25:00
374.9134,3.74,5.208685,28806.0,1.2894939,1.05,-0.045757502,0.04,2023-10-27 18:30:00
376.91306,4.35,5.389063,32667.0,1.1560717,1.24,0.0,0.02,2023-10-27 18:45:00
376.98685,4.57,5.378504,33447.0,1.1297997,1.3,0.0293838,0.04,2023-10-27 18:50:00
375.65036,4.55,5.3876433,32987.0,1.1329595,1.28,0.02118928,0.02,2023-10-27 18:55:00
376.91782,4.58,5.411571,34848.0,1.0837604,1.3,0.02118928,0.01,2023-10-27 19:00:00
376.20538,4.06,5.360653,30617.0,1.2262828,1.15,-0.031517047,0.02,2023-10-27 19:05:00
375.1935,4.33,5.3575554,35111.0,1.0603977,1.22,0.00432137,0.02,2023-10-27 19:10:00
375.7538,4.76,5.45067,40750.0,0.9179138,1.34,0.049218025,0.02,2023-10-27 19:15:00
375.25677,4.86,5.392745,40422.0,0.92155695,1.37,0.05690485,0.06,2023-10-27 19:20:00
371.7713,4.32,5.524645,29016.0,1.2470573,1.19,-0.036212165,0.04,2023-10-27 19:25:00
374.5747,4.79,5.5012817,35060.0,1.0564975,1.35,0.033423774,0.02,2023-10-27 19:30:00
374.36725,4.67,5.487932,33064.0,1.1183456,1.31,0.017033322,0.03,2023-10-27 19:35:00
376.20956,5.07,5.5011816,37511.0,1.0009437,1.44,0.06069783,0.02,2023-10-27 19:40:00
377.37985,5.17,5.3988423,42170.0,0.8990085,1.48,0.096910015,0.04,2023-10-27 19:45:00
373.318,4.52,5.436396,37239.0,0.9843257,1.26,0.02118928,0.04,2023-10-27 19:50:00
374.9582,4.86,5.2990847,35927.0,1.0342914,1.37,0.041392695,0.05,2023-10-27 19:55:00
382.69748,6.42,3.6537104,43700.0,0.90615666,1.89,0.31806332,0.19,2023-10-27 20:00:00
383.50995,6.54,4.6443515,36306.0,1.0979272,1.93,0.26951295,0.13,2023-10-27 20:05:00
377.82016,6.23,4.895273,37132.0,1.0246971,1.78,0.23552847,0.05,2023-10-27 20:10:00
366.34637,6.18,4.8871055,34150.0,1.0121852,1.66,0.22530928,0.17,2023-10-27 20:15:00
362.06323,6.11,5.026062,29416.0,1.132837,1.61,0.1903317,0.04,2023-10-27 20:20:00
362.7889,5.84,5.1568694,26546.0,1.2631619,1.54,0.15228835,0.04,2023-10-27 20:25:00
362.74908,6.18,5.246361,36612.0,0.91555876,1.63,0.2068259,0.07,2023-10-27 20:30:00
367.28745,6.35,5.2716317,32079.0,1.0861713,1.72,0.17609127,0.05,2023-10-27 20:35:00
363.88055,5.93,5.321306,26025.0,1.3005571,1.57,0.1105897,0.05,2023-10-27 20:40:00
359.4517,5.52,5.2614255,25483.0,1.2785382,1.43,0.10037054,0.09,2023-10-27 20:45:00
360.36136,4.81,5.258194,20135.0,1.6309088,1.25,0.0293838,0.13,2023-10-27 20:50:00
356.13916,4.67,5.442031,19981.0,1.5842738,1.19,-0.017728778,0.02,2023-10-27 20:55:00
354.28058,4.09,5.422573,14913.0,2.088375,1.03,-0.09151498,0.02,2023-10-27 21:00:00
351.5678,3.68,5.4427657,13073.0,2.3259816,0.91,-0.13667715,0.02,2023-10-27 21:05:00
350.05194,4.04,5.5106893,16378.0,1.8318028,0.99,-0.09691001,0.02,2023-10-27 21:10:00
348.99188,4.2,5.5557,17034.0,1.744708,1.02,-0.08618615,0.05,2023-10-27 21:15:00
349.90396,3.83,5.421033,14923.0,2.0077603,0.94,-0.11350928,0.05,2023-10-27 21:20:00
350.87686,4.19,4.7220864,17587.0,1.7184235,1.03,-0.06550154,0.11,2023-10-27 21:25:00
361.126,5.79,5.20665,30739.0,1.0753682,1.52,0.117271274,0.07,2023-10-27 21:30:00
361.95056,6.01,5.718391,31040.0,1.072528,1.57,0.064457975,0.13,2023-10-27 21:35:00
361.3377,6.34,6.02201,30209.0,1.0962332,1.65,0.05690485,0.04,2023-10-27 21:40:00
359.89578,5.98,6.2479515,28353.0,1.1535448,1.55,0.0,0.06,2023-10-27 21:45:00
364.13287,6.31,5.7934184,28183.0,1.2035664,1.68,0.049218025,0.2,2023-10-27 21:50:00
368.93658,7.6,6.0980897,31880.0,1.1083007,2.07,0.13033378,0.01,2023-10-27 21:55:00
362.89893,7.35,6.0815296,28896.0,1.1615298,1.94,0.096910015,0.12,2023-10-27 22:05:00
367.0986,7.47,5.9580956,30759.0,1.1309714,2.02,0.09342169,0.07,2023-10-27 22:10:00
368.1076,7.73,6.1243773,30913.0,1.134994,2.11,0.1105897,0.04,2023-10-27 22:15:00
377.1007,8.18,6.328981,33782.0,1.1196483,2.33,0.12710482,0.04,2023-10-27 22:20:00
372.2804,7.91,6.366451,34159.0,1.0638218,2.2,0.08278538,0.07,2023-10-27 22:25:00
373.52747,7.49,6.2540946,32593.0,1.1266031,2.09,0.049218025,0.04,2023-10-27 22:30:00
367.24582,7.89,6.4369245,32827.0,1.0610473,2.13,0.06818584,0.04,2023-10-27 22:35:00
363.38162,7.26,6.6707273,33696.0,1.0001997,1.92,0.0293838,0.01,2023-10-27 22:40:00
359.81845,7.13,6.801331,30628.0,1.0671474,1.85,0.00432137,0.01,2023-10-27 23:00:00
361.96292,7.57,6.5505877,31011.0,1.0736451,1.99,0.02118928,0.02,2023-10-27 23:10:00
360.4848,7.56,7.061905,31120.0,1.0563425,1.96,-0.0043648016,0.09,2023-10-27 23:15:00
358.6641,7.17,7.156989,27621.0,1.1715459,1.84,-0.0409586,0.03,2023-10-27 23:20:00
359.46164,8.25,7.038075,30140.0,1.0810813,2.13,0.037426513,0.02,2023-10-27 23:25:00
357.6173,8.07,7.028079,27653.0,1.1595912,2.07,0.017033322,0.04,2023-10-27 23:30:00
355.52917,8.16,7.118511,28861.0,1.0909842,2.07,0.02118928,0.02,2023-10-27 23:35:00
349.35684,7.22,7.001836,23598.0,1.2635056,1.77,-0.0409586,0.07,2023-10-27 23:40:00
355.27502,8.69,7.118244,30722.0,1.0226185,2.19,0.05690485,0.04,2023-10-27 23:45:00
357.16653,8.91,7.083975,29604.0,1.0789256,2.28,0.06069783,0.01,2023-10-27 23:50:00
356.391,8.96,7.0114617,29193.0,1.0867368,2.27,0.07188199,0.05,2023-10-27 23:55:00
354.70663,8.33,7.0037847,25415.0,1.230009,2.1,0.0293838,0.04,2023-10-28 00:00:00
355.5468,8.84,6.930433,30418.0,1.0353003,2.24,0.07188199,0.07,2023-10-28 00:05:00
355.84048,8.18,6.7561083,24394.0,1.2942857,2.08,0.008600163,0.09,2023-10-28 00:10:00
358.91293,7.95,7.3155246,28099.0,1.1541055,2.05,-0.022276402,0.04,2023-10-28 00:15:00
354.61023,6.32,7.173904,20923.0,1.4928185,1.6,-0.13076828,0.15,2023-10-28 00:20:00
354.58865,6.88,6.9340177,21607.0,1.4452873,1.73,-0.08092192,0.07,2023-10-28 00:25:00
358.96805,8.06,7.3305798,25750.0,1.2599889,2.08,-0.017728778,0.03,2023-10-28 00:30:00
355.67978,7.76,7.401871,23983.0,1.3146161,1.96,-0.05061,0.05,2023-10-28 00:35:00
359.2726,7.92,7.571968,24597.0,1.3225386,2.04,-0.060480744,0.03,2023-10-28 00:40:00
360.82068,7.76,7.571585,25006.0,1.3184364,2.02,-0.07058106,0.02,2023-10-28 00:45:00
356.3294,7.49,7.6720986,23413.0,1.3542923,1.9,-0.10237289,0.02,2023-10-28 00:50:00
353.2793,7.59,7.745412,23602.0,1.307972,1.9,-0.09691001,0.02,2023-10-28 00:55:00
356.45865,7.67,7.496973,28522.0,1.1129605,1.95,-0.06550154,0.07,2023-10-28 01:00:00
353.29477,7.19,7.6947904,26420.0,1.1686207,1.79,-0.10237289,0.1,2023-10-28 01:05:00
351.45,7.86,7.4812164,28227.0,1.0761276,1.94,-0.036212165,0.05,2023-10-28 01:10:00
345.05484,6.22,7.5050983,16873.0,1.7002338,1.48,-0.18045606,0.1,2023-10-28 01:15:00
350.79572,7.16,7.5897365,29549.0,1.0220364,1.76,-0.09151498,0.03,2023-10-28 01:20:00
348.88254,7.2,7.647601,28489.0,1.0421696,1.75,-0.09691001,0.02,2023-10-28 01:40:00
352.5218,7.67,7.3786244,27542.0,1.113396,1.91,-0.0409586,0.13,2023-10-28 01:45:00
351.8128,7.92,7.1736813,29462.0,1.0343348,1.96,-0.008773916,0.03,2023-10-28 01:50:00
337.59012,5.86,7.08137,16564.0,1.6179578,1.33,-0.18045606,0.03,2023-10-28 01:55:00
344.98395,6.25,7.2406073,18333.0,1.5638304,1.49,-0.14874166,0.03,2023-10-28 02:00:00
346.74844,7.24,7.2811604,25364.0,1.1484253,1.74,-0.07058106,0.02,2023-10-28 02:05:00
350.26556,7.3,7.0016427,28530.0,1.0535681,1.79,-0.05551733,0.02,2023-10-28 02:10:00
353.89175,6.93,7.1452923,28059.0,1.1061568,1.74,-0.07572073,0.04,2023-10-28 02:15:00
355.43634,6.86,6.936296,27698.0,1.1358695,1.75,-0.07058106,0.04,2023-10-28 02:25:00
334.55734,5.91,6.923662,16272.0,1.601368,1.32,-0.16115092,0.01,2023-10-28 02:30:00
349.46945,6.82,6.618437,22583.0,1.3216195,1.69,-0.08092192,0.02,2023-10-28 02:35:00
346.47327,6.08,6.466158,19707.0,1.474438,1.46,-0.16115092,0.12,2023-10-28 02:40:00
343.16623,6.73,7.2219872,21206.0,1.3299093,1.59,-0.13667715,0.01,2023-10-28 02:45:00
351.88162,7.85,7.452523,32907.0,0.9266155,1.95,-0.031517047,0.02,2023-10-28 02:50:00
355.74527,7.59,7.2512207,33943.0,0.9293966,1.92,-0.022276402,0.12,2023-10-28 02:55:00
372.12775,8.75,7.1050544,48724.0,0.7448635,2.42,0.09342169,0.03,2023-10-28 03:00:00
368.6565,8.66,6.9086466,51204.0,0.6884071,2.35,0.10037054,0.04,2023-10-28 03:05:00
356.36133,6.58,6.888613,24350.0,1.3025419,1.68,-0.11350928,0.15,2023-10-28 03:10:00
348.99353,6.83,7.4019594,26406.0,1.1254936,1.69,-0.13076828,0.16,2023-10-28 03:15:00
350.1624,7.2,7.8452854,23396.0,1.283585,1.77,-0.14874166,0.18,2023-10-28 03:20:00
355.73355,7.25,7.8463626,23901.0,1.3197472,1.84,-0.17392519,0.08,2023-10-28 03:25:00
356.02866,7.46,8.1750965,22257.0,1.4208926,1.9,-0.18045606,0.09,2023-10-28 03:30:00
356.42776,6.25,8.327959,17602.0,1.8029373,1.59,-0.27572417,0.08,2023-10-28 03:35:00
356.24045,6.17,8.419869,18195.0,1.7413249,1.56,-0.27572417,0.12,2023-10-28 03:40:00
355.65042,7.77,8.527491,22342.0,1.4108108,1.97,-0.18045606,0.02,2023-10-28 03:45:00
356.24713,7.89,8.488564,22177.0,1.4287443,2.0,-0.14874166,0.01,2023-10-28 03:50:00
376.62393,9.43,8.491896,32564.0,1.1569613,2.68,-0.060480744,0.01,2023-10-28 03:55:00
373.32162,9.27,8.38281,35244.0,1.0400757,2.58,-0.060480744,0.01,2023-10-28 04:00:00
359.9994,8.18,8.278599,26292.0,1.2450851,2.13,-0.14874166,0.04,2023-10-28 04:05:00
353.75836,7.71,8.696447,22071.0,1.4046148,1.93,-0.19382004,0.02,2023-10-28 04:10:00
353.75836,7.71,8.680755,22071.0,1.4046148,1.93,-0.19382004,0.02,2023-10-28 04:15:00
358.57007,8.22,8.674532,23718.0,1.3632207,2.11,-0.16115092,0.02,2023-10-28 04:20:00
358.67966,8.36,8.720694,25178.0,1.2853935,2.15,-0.15490197,0.01,2023-10-28 04:25:00
363.89658,8.86,8.51158,33348.0,1.0151025,2.35,-0.08618615,0.18,2023-10-28 04:35:00
366.04626,10.69,7.577724,42364.0,0.8138527,2.9,0.06818584,0.16,2023-10-28 04:40:00
386.98947,18.86,8.533622,47241.0,0.8678479,5.65,0.26717174,0.33,2023-10-28 04:45:00
386.97128,17.09,9.224706,49501.0,0.82810444,5.12,0.15836251,0.19,2023-10-28 04:50:00
385.46054,17.04,9.935361,56560.0,0.71598077,5.07,0.11394334,0.26,2023-10-28 04:55:00
388.31662,19.67,9.8795595,47450.0,0.873283,5.93,0.15836251,0.39,2023-10-28 05:00:00
390.86392,21.3,9.669628,40339.0,1.0483488,6.51,0.19589968,0.21,2023-10-28 05:05:00
384.63922,18.99,10.005343,40476.0,0.99386966,5.62,0.12385166,0.36,2023-10-28 05:10:00
385.08,18.41,9.923654,49605.0,0.8138604,5.46,0.13353892,0.23,2023-10-28 05:15:00
383.6959,18.17,10.13817,51692.0,0.77229613,5.35,0.11394334,0.07,2023-10-28 05:20:00
387.0945,18.4,10.526528,49960.0,0.82131016,5.52,0.08990512,0.26,2023-10-28 05:25:00
390.39948,18.64,10.489885,55794.0,0.75515467,5.68,0.1105897,0.29,2023-10-28 05:30:00
387.35474,19.55,11.088142,44896.0,0.91586304,5.87,0.05690485,0.04,2023-10-28 05:35:00
389.06885,18.37,11.444793,47093.0,0.88521993,5.56,0.00432137,0.06,2023-10-28 05:40:00
388.78705,18.27,11.154989,50711.0,0.82021147,5.53,0.0293838,0.18,2023-10-28 05:45:00
389.59595,17.71,11.633916,46086.0,0.90838295,5.38,-0.036212165,0.09,2023-10-28 05:50:00
387.78506,16.09,11.391422,45753.0,0.9018197,4.84,-0.05551733,0.31,2023-10-28 05:55:00
387.11502,14.85,12.072879,42486.0,0.9659517,4.45,-0.1426675,0.14,2023-10-28 06:00:00
386.56976,14.94,11.769801,43904.0,0.93066096,4.47,-0.12493874,0.04,2023-10-28 06:10:00
389.6339,15.14,11.333976,36330.0,1.1526681,4.61,-0.09151498,0.39,2023-10-28 06:15:00
390.6744,16.44,10.338734,45029.0,0.93774116,5.02,0.025305841,0.26,2023-10-28 06:20:00
388.8455,16.56,10.46335,55854.0,0.7450354,5.01,0.064457975,0.09,2023-10-28 06:25:00
385.5296,16.56,10.452875,47386.0,0.85507256,4.92,0.041392695,0.23,2023-10-28 06:30:00
385.29004,15.18,10.362283,58855.0,0.68711466,4.51,0.017033322,0.25,2023-10-28 06:35:00
394.95892,16.9,8.964273,65736.0,0.66453534,5.28,0.13033378,0.19,2023-10-28 06:40:00
394.47336,18.86,8.744467,73011.0,0.59603256,5.88,0.2855573,0.39,2023-10-28 06:45:00
411.505,19.44,7.613416,96000.0,0.5170514,6.59,0.4232459,0.24,2023-10-28 06:50:00
415.4667,16.88,9.050685,85478.0,0.59827954,5.84,0.2624511,0.54,2023-10-28 06:55:00
406.42197,16.81,9.3660345,72716.0,0.6567064,5.55,0.17609127,0.31,2023-10-28 07:00:00
408.63077,18.62,5.6252375,92212.0,0.5266733,6.22,0.45939252,1.04,2023-10-28 07:05:00
406.8099,19.98,6.765412,108484.0,0.44149455,6.61,0.5865873,0.97,2023-10-28 07:10:00
407.33813,19.06,8.0162525,104752.0,0.4590744,6.33,0.4456042,0.4,2023-10-28 07:15:00
402.8188,18.7,3.4733703,133626.0,0.34759283,6.07,0.79169065,1.05,2023-10-28 07:20:00
417.83752,11.08,9.88171,225054.0,0.23129416,3.87,0.20139715,0.92,2023-10-28 07:25:00
425.22018,11.91,4.5578613,212748.0,0.25838342,4.3,0.372912,0.75,2023-10-28 07:30:00
432.95676,11.48,9.993853,243183.0,0.23909678,4.3,0.23804612,0.16,2023-10-28 07:40:00
434.13,11.46,9.858504,260515.0,0.22507791,4.31,0.2787536,0.4,2023-10-28 07:45:00
433.6872,11.14,10.188416,265080.0,0.22050022,4.19,0.27184162,0.24,2023-10-28 07:50:00
445.0613,10.96,10.730196,204003.0,0.31056297,4.35,0.10380372,0.82,2023-10-28 08:00:00
448.1737,11.61,9.525828,222035.0,0.2915992,4.66,0.26007143,0.19,2023-10-28 08:05:00
443.387,11.61,9.725374,216352.0,0.28942075,4.56,0.24054927,0.07,2023-10-28 08:10:00
441.12106,11.32,9.351176,212898.0,0.28946233,4.41,0.23552847,0.15,2023-10-28 08:15:00
449.3657,11.59,8.477046,234191.0,0.27875876,4.68,0.32837963,0.19,2023-10-28 08:20:00
443.69543,10.8,8.18236,224101.0,0.2800186,4.26,0.23299614,0.51,2023-10-28 08:25:00
445.84338,10.48,8.823854,190659.0,0.33412004,4.16,0.17609127,0.29,2023-10-28 08:30:00
454.01855,10.35,9.239941,198866.0,0.33897275,4.27,0.17609127,0.29,2023-10-28 08:35:00
464.51987,10.88,8.564123,231186.0,0.3130964,4.69,0.31806332,0.15,2023-10-28 08:40:00
464.04056,10.17,9.260183,233634.0,0.30882174,4.38,0.22530928,0.49,2023-10-28 08:45:00
466.69125,9.54,9.8152685,222097.0,0.3306754,4.16,0.15836251,0.29,2023-10-28 08:50:00
463.7785,9.11,9.736247,196799.0,0.36597994,3.92,0.10720996,0.15,2023-10-28 08:55:00
460.03073,9.31,9.812701,193965.0,0.36206564,3.94,0.1105897,0.08,2023-10-28 09:00:00
449.67886,9.12,9.845649,187701.0,0.34855723,3.69,0.08278538,0.09,2023-10-28 09:05:00
455.84103,8.78,10.020584,182800.0,0.3733921,3.65,0.017033322,0.23,2023-10-28 09:10:00
459.58615,8.27,10.502328,179047.0,0.39105377,3.5,-0.022276402,0.05,2023-10-28 09:15:00
460.17322,8.61,10.534391,182749.0,0.38465765,3.64,0.0,0.06,2023-10-28 09:20:00
459.40424,8.31,9.438712,175560.0,0.39832968,3.52,0.00432137,0.09,2023-10-28 09:25:00
458.02133,8.35,10.481894,169655.0,0.4083436,3.5,-0.036212165,0.2,2023-10-28 09:30:00
453.47852,8.36,10.429272,183328.0,0.3663426,3.44,-0.008773916,0.23,2023-10-28 09:35:00
478.34296,8.11,8.840419,242098.0,0.32756135,3.72,0.10720996,0.13,2023-10-28 09:40:00
451.6815,7.24,10.094082,156176.0,0.42475048,2.96,-0.12493874,0.29,2023-10-28 09:45:00
449.04825,7.21,10.446115,153018.0,0.42569727,2.91,-0.11350928,0.05,2023-10-28 09:50:00
451.78955,6.52,10.376251,137655.0,0.48225808,2.66,-0.20065947,0.25,2023-10-28 09:55:00
448.85413,6.91,11.395231,135663.0,0.47950968,2.78,-0.23657204,0.13,2023-10-28 10:00:00
452.403,7.25,11.088196,148124.0,0.45007062,2.97,-0.17392519,0.16,2023-10-28 10:05:00
446.88885,6.56,10.971294,137078.0,0.46812147,2.62,-0.25963733,0.22,2023-10-28 10:10:00
446.7079,7.13,11.005389,156137.0,0.41046193,2.85,-0.1674911,0.18,2023-10-28 10:15:00
441.0025,7.44,11.004309,176164.0,0.3495289,2.89,-0.10790541,0.05,2023-10-28 10:20:00
443.80298,8.05,10.696065,172126.0,0.36484793,3.17,-0.060480744,0.23,2023-10-28 10:25:00
455.11014,7.88,9.622484,178499.0,0.38048375,3.27,-0.031517047,0.69,2023-10-28 10:30:00
461.5336,8.14,10.886808,199333.0,0.35591063,3.47,-0.026872149,0.06,2023-10-28 10:35:00
461.5336,8.14,10.499286,199333.0,0.35591063,3.47,-0.026872149,0.15,2023-10-28 10:40:00
447.034,7.62,10.280555,181090.0,0.3547079,3.04,-0.0409586,0.18,2023-10-28 10:45:00
449.77377,8.14,9.323143,191048.0,0.34267578,3.29,0.07554698,0.69,2023-10-28 10:50:00
445.6762,8.46,8.3882,207404.0,0.30678606,3.37,0.16435286,0.35,2023-10-28 10:55:00
469.54733,8.15,8.232211,214807.0,0.3484534,3.6,0.15228835,0.14,2023-10-28 11:00:00
464.99323,8.83,8.982004,217530.0,0.33380854,3.82,0.16435286,0.05,2023-10-28 11:05:00
470.51395,8.57,8.556734,220376.0,0.34182915,3.8,0.17609127,0.2,2023-10-28 11:10:00
478.96002,8.93,8.353077,263110.0,0.30261433,4.1,0.24303806,0.48,2023-10-28 11:15:00
473.71216,9.11,8.232047,245906.0,0.31286922,4.09,0.21748395,0.41,2023-10-28 11:20:00
465.6608,9.0,8.493233,225279.0,0.3237691,3.91,0.19865711,0.14,2023-10-28 11:25:00
468.57104,9.44,8.8502035,219390.0,0.33897087,4.15,0.23804612,0.14,2023-10-28 11:30:00
466.6194,7.9,7.824206,217800.0,0.33703765,3.44,0.17026173,0.19,2023-10-28 11:35:00
476.10406,8.52,7.080629,250192.0,0.3123689,3.87,0.28103337,0.34,2023-10-28 11:40:00
483.7054,8.14,7.028855,243183.0,0.33761555,3.81,0.32837963,0.31,2023-10-28 11:45:00
473.1847,7.44,8.697097,199333.0,0.38463303,3.33,0.15228835,0.69,2023-10-28 11:50:00
469.45248,7.95,9.235026,199082.0,0.3757405,3.5,0.096910015,0.09,2023-10-28 11:55:00
465.90387,7.85,9.276885,193816.0,0.37693983,3.41,0.07918126,0.02,2023-10-28 12:00:00
459.76025,8.02,9.069542,182348.0,0.3844276,3.39,0.08990512,0.11,2023-10-28 12:05:00
459.25787,8.06,9.261782,197255.0,0.3541681,3.4,0.10380372,0.07,2023-10-28 12:10:00
460.31128,8.1,9.304886,185684.0,0.37893128,3.43,0.08635984,0.02,2023-10-28 12:15:00
473.33173,8.44,7.7647734,202922.0,0.3781957,3.78,0.28780174,0.59,2023-10-28 12:25:00
473.0223,8.33,7.1199784,236653.0,0.3236307,3.73,0.3201463,0.29,2023-10-28 12:30:00
460.78244,7.59,7.390108,208543.0,0.3384717,3.23,0.21748395,0.24,2023-10-28 12:35:00
455.41653,6.31,9.043788,181754.0,0.37445343,2.62,-0.045757502,0.29,2023-10-28 12:40:00
469.06754,7.3,8.68,191086.0,0.390465,3.21,0.117271274,0.13,2023-10-28 12:50:00
449.53473,6.0,9.957962,112682.0,0.58003294,2.43,-0.22184876,0.76,2023-10-28 12:55:00
449.4041,5.85,10.349343,126707.0,0.5153636,2.36,-0.23657204,0.45,2023-10-28 13:00:00
447.52908,6.02,10.790908,111864.0,0.5761977,2.41,-0.27572417,0.17,2023-10-28 13:05:00
440.37134,4.86,11.608829,94636.0,0.6477502,1.89,-0.48148608,0.03,2023-10-28 13:10:00
440.589,4.91,11.575771,95677.0,0.64168876,1.91,-0.4685211,0.03,2023-10-28 13:15:00
439.66263,5.36,11.441617,93704.0,0.65092105,2.07,-0.4202164,0.1,2023-10-28 13:20:00
442.4442,5.79,11.151296,99792.0,0.6233286,2.27,-0.35654733,0.22,2023-10-28 13:25:00
442.8685,7.5,10.079434,133376.0,0.46776855,2.94,-0.10237289,0.16,2023-10-28 13:30:00
439.31506,7.25,10.15552,127621.0,0.47675475,2.8,-0.13667715,0.1,2023-10-28 13:35:00
437.97333,7.13,10.567162,113994.0,0.5286885,2.73,-0.19382004,0.12,2023-10-28 13:40:00
435.6459,6.88,10.913978,110180.0,0.5379915,2.61,-0.24412516,0.04,2023-10-28 13:45:00
433.02396,6.75,11.024128,105203.0,0.5529536,2.53,-0.26760623,0.05,2023-10-28 13:50:00
430.79025,7.38,10.884282,113955.0,0.5023328,2.74,-0.20760833,0.04,2023-10-28 13:55:00
440.4407,7.85,10.567507,141725.0,0.4327433,3.05,-0.09151498,0.22,2023-10-28 14:00:00
430.54703,8.26,9.770701,128988.0,0.44300836,3.07,-0.060480744,0.1,2023-10-28 14:10:00
432.2785,8.49,9.808884,136652.0,0.4234201,3.17,-0.05551733,0.09,2023-10-28 14:15:00
434.10782,8.36,9.743747,139540.0,0.4201437,3.15,-0.07058106,0.11,2023-10-28 14:20:00
432.3569,9.31,8.544033,113270.0,0.51111394,3.48,-0.0043648016,0.25,2023-10-28 14:25:00
436.78247,9.82,9.152256,123014.0,0.4857873,3.75,0.07918126,0.09,2023-10-28 14:30:00
443.15823,8.06,9.266613,141188.0,0.44278723,3.16,0.00432137,0.17,2023-10-28 14:35:00
444.15616,7.62,8.805135,191766.0,0.3282934,3.01,0.117271274,0.07,2023-10-28 14:40:00
448.6819,9.86,8.829326,131569.0,0.49384004,3.97,0.12710482,0.05,2023-10-28 14:45:00
452.74103,9.94,8.95181,134961.0,0.49511668,4.08,0.12710482,0.22,2023-10-28 14:50:00
449.2883,10.07,9.031788,124929.0,0.5222791,4.07,0.1105897,0.17,2023-10-28 14:55:00
446.7648,10.31,9.284465,117866.0,0.5439544,4.12,0.08278538,0.12,2023-10-28 15:00:00
445.86215,9.44,9.546465,136390.0,0.46712616,3.75,0.045322984,0.14,2023-10-28 15:05:00
447.0845,9.79,9.886622,122244.0,0.52564263,3.92,0.017033322,0.05,2023-10-28 15:10:00
446.66043,9.62,10.053626,124700.0,0.51376987,3.84,0.0,0.05,2023-10-28 15:15:00
440.65158,9.55,9.974809,127656.0,0.4811526,3.71,0.0,0.09,2023-10-28 15:20:00
447.9007,9.38,10.0040045,124700.0,0.518224,3.76,-0.0043648016,0.1,2023-10-28 15:25:00
445.39832,9.6,9.743516,121592.0,0.52228135,3.81,-0.008773916,0.27,2023-10-28 15:30:00
444.38138,10.18,7.333253,149705.0,0.42119464,4.02,0.34830487,1.63,2023-10-28 15:35:00
443.6416,8.69,9.105168,132844.0,0.4721986,3.41,0.07918126,1.57,2023-10-28 15:40:00
451.38974,7.57,11.2532215,128147.0,0.516614,3.09,-0.20065947,0.09,2023-10-28 15:45:00
478.37805,7.03,10.597401,201831.0,0.39300245,3.24,-0.0409586,0.67,2023-10-28 15:50:00
491.96918,7.03,8.126876,283326.0,0.30547202,3.42,0.23044895,0.23,2023-10-28 15:55:00
499.918,6.11,4.913583,425236.0,0.21394248,3.06,0.35024804,0.23,2023-10-28 16:00:00
504.13,9.13,6.2385654,265138.0,0.35220712,4.64,0.49554437,0.39,2023-10-28 16:05:00
495.84186,5.23,7.329679,822531.0,0.10782171,2.57,0.54282546,0.36,2023-10-28 16:15:00
471.9061,5.87,6.261206,164853.0,0.46118042,2.61,0.11394334,0.98,2023-10-28 16:20:00
512.8555,9.8,4.8810654,325060.0,0.30304438,5.16,0.7339993,0.89,2023-10-28 16:30:00
501.45175,8.86,3.1732318,281002.0,0.326858,4.46,0.5843312,0.31,2023-10-28 16:35:00
494.73663,8.1,5.8929873,266494.0,0.33048686,3.97,0.30535138,0.83,2023-10-28 16:40:00
489.11972,8.44,8.052683,234818.0,0.36197057,4.04,0.16731733,0.24,2023-10-28 16:45:00
499.9735,7.83,7.4915953,233183.0,0.39028364,3.92,0.16435286,0.56,2023-10-28 17:05:00
497.83005,7.19,10.065014,192214.0,0.46717933,3.57,-0.031517047,0.07,2023-10-28 17:50:00
505.02173,7.24,10.013176,185952.0,0.5049619,3.7,-0.031517047,0.19,2023-10-28 17:55:00
505.24622,7.54,10.000625,190007.0,0.49486956,3.85,-0.008773916,0.08,2023-10-28 18:00:00
501.73425,6.78,10.559413,165324.0,0.5565371,3.41,-0.12493874,0.33,2023-10-28 18:05:00
515.09344,6.61,10.775875,148530.0,0.6722676,3.51,-0.18045606,0.08,2023-10-28 18:10:00
512.4495,6.52,10.025073,168027.0,0.584817,3.42,-0.13076828,0.4,2023-10-28 18:15:00
511.13647,6.47,10.38719,169304.0,0.57578886,3.38,-0.13076828,0.1,2023-10-28 18:20:00
513.4226,6.63,10.78987,167396.0,0.59049845,3.5,-0.16115092,0.08,2023-10-28 18:25:00
519.25116,8.72,6.402539,237658.0,0.4307972,4.72,0.4983106,2.36,2023-10-28 18:30:00
517.00604,9.22,7.016623,240124.0,0.42066026,4.93,0.17026173,1.97,2023-10-28 18:35:00
513.77106,9.1,9.422553,237848.0,0.41646793,4.8,0.16435286,0.1,2023-10-28 18:40:00
499.88528,8.66,8.857748,237978.0,0.38220975,4.33,0.17609127,0.41,2023-10-28 18:45:00
510.90857,8.52,10.08727,307563.0,0.31651437,4.45,0.20412001,0.37,2023-10-28 18:50:00
506.4665,7.07,10.615395,170586.0,0.55536467,3.63,-0.119186416,0.14,2023-10-28 18:55:00
504.36963,7.28,9.917187,198909.0,0.47017354,3.71,-0.0043648016,0.37,2023-10-28 19:00:00
520.4247,8.67,6.357838,280789.0,0.3671954,4.7,0.35602587,0.18,2023-10-28 19:05:00
533.57416,9.2,6.791002,279169.0,0.3991585,5.24,0.49554437,0.45,2023-10-28 19:10:00
524.68536,9.03,4.866292,301554.0,0.35069984,4.97,0.6344773,1.03,2023-10-28 19:20:00
527.51025,8.32,2.777571,451630.0,0.23810977,4.63,1.242293,0.93,2023-10-28 19:25:00
514.2601,6.72,5.6508846,345439.0,0.28760466,3.57,0.6693169,2.13,2023-10-28 19:30:00
525.50696,6.48,10.246024,225478.0,0.47131568,3.59,-0.036212165,0.66,2023-10-28 19:35:00
514.16797,5.93,12.055916,134359.0,0.7390237,3.13,-0.3467875,0.16,2023-10-28 19:40:00
510.27863,6.72,10.054268,324224.0,0.29909858,3.51,0.10037054,1.03,2023-10-28 19:45:00
505.8398,7.59,7.278475,329886.0,0.2860776,3.89,0.3138672,0.34,2023-10-28 19:50:00
509.01147,7.88,9.067888,250915.0,0.38350546,4.08,0.17609127,0.26,2023-10-28 19:55:00
506.58807,7.54,9.10961,204224.0,0.4642366,3.87,0.08635984,0.08,2023-10-28 20:00:00
512.9547,7.36,8.745633,217075.0,0.45406854,3.87,0.13033378,0.34,2023-10-28 20:10:00
512.9547,7.36,6.537018,217075.0,0.45406854,3.87,0.26481783,0.31,2023-10-28 20:15:00
501.46738,8.09,7.2870364,281400.0,0.32642743,4.07,0.45939252,0.53,2023-10-28 20:25:00
500.42178,7.07,7.431783,294614.0,0.30976722,3.54,0.29003462,0.31,2023-10-28 20:35:00
503.49014,6.67,5.783321,265939.0,0.34976077,3.38,0.29003462,1.0,2023-10-28 20:40:00
510.14902,7.86,8.184315,207755.0,0.46640652,4.09,0.1105897,0.62,2023-10-28 20:55:00
503.67072,8.87,8.806515,234818.0,0.39655784,4.5,0.17609127,0.19,2023-10-28 21:10:00
498.89017,7.91,8.9384,261148.0,0.34614486,3.94,0.1492191,0.17,2023-10-28 21:15:00
514.95154,8.13,8.652451,207755.0,0.4802113,4.31,0.13033378,0.13,2023-10-28 21:35:00
496.47092,7.83,9.385675,219737.0,0.40520006,3.86,0.10380372,0.07,2023-10-28 21:40:00
501.37543,7.53,9.305557,219983.0,0.4173243,3.79,0.08990512,0.03,2023-10-28 21:45:00
506.18106,7.32,8.370968,240639.0,0.39300078,3.75,0.16136801,0.04,2023-10-28 22:00:00
520.8496,8.26,6.7839074,259560.0,0.39823824,4.48,0.3201463,0.45,2023-10-28 22:15:00
520.8496,8.26,6.6829185,259560.0,0.39823824,4.48,0.363612,0.17,2023-10-28 22:20:00
513.2284,8.72,5.9468145,293914.0,0.33591703,4.59,0.43456894,0.2,2023-10-28 22:25:00
520.0584,8.61,7.2013125,270014.0,0.38101253,4.66,0.38738984,0.16,2023-10-28 22:35:00
519.97864,8.73,7.1423316,298996.0,0.3439163,4.72,0.4409091,0.02,2023-10-28 22:40:00
513.59406,8.15,7.2503657,245827.0,0.40251833,4.3,0.3201463,0.05,2023-10-28 22:45:00
514.72253,8.07,7.162716,245443.0,0.40591192,4.28,0.2922561,0.14,2023-10-28 22:50:00
512.0345,7.96,7.0333915,254809.0,0.38467047,4.18,0.31806332,0.23,2023-10-28 22:55:00
516.10333,7.59,7.7067437,231767.0,0.4334638,4.04,0.2787536,0.06,2023-10-28 23:05:00
524.6313,7.69,7.3937807,226832.0,0.46607623,4.24,0.27184162,0.03,2023-10-28 23:10:00
529.1865,7.43,7.1995974,220059.0,0.49352613,4.17,0.2552725,0.04,2023-10-28 23:15:00
529.0966,7.56,7.291008,222822.0,0.48714876,4.25,0.26951295,0.07,2023-10-28 23:20:00
518.89764,7.11,6.704461,194742.0,0.52462006,3.83,0.22530928,0.07,2023-10-28 23:25:00
511.6792,7.17,6.10788,226401.0,0.43200317,3.75,0.28780174,0.06,2023-10-28 23:30:00
530.22644,7.11,6.238477,244510.0,0.44689634,3.99,0.2764618,0.24,2023-10-28 23:35:00
532.2877,7.49,5.432808,233343.0,0.47397372,4.24,0.27415785,0.21,2023-10-28 23:40:00
540.1427,7.03,4.857582,275800.0,0.41972032,4.12,0.365488,0.42,2023-10-28 23:45:00
547.99084,7.05,7.2299447,273067.0,0.44339147,4.23,0.30319607,0.33,2023-10-28 23:50:00
556.83905,5.92,6.9795775,288064.0,0.44179696,3.68,0.27415785,0.52,2023-10-28 23:55:00
564.82135,6.02,6.8698034,332163.0,0.40050057,3.84,0.36172783,0.46,2023-10-29 00:00:00
563.59924,5.85,6.5266685,329510.0,0.40101215,3.72,0.39794004,0.24,2023-10-29 00:05:00
553.00476,5.82,5.0320873,305060.0,0.4083052,3.56,0.3944517,0.12,2023-10-29 00:10:00
562.6319,5.93,5.456281,281498.0,0.46690467,3.76,0.33645976,0.1,2023-10-29 00:15:00
555.97754,5.86,4.048074,286373.0,0.4422689,3.62,0.3384565,0.19,2023-10-29 00:30:00
555.97125,6.14,5.0642767,316251.0,0.4004711,3.8,0.4409091,0.14,2023-10-29 00:35:00
555.97125,6.14,4.5474386,316251.0,0.4004711,3.8,0.4409091,0.21,2023-10-29 00:40:00
548.9949,5.52,4.9806123,281400.0,0.43272018,3.33,0.3324385,0.06,2023-10-29 00:50:00
567.8366,5.77,3.6946042,293914.0,0.46018478,3.72,0.33645976,0.24,2023-10-29 00:55:00
568.38916,5.89,3.9769588,304118.0,0.44609302,3.81,0.34830487,0.24,2023-10-29 01:00:00
566.7185,5.74,5.722395,281400.0,0.47770935,3.69,0.27184162,0.18,2023-10-29 01:05:00
563.3526,6.54,6.2479677,282813.0,0.46658948,4.15,0.2988531,0.14,2023-10-29 01:15:00
562.34357,5.75,6.711289,232405.0,0.5646315,3.64,0.19865711,0.1,2023-10-29 01:20:00
557.60016,5.76,6.7743487,254827.0,0.5015484,3.58,0.2552725,0.18,2023-10-29 01:25:00
577.5573,2.69,5.8172503,99235.0,1.436931,1.79,-0.22184876,0.17,2023-10-29 02:15:00
576.4588,5.36,6.0535364,220738.0,0.6421696,3.56,0.22530928,0.04,2023-10-29 02:20:00
570.29333,5.21,6.0155215,220873.0,0.6206497,3.39,0.22010809,0.04,2023-10-29 02:25:00
541.7826,5.1,5.3262744,242688.0,0.48150876,3.0,0.24797328,0.03,2023-10-29 02:30:00
560.9883,5.1,5.6792517,229125.0,0.5684285,3.22,0.24054927,0.04,2023-10-29 02:35:00
573.4631,5.47,6.820008,230609.0,0.60479265,3.6,0.24797328,0.11,2023-10-29 02:40:00
562.8732,5.06,6.891575,189206.0,0.69558233,3.21,0.1398791,0.02,2023-10-29 02:45:00
563.2728,5.15,6.8006325,192399.0,0.6855514,3.27,0.16136801,0.04,2023-10-29 02:50:00
561.3401,4.96,6.7686405,195193.0,0.6685465,3.13,0.15533602,0.05,2023-10-29 02:55:00
565.68396,4.51,6.6501203,185045.0,0.7223378,2.88,0.096910015,0.07,2023-10-29 03:00:00
560.3532,4.45,6.3584275,178384.0,0.7275471,2.79,0.07918126,0.2,2023-10-29 03:05:00
575.0129,5.12,5.734649,209554.0,0.67117465,3.39,0.31597033,0.22,2023-10-29 03:10:00
583.8417,4.62,5.129698,217785.0,0.67717963,3.15,0.2624511,0.05,2023-10-29 03:15:00
573.0219,4.28,5.3366375,222912.0,0.6241785,2.81,0.2552725,0.13,2023-10-29 03:20:00
582.4556,5.25,5.6769447,228083.0,0.64183825,3.56,0.32633585,0.09,2023-10-29 03:25:00
573.26544,4.13,5.40546,186782.0,0.7459019,2.72,0.16435286,0.08,2023-10-29 03:30:00
569.33344,4.26,5.4571877,206630.0,0.65996104,2.76,0.19589968,0.02,2023-10-29 03:35:00
573.27985,4.63,5.3868914,196925.0,0.70753807,3.04,0.22530928,0.04,2023-10-29 03:40:00
567.1502,4.53,5.9671936,189258.0,0.7119725,2.92,0.19312459,0.05,2023-10-29 03:45:00
563.97974,4.34,6.414429,178384.0,0.74230534,2.76,0.15228835,0.11,2023-10-29 03:50:00
565.52075,4.49,6.248368,202121.0,0.66071784,2.87,0.18469143,0.09,2023-10-29 04:05:00
570.59894,4.41,5.8034987,196250.0,0.6996871,2.88,0.19589968,0.04,2023-10-29 04:10:00
575.11847,4.44,5.9656014,203949.0,0.6900143,2.94,0.20412001,0.07,2023-10-29 04:15:00
574.49493,4.12,5.1395817,222178.0,0.63126564,2.72,0.25285304,0.01,2023-10-29 04:50:00
574.49493,4.12,5.3844686,222178.0,0.63126564,2.72,0.26007143,0.05,2023-10-29 04:55:00
576.96,3.79,5.3723183,219254.0,0.6482676,2.52,0.15836251,0.14,2023-10-29 05:00:00
576.96,3.79,5.984321,219254.0,0.6482676,2.52,0.15228835,0.15,2023-10-29 05:05:00
628.2659,4.18,4.451404,219983.0,0.8423388,3.3,0.31597033,0.08,2023-10-29 05:20:00
611.87415,4.15,2.4895983,223570.0,0.7633448,3.12,0.2922561,0.17,2023-10-29 05:25:00
568.68994,5.14,3.2489076,395961.0,0.34318665,3.32,0.53781915,0.09,2023-10-29 05:30:00
595.6231,4.24,3.4308598,222262.0,0.7061165,3.01,0.2624511,0.05,2023-10-29 05:35:00
596.4234,4.18,4.2910724,220281.0,0.71545106,2.98,0.26007143,0.05,2023-10-29 05:40:00
585.384,4.11,4.498622,221539.0,0.67119443,2.83,0.26951295,0.11,2023-10-29 05:45:00
584.75366,4.12,3.9376895,240010.0,0.6174655,2.83,0.3201463,0.1,2023-10-29 05:55:00
581.263,4.15,4.676473,237085.0,0.6135406,2.8,0.30749604,0.04,2023-10-29 06:00:00
580.4552,4.09,4.952111,222912.0,0.6497313,2.76,0.2922561,0.05,2023-10-29 06:05:00
588.7704,4.35,4.845462,243791.0,0.62098247,3.02,0.365488,0.04,2023-10-29 06:10:00
575.5522,3.97,4.9270477,207755.0,0.678965,2.63,0.26717174,0.07,2023-10-29 06:15:00
576.88654,3.94,5.1015487,208074.0,0.68282884,2.62,0.25042,0.04,2023-10-29 06:20:00
573.9226,3.75,5.6672125,217075.0,0.6441037,2.47,0.23044895,0.06,2023-10-29 06:25:00
592.46796,4.12,4.5801744,245162.0,0.62966245,2.92,0.27184162,0.13,2023-10-29 06:30:00
625.97205,4.59,4.884322,249359.0,0.7346927,3.6,0.32428244,0.2,2023-10-29 06:35:00
591.556,4.36,6.286056,237085.0,0.647999,3.05,0.20139715,0.03,2023-10-29 06:40:00
582.2113,4.34,5.950975,236328.0,0.61863726,2.94,0.19312459,0.04,2023-10-29 06:45:00
594.0207,4.08,5.859633,197255.0,0.7889901,2.88,0.11394334,0.09,2023-10-29 06:50:00
594.0207,4.08,6.402687,197255.0,0.7889901,2.88,0.096910015,0.07,2023-10-29 06:55:00
602.4496,4.38,6.182047,235996.0,0.6890388,3.18,0.1903317,0.25,2023-10-29 07:00:00
609.7008,3.76,6.6638203,195188.0,0.86471015,2.8,0.0,0.23,2023-10-29 07:05:00
612.1995,4.22,7.170348,222912.0,0.76686627,3.16,0.064457975,0.15,2023-10-29 07:10:00
611.58344,4.15,7.0153117,208464.0,0.8174492,3.1,0.025305841,0.24,2023-10-29 07:15:00
611.66254,4.95,6.9561844,232562.0,0.7330404,3.7,0.17318627,0.43,2023-10-29 07:20:00
634.0288,4.58,7.1434584,197990.0,0.9628911,3.69,0.012837212,0.41,2023-10-29 07:25:00
639.55676,4.33,7.2568383,189594.0,1.0330758,3.55,0.017033322,0.27,2023-10-29 07:30:00
636.17,3.97,6.986158,243951.0,0.78972495,3.21,0.09342169,0.04,2023-10-29 07:35:00
648.5425,4.04,7.2798967,180360.0,1.134173,3.4,-0.017728778,0.28,2023-10-29 07:50:00
647.71924,3.94,7.5289707,182128.0,1.1187309,3.31,-0.045757502,0.12,2023-10-29 07:55:00
643.07477,3.83,7.20504,162963.0,1.2225995,3.17,-0.07572073,0.12,2023-10-29 08:00:00
657.5559,4.09,6.854998,201951.0,1.057386,3.54,0.06069783,0.31,2023-10-29 08:05:00
664.8695,4.22,6.445285,221445.0,0.99808544,3.73,0.13672057,0.11,2023-10-29 08:10:00
634.2734,4.11,7.1264715,234274.0,0.8147376,3.3,0.049218025,0.03,2023-10-29 08:20:00
639.3351,4.03,6.3435636,198222.0,0.9870433,3.3,0.0293838,0.16,2023-10-29 08:25:00
637.111,4.32,6.574283,239696.0,0.80745083,3.5,0.15228835,0.17,2023-10-29 08:30:00
634.91675,4.49,6.1545267,257829.0,0.74264425,3.62,0.21484385,0.15,2023-10-29 08:35:00
643.035,4.15,5.9516306,232234.0,0.85775596,3.44,0.12057395,0.15,2023-10-29 08:40:00
638.7558,3.77,5.8245854,226378.0,0.8618434,3.07,0.07188199,0.17,2023-10-29 08:45:00
667.7965,2.96,5.9724116,214185.0,1.0461246,2.64,0.00432137,0.13,2023-10-29 08:50:00
611.53577,4.2,5.6215124,182675.0,0.93262553,3.14,0.012837212,0.47,2023-10-29 08:55:00
617.81104,3.65,4.9112625,172668.0,1.0185374,2.79,-0.05551733,0.09,2023-10-29 09:00:00
626.25055,3.03,5.282727,288004.0,0.6369914,2.34,-0.036212165,0.13,2023-10-29 09:05:00
620.29126,3.09,5.8301716,292948.0,0.60787594,2.33,-0.045757502,0.09,2023-10-29 09:10:00
582.5459,3.88,5.91011,197508.0,0.7415548,2.63,-0.031517047,0.16,2023-10-29 09:15:00
610.5148,4.56,6.281234,216350.0,0.78337646,3.4,0.064457975,0.15,2023-10-29 09:25:00
604.43774,4.2,5.746077,217005.0,0.7570646,3.08,0.06069783,0.19,2023-10-29 09:30:00
603.37555,4.1,6.0811844,187812.0,0.86996436,3.0,0.0,0.11,2023-10-29 09:35:00
590.78766,3.9,6.4523797,214342.0,0.71386135,2.73,0.00432137,0.15,2023-10-29 09:40:00
595.5163,3.64,5.845973,160536.0,0.97707236,2.59,-0.10790541,0.23,2023-10-29 09:45:00
588.44824,3.31,7.0600286,179700.0,0.84102523,2.29,-0.09691001,0.02,2023-10-29 10:00:00
595.4451,3.64,6.3389983,181609.0,0.86337644,2.58,-0.036212165,0.12,2023-10-29 10:05:00
611.17584,3.92,5.4213653,195152.0,0.8714,2.94,0.049218025,0.07,2023-10-29 10:10:00
618.29126,3.92,6.794807,197807.0,0.8912462,3.0,0.037426513,0.14,2023-10-29 10:15:00
619.1397,3.91,6.906041,183551.0,0.9645761,3.0,0.012837212,0.07,2023-10-29 10:20:00
632.98816,4.04,6.3946385,201574.0,0.9409471,3.25,0.10720996,0.14,2023-10-29 10:25:00
626.3762,3.51,6.0108657,174463.0,1.0522041,2.75,-0.017728778,0.1,2023-10-29 10:30:00
596.79034,4.14,6.2451105,250915.0,0.62930596,2.95,0.20412001,0.09,2023-10-29 10:35:00
615.58905,4.28,6.315924,230940.0,0.75304085,3.25,0.17026173,0.15,2023-10-29 10:40:00
616.3344,3.87,5.8215632,204062.0,0.855444,2.95,0.05690485,0.16,2023-10-29 10:45:00
616.0282,3.75,4.504764,202386.0,0.8611948,2.86,0.11394334,0.34,2023-10-29 10:50:00
623.6483,4.15,5.2500763,214665.0,0.8436095,3.23,0.14612804,0.13,2023-10-29 10:55:00
625.1686,3.86,5.4182377,192982.0,0.9455348,3.02,0.064457975,0.03,2023-10-29 11:00:00
646.8597,4.02,5.5936837,189706.0,1.0696112,3.36,0.10380372,0.1,2023-10-29 11:05:00
667.85266,3.97,6.308669,185160.0,1.2104281,3.54,0.096910015,0.13,2023-10-29 11:10:00
666.61816,3.57,6.4928885,164899.0,1.3513464,3.16,0.0,0.03,2023-10-29 11:15:00
646.4579,3.92,4.7521787,176657.0,1.1463999,3.28,0.07554698,0.07,2023-10-29 11:20:00
674.143,3.17,3.816936,169379.0,1.3623879,2.87,-0.017728778,0.2,2023-10-29 11:25:00
584.94495,4.13,6.281067,186355.0,0.796055,2.83,0.12710482,0.02,2023-10-29 11:35:00
584.94495,4.13,6.2565646,186355.0,0.796055,2.83,0.1398791,0.01,2023-10-29 11:40:00
580.8038,3.73,6.2569723,189051.0,0.7675378,2.52,0.096910015,0.06,2023-10-29 11:50:00
583.5566,4.08,6.361179,177072.0,0.8316137,2.78,0.10380372,0.01,2023-10-29 12:00:00
596.757,4.15,6.329976,174660.0,0.9038981,2.96,0.10720996,0.01,2023-10-29 12:10:00
595.5509,3.91,5.836206,166230.0,0.9437745,2.78,0.049218025,0.08,2023-10-29 12:15:00
603.1351,3.67,6.0199914,161684.0,1.0092964,2.67,0.0,0.03,2023-10-29 12:20:00
592.69727,3.71,5.710009,176624.0,0.8750531,2.61,0.037426513,0.12,2023-10-29 12:25:00
605.35474,3.82,6.010441,156458.0,1.0550046,2.8,0.00432137,0.11,2023-10-29 12:30:00
606.4367,3.64,6.510453,158452.0,1.0475354,2.68,-0.017728778,0.09,2023-10-29 12:35:00
601.5856,3.73,6.382891,147216.0,1.0996463,2.7,-0.008773916,0.02,2023-10-29 12:45:00
607.64575,3.73,6.2026525,143603.0,1.1630424,2.76,-0.017728778,0.02,2023-10-29 12:50:00
604.0065,3.36,6.0541058,131891.0,1.2428608,2.46,-0.09151498,0.28,2023-10-29 12:55:00
608.27045,2.97,6.6897235,143054.0,1.1712464,2.2,-0.15490197,0.09,2023-10-29 13:00:00
588.5778,2.96,6.6940346,152462.0,0.9919576,2.05,-0.13667715,0.01,2023-10-29 13:05:00
594.7769,2.66,6.839598,135929.0,1.1494961,1.88,-0.20760833,0.01,2023-10-29 13:15:00
602.04846,2.8,6.784718,148771.0,1.0907611,2.03,-0.15490197,0.07,2023-10-29 13:20:00
606.5176,2.88,6.7938647,158439.0,1.0480564,2.12,-0.13667715,0.04,2023-10-29 13:25:00
604.60364,2.82,6.662402,149430.0,1.1003629,2.06,-0.16115092,0.07,2023-10-29 13:30:00
609.0024,2.79,6.776016,143753.0,1.1699228,2.07,-0.18708667,0.02,2023-10-29 13:35:00
600.6487,2.55,6.8610206,126919.0,1.2693293,1.84,-0.25181198,0.01,2023-10-29 13:40:00
600.2119,2.63,6.9071918,132989.0,1.2086532,1.9,-0.22184876,0.01,2023-10-29 13:45:00
601.1086,2.79,6.845991,150646.0,1.0719589,2.02,-0.1674911,0.02,2023-10-29 13:50:00
569.7964,2.64,6.714052,142859.0,0.95698017,1.72,-0.20760833,0.03,2023-10-29 13:55:00
584.07965,2.97,6.6548176,161820.0,0.91253704,2.04,-0.11350928,0.02,2023-10-29 14:00:00
588.73315,2.83,6.742173,162381.0,0.93212944,1.96,-0.14874166,0.04,2023-10-29 14:05:00
591.93164,2.73,6.90042,133315.0,1.154669,1.91,-0.22184876,0.03,2023-10-29 14:10:00
619.4978,2.67,6.8364973,161515.0,1.0981513,2.05,-0.20065947,0.08,2023-10-29 14:15:00
638.1049,2.7,6.9926033,139952.0,1.3896493,2.2,-0.24412516,0.01,2023-10-29 14:20:00
616.93555,2.66,7.078347,139039.0,1.2593168,2.03,-0.23657204,0.02,2023-10-29 14:30:00
606.6018,2.71,6.9680414,130254.0,1.2753911,1.99,-0.23657204,0.04,2023-10-29 14:35:00
604.3287,2.41,6.7288485,121426.0,1.3522191,1.76,-0.2839967,0.03,2023-10-29 14:40:00
603.6662,2.57,6.785101,119753.0,1.3664366,1.87,-0.25963733,0.03,2023-10-29 14:45:00
577.31586,2.48,6.110107,119159.0,1.1951116,1.65,-0.25181198,0.03,2023-10-29 14:50:00
590.8555,2.67,6.3827343,118550.0,1.2911448,1.87,-0.23657204,0.05,2023-10-29 14:55:00
588.0452,2.67,6.319383,129700.0,1.1627622,1.85,-0.20760833,0.03,2023-10-29 15:00:00
585.36816,2.85,6.4932966,135955.0,1.093621,1.95,-0.17392519,0.03,2023-10-29 15:05:00
566.94336,2.57,6.598773,118195.0,1.1387415,1.65,-0.24412516,0.02,2023-10-29 15:10:00
589.94366,2.56,6.4190106,124900.0,1.2196243,1.78,-0.23657204,0.03,2023-10-29 15:15:00
562.2035,2.43,6.515681,114453.0,1.1456361,1.54,-0.27572417,0.08,2023-10-29 15:20:00
550.4157,2.51,6.29035,96354.0,1.2739607,1.52,-0.27572417,0.05,2023-10-29 15:30:00
557.8661,2.55,6.5330086,117491.0,1.0894277,1.58,-0.22914802,0.03,2023-10-29 15:35:00
566.84735,2.95,6.6309724,135356.0,0.99384284,1.9,-0.13667715,0.02,2023-10-29 15:45:00
566.05695,3.0,6.611672,147045.0,0.9108743,1.92,-0.11350928,0.01,2023-10-29 15:55:00
566.43,2.6,6.5777197,107897.0,1.2439133,1.66,-0.23657204,0.01,2023-10-29 16:05:00
573.77655,2.64,6.0464454,117805.0,1.1859267,1.74,-0.21467017,0.02,2023-10-29 16:10:00
583.27704,2.57,6.3324003,112045.0,1.3122941,1.75,-0.23657204,0.03,2023-10-29 16:15:00
584.3751,2.37,6.647684,107714.0,1.3730755,1.62,-0.2839967,0.01,2023-10-29 16:20:00
582.0659,2.47,6.5682263,118361.0,1.2342551,1.67,-0.23657204,0.03,2023-10-29 16:25:00
588.25476,2.54,6.540665,121905.0,1.2384856,1.76,-0.21467017,0.02,2023-10-29 16:30:00
583.1915,2.59,6.5019765,120766.0,1.2169726,1.76,-0.20065947,0.04,2023-10-29 16:35:00
578.43463,2.37,6.516456,109582.0,1.3074152,1.59,-0.27572417,0.05,2023-10-29 16:40:00
581.595,2.61,6.531662,122300.0,1.1914966,1.77,-0.20065947,0.07,2023-10-29 16:45:00
576.8833,2.43,6.370314,111751.0,1.271366,1.62,-0.24412516,0.05,2023-10-29 16:50:00
567.4566,2.4,6.378197,112419.0,1.2006265,1.55,-0.25963733,0.09,2023-10-29 16:55:00
579.88513,2.21,6.68241,103514.0,1.394889,1.49,-0.32790217,0.05,2023-10-29 17:00:00
586.2186,2.32,6.377351,114885.0,1.3000543,1.6,-0.25963733,0.13,2023-10-29 17:05:00
566.9448,2.19,6.0349813,143323.0,0.9391001,1.41,-0.22914802,0.05,2023-10-29 17:10:00
566.98773,2.25,6.28631,140426.0,0.9586994,1.45,-0.21467017,0.04,2023-10-29 17:15:00
573.42334,2.3,6.2110705,130838.0,1.0657495,1.52,-0.22184876,0.05,2023-10-29 17:20:00
593.26514,2.34,6.3972654,127696.0,1.2139521,1.65,-0.22914802,0.03,2023-10-29 17:25:00
594.27374,2.34,6.328254,175765.0,0.88663113,1.65,-0.14874166,0.02,2023-10-29 17:30:00
567.2598,2.24,6.299913,110826.0,1.2165699,1.44,-0.27572417,0.01,2023-10-29 17:35:00
582.65765,2.34,6.3984137,133644.0,1.0965737,1.59,-0.21467017,0.01,2023-10-29 17:40:00
591.1028,2.24,6.426741,125135.0,1.2247947,1.56,-0.25181198,0.02,2023-10-29 17:45:00
584.0218,2.26,6.221752,125675.0,1.1746271,1.54,-0.25963733,0.06,2023-10-29 17:50:00
580.92334,2.27,5.8506327,122664.0,1.1836953,1.54,-0.26760623,0.05,2023-10-29 17:55:00
580.31177,2.55,5.5816574,132423.0,1.092873,1.73,-0.20065947,0.09,2023-10-29 18:00:00
573.3486,2.29,5.997116,117185.0,1.1894349,1.51,-0.26760623,0.04,2023-10-29 18:05:00
572.9393,2.49,6.289467,133448.0,1.0421618,1.64,-0.20760833,0.03,2023-10-29 18:10:00
575.9286,2.35,6.3620515,122172.0,1.1569408,1.56,-0.24412516,0.02,2023-10-29 18:15:00
565.05865,2.15,6.3743,103432.0,1.2878563,1.38,-0.30980393,0.01,2023-10-29 18:20:00
568.00726,2.34,6.3941693,121839.0,1.1111498,1.51,-0.23657204,0.02,2023-10-29 18:25:00
579.32605,2.35,6.1105237,134567.0,1.0697839,1.58,-0.19382004,0.08,2023-10-29 18:30:00
566.8862,2.0,5.4312887,144597.0,0.9305264,1.29,-0.22184876,0.04,2023-10-29 18:35:00
588.56274,2.37,4.978976,161529.0,0.9362021,1.66,-0.08618615,0.14,2023-10-29 18:40:00
583.75226,2.43,5.588032,155534.0,0.94776225,1.66,-0.06550154,0.02,2023-10-29 18:45:00
583.7906,2.28,5.82638,145932.0,1.0103295,1.55,-0.12493874,0.02,2023-10-29 18:50:00
573.2161,2.08,5.48528,145894.0,0.9546913,1.37,-0.16115092,0.05,2023-10-29 18:55:00
591.978,2.62,4.7605357,157156.0,0.9797416,1.84,-0.017728778,0.06,2023-10-29 19:00:00
594.7596,2.7,5.322039,178538.0,0.87508345,1.91,0.0293838,0.02,2023-10-29 19:05:00
596.50757,2.5,5.4182653,161234.0,0.9778924,1.78,-0.022276402,0.02,2023-10-29 19:10:00
604.5888,2.58,5.498891,158752.0,1.0356699,1.89,-0.0043648016,0.03,2023-10-29 19:15:00
601.0775,2.74,5.183136,166389.0,0.9703784,1.98,0.037426513,0.09,2023-10-29 19:20:00
598.579,2.55,5.2174897,167455.0,0.95177925,1.83,0.008600163,0.05,2023-10-29 19:25:00
597.7724,2.3,4.902826,158684.0,1.00018,1.64,-0.036212165,0.01,2023-10-29 19:30:00
576.8557,2.44,5.460778,169274.0,0.8392033,1.62,-0.0043648016,0.02,2023-10-29 19:35:00
558.1201,1.99,5.479836,116808.0,1.0973517,1.24,-0.18708667,0.04,2023-10-29 19:40:00
571.5315,2.32,5.2582417,141725.0,0.97381127,1.52,-0.07058106,0.03,2023-10-29 19:45:00
571.5315,2.32,5.437444,141725.0,0.97381127,1.52,-0.07058106,0.02,2023-10-29 19:50:00
560.6423,2.29,5.401463,213001.0,0.61028486,1.44,0.025305841,0.02,2023-10-29 19:55:00
562.8196,2.45,5.059842,186517.0,0.7054012,1.55,0.017033322,0.08,2023-10-29 20:00:00
576.9529,2.82,4.976846,203045.0,0.6999917,1.88,0.16435286,0.07,2023-10-29 20:05:00
559.74054,2.35,5.152097,237843.0,0.54381067,1.47,0.10380372,0.07,2023-10-29 20:10:00
569.066,2.67,5.01409,206074.0,0.6607744,1.74,0.12710482,0.03,2023-10-29 20:15:00
579.5757,2.75,4.4133544,188791.0,0.763547,1.86,0.13033378,0.03,2023-10-29 20:20:00
601.79846,2.81,5.155696,184362.0,0.8790529,2.03,0.13353892,0.04,2023-10-29 20:25:00
603.20886,2.84,5.325533,178384.0,0.9151564,2.07,0.10720996,0.18,2023-10-29 20:30:00
609.08826,2.8,5.53944,151973.0,1.1071291,2.08,0.008600163,0.04,2023-10-29 20:40:00
589.31323,2.67,5.445218,124865.0,1.2159123,1.86,-0.05061,0.06,2023-10-29 20:45:00
587.0652,2.81,5.045087,156202.0,0.96048176,1.93,0.049218025,0.11,2023-10-29 20:50:00
592.127,2.81,4.7665186,171198.0,0.9000859,1.97,0.096910015,0.05,2023-10-29 20:55:00
579.82837,2.74,4.6643114,166494.0,0.86697745,1.84,0.08278538,0.06,2023-10-29 21:00:00
574.4277,2.66,5.073253,176508.0,0.7943108,1.77,0.08278538,0.05,2023-10-29 21:05:00
593.57745,2.77,4.3930516,144844.0,1.0719877,1.97,0.017033322,0.05,2023-10-29 21:15:00
594.2214,2.89,3.4987712,150651.0,1.0341513,2.05,0.053078443,0.01,2023-10-29 21:20:00
583.406,2.79,5.21864,151370.0,0.972037,1.9,0.033423774,0.03,2023-10-29 21:25:00
582.138,2.82,5.0874453,151565.0,0.9642332,1.91,0.049218025,0.06,2023-10-29 21:30:00
600.363,2.91,4.9546947,134831.0,1.1930754,2.1,0.033423774,0.09,2023-10-29 21:35:00
582.1099,2.91,5.5450335,125170.0,1.167389,1.98,-0.022276402,0.06,2023-10-29 21:40:00
593.818,2.85,4.2440195,126907.0,1.2250465,2.01,-0.031517047,0.17,2023-10-29 21:50:00
595.84406,2.7,5.3335633,143927.0,1.0916935,1.92,0.00432137,0.12,2023-10-29 21:55:00
599.6791,2.8,5.6378098,146979.0,1.0905898,2.01,-0.008773916,0.05,2023-10-29 22:05:00
590.73926,2.76,5.616191,143941.0,1.0627375,1.93,-0.026872149,0.04,2023-10-29 22:10:00
598.4071,2.61,5.1961913,138742.0,1.1477258,1.87,-0.026872149,0.06,2023-10-29 22:15:00
586.265,2.71,5.455566,139109.0,1.0739315,1.86,-0.017728778,0.04,2023-10-29 22:20:00
584.1916,2.88,5.3716383,153070.0,0.96527654,1.97,0.025305841,0.02,2023-10-29 22:25:00
594.7723,2.46,5.140691,117661.0,1.3279337,1.74,-0.08618615,0.04,2023-10-29 22:30:00
598.22485,2.62,5.067603,123045.0,1.2929159,1.88,-0.045757502,0.02,2023-10-29 22:35:00
587.1791,2.6,4.6020646,139715.0,1.0744718,1.8,0.012837212,0.08,2023-10-29 22:40:00
579.80853,2.62,4.8340874,132614.0,1.0883557,1.76,0.0,0.15,2023-10-29 22:45:00
594.0576,2.66,5.294809,137655.0,1.130815,1.88,0.0,0.02,2023-10-29 22:50:00
594.0576,2.66,5.406986,137655.0,1.130815,1.88,0.0,0.01,2023-10-29 22:55:00
590.35364,2.82,5.3797116,143487.0,1.0639352,1.97,0.033423774,0.02,2023-10-29 23:00:00
572.40326,2.33,5.169187,113215.0,1.2248358,1.53,-0.10237289,0.04,2023-10-29 23:05:00
573.0264,2.58,5.2664313,131876.0,1.0550842,1.7,-0.017728778,0.01,2023-10-29 23:10:00
577.65674,2.79,5.1186132,152208.0,0.9373374,1.86,0.053078443,0.02,2023-10-29 23:15:00
572.0403,2.6,4.9943166,131086.0,1.0557666,1.7,-0.013228253,0.02,2023-10-29 23:20:00
591.25397,2.49,5.1327376,117722.0,1.3029574,1.75,-0.026872149,0.04,2023-10-29 23:25:00
587.5801,2.7,5.010808,134792.0,1.116084,1.87,0.041392695,0.01,2023-10-29 23:30:00
584.4413,2.73,5.1020975,139868.0,1.0577942,1.87,0.045322984,0.04,2023-10-29 23:35:00
579.2958,2.56,5.100049,128934.0,1.1163403,1.72,0.00432137,0.03,2023-10-29 23:40:00
579.7477,2.61,4.740095,139055.0,1.0376042,1.76,0.033423774,0.03,2023-10-29 23:45:00
592.65454,2.75,3.9462643,149781.0,1.0316441,1.94,0.10380372,0.09,2023-10-29 23:50:00
590.27325,2.55,4.2627807,171189.0,0.89138985,1.78,0.1105897,0.33,2023-10-29 23:55:00
597.2221,2.57,5.0882807,136403.0,1.1602252,1.84,0.012837212,0.07,2023-10-30 00:00:00
592.8678,2.76,5.197105,129693.0,1.1927693,1.94,0.017033322,0.02,2023-10-30 00:05:00
584.6203,2.68,4.8975606,138161.0,1.071885,1.83,0.017033322,0.05,2023-10-30 00:10:00
583.8246,2.7,5.1213083,131933.0,1.1177349,1.84,0.0293838,0.03,2023-10-30 00:15:00
592.2128,2.66,5.2039022,137528.0,1.1209532,1.86,0.008600163,0.07,2023-10-30 00:20:00
584.99115,2.48,5.106114,126620.0,1.171895,1.7,-0.022276402,0.07,2023-10-30 00:25:00
583.7649,2.76,5.3148284,138233.0,1.0664542,1.88,0.033423774,0.03,2023-10-30 00:30:00
573.54987,2.69,5.2328672,146926.0,0.94970495,1.77,0.037426513,0.06,2023-10-30 00:35:00
566.52295,2.45,5.297952,128492.0,1.0450696,1.57,-0.036212165,0.05,2023-10-30 00:45:00
564.5875,2.46,5.167514,129500.0,1.0259469,1.56,-0.017728778,0.03,2023-10-30 00:50:00
570.137,2.62,4.976434,136840.0,1.0009342,1.71,0.033423774,0.04,2023-10-30 00:55:00
565.9926,2.61,5.1305947,128665.0,1.0406262,1.67,0.008600163,0.04,2023-10-30 01:00:00
577.2479,2.56,5.129308,127126.0,1.1198038,1.71,-0.0043648016,0.03,2023-10-30 01:05:00
583.7143,2.65,4.913115,131090.0,1.1242614,1.81,0.037426513,0.02,2023-10-30 01:10:00
576.7517,2.5,5.090511,116208.0,1.2217367,1.66,-0.017728778,0.02,2023-10-30 01:15:00
577.90265,2.56,4.9557543,125534.0,1.1380137,1.71,0.025305841,0.09,2023-10-30 01:20:00
577.89075,2.36,5.030338,113118.0,1.2628425,1.58,-0.05061,0.01,2023-10-30 01:25:00
576.21625,2.29,4.7503786,107801.0,1.3132126,1.52,-0.07058106,0.03,2023-10-30 01:30:00
582.82574,2.4,5.1485434,110826.0,1.3235357,1.63,-0.05061,0.03,2023-10-30 01:35:00
591.59357,2.48,5.108679,118195.0,1.3000652,1.74,-0.022276402,0.01,2023-10-30 01:40:00
585.0287,2.43,5.0882807,109278.0,1.3581415,1.66,-0.045757502,0.02,2023-10-30 01:55:00
575.71686,2.3,5.03315,111152.0,1.2701889,1.53,-0.045757502,0.03,2023-10-30 02:00:00
573.39984,2.29,4.941599,118557.0,1.1759977,1.51,-0.036212165,0.03,2023-10-30 02:05:00
568.20123,1.94,5.0050874,131944.0,1.0271428,1.25,-0.08618615,0.01,2023-10-30 02:10:00
563.98834,2.48,5.068116,117128.0,1.1305723,1.58,-0.013228253,0.02,2023-10-30 02:15:00
564.3123,2.54,5.073401,119267.0,1.1122828,1.62,0.00432137,0.01,2023-10-30 02:20:00
560.6762,2.33,4.784339,122878.0,1.0580884,1.47,-0.031517047,0.05,2023-10-30 02:35:00
558.63293,2.19,5.151553,136703.0,0.9403338,1.37,-0.05061,0.02,2023-10-30 02:40:00
550.0624,2.1,5.2356663,116975.0,1.0472842,1.27,-0.10237289,0.02,2023-10-30 02:50:00
549.40027,2.1,5.1934,112953.0,1.0805168,1.27,-0.10790541,0.04,2023-10-30 02:55:00
556.9656,2.16,4.91876,107368.0,1.186162,1.34,-0.07572073,0.06,2023-10-30 03:00:00
560.10333,2.35,4.94168,107608.0,1.2043966,1.48,-0.031517047,0.01,2023-10-30 03:05:00
565.7642,2.54,4.974847,104196.0,1.2833893,1.63,-0.008773916,0.01,2023-10-30 03:10:00
568.5941,2.44,4.9892383,96800.0,1.4030707,1.58,-0.045757502,0.02,2023-10-30 03:15:00
567.36945,2.52,4.935109,107231.0,1.2581128,1.62,0.00432137,0.01,2023-10-30 03:30:00
564.47943,2.39,4.855481,109956.0,1.2075828,1.52,-0.008773916,0.02,2023-10-30 03:35:00
575.6561,2.46,4.833353,105375.0,1.339385,1.64,-0.013228253,0.02,2023-10-30 03:40:00
565.36426,2.41,4.823961,105605.0,1.2634813,1.54,-0.026872149,0.03,2023-10-30 03:45:00
568.96387,2.24,4.89606,91731.0,1.483603,1.45,-0.09151498,0.05,2023-10-30 03:50:00
563.914,2.29,5.0061264,96979.0,1.3649076,1.46,-0.08618615,0.03,2023-10-30 04:00:00
579.1507,2.23,4.8728743,106343.0,1.3524351,1.5,-0.06550154,0.01,2023-10-30 04:10:00
557.8704,2.07,4.749095,82377.0,1.5538443,1.29,-0.1426675,0.02,2023-10-30 04:15:00
554.7769,2.2,4.535295,106540.0,1.1808181,1.35,-0.05061,0.04,2023-10-30 04:20:00
557.71,2.19,4.3580155,117079.0,1.0923096,1.37,-0.026872149,0.04,2023-10-30 04:25:00
575.5322,2.23,4.1603007,113234.0,1.2455902,1.49,-0.022276402,0.06,2023-10-30 04:30:00
539.3384,2.08,4.6236243,130254.0,0.88460314,1.21,-0.031517047,0.04,2023-10-30 04:35:00
563.0358,2.09,4.7153473,97770.0,1.3473122,1.32,-0.08092192,0.03,2023-10-30 04:40:00
535.33386,1.9,4.883544,119267.0,0.9439382,1.09,-0.09151498,0.03,2023-10-30 04:45:00
546.2022,2.21,4.752463,102695.0,1.1670439,1.32,-0.060480744,0.06,2023-10-30 04:50:00
537.5297,2.02,4.946858,83273.0,1.3692855,1.17,-0.15490197,0.06,2023-10-30 05:05:00
544.1521,2.06,4.748284,96096.0,1.2326708,1.22,-0.10790541,0.01,2023-10-30 05:10:00
543.53265,2.04,4.734448,86980.0,1.3570417,1.2,-0.13667715,0.02,2023-10-30 05:15:00
536.302,2.12,4.567822,93558.0,1.2101123,1.22,-0.09151498,0.03,2023-10-30 05:20:00
551.3813,2.09,4.8130035,106214.0,1.16202,1.27,-0.060480744,0.03,2023-10-30 05:25:00
545.3738,2.14,4.855162,99720.0,1.1961952,1.27,-0.08618615,0.04,2023-10-30 05:30:00
536.7801,2.19,4.842396,105623.0,1.0748625,1.26,-0.06550154,0.04,2023-10-30 05:35:00
539.8834,1.98,4.5357027,108565.0,1.0646707,1.16,-0.09151498,0.03,2023-10-30 05:40:00
549.8703,2.16,3.84579,109150.0,1.1211447,1.31,-0.036212165,0.03,2023-10-30 05:45:00
573.7409,2.35,3.57238,108764.0,1.2842581,1.55,-0.013228253,0.05,2023-10-30 05:50:00
551.5322,2.19,3.556656,89211.0,1.3846723,1.33,-0.09151498,0.02,2023-10-30 06:00:00
551.5322,2.19,3.974632,89211.0,1.3846723,1.33,-0.09691001,0.05,2023-10-30 06:05:00
550.47437,2.18,3.865799,85737.0,1.4321927,1.32,-0.119186416,0.07,2023-10-30 06:15:00
572.6669,2.6,4.441464,112385.0,1.2356516,1.71,-0.0043648016,0.09,2023-10-30 06:20:00
545.5802,2.19,4.5759916,98625.0,1.210902,1.32,-0.08618615,0.04,2023-10-30 06:25:00
531.1949,1.99,4.3925962,116827.0,0.9406483,1.13,-0.07572073,0.04,2023-10-30 06:30:00
537.60944,2.09,4.3880973,114318.0,0.99789286,1.21,-0.05061,0.04,2023-10-30 06:35:00
536.31323,1.99,4.6305075,99282.0,1.1404192,1.15,-0.11350928,0.04,2023-10-30 06:40:00
528.0747,2.09,4.7329907,113684.0,0.9490879,1.17,-0.07058106,0.02,2023-10-30 06:45:00
536.23834,1.99,4.545646,92375.0,1.2251573,1.15,-0.13076828,0.03,2023-10-30 06:50:00
550.91986,2.26,4.6224236,110922.0,1.1098027,1.38,-0.031517047,0.03,2023-10-30 06:55:00
539.43665,2.2,4.5787444,124860.0,0.92334163,1.29,0.00432137,0.06,2023-10-30 07:00:00
541.97174,2.34,4.7850184,107945.0,1.083732,1.38,-0.017728778,0.04,2023-10-30 07:05:00
539.35864,2.15,4.8590226,108150.0,1.0655252,1.25,-0.05551733,0.02,2023-10-30 07:10:00
547.9018,2.22,4.808004,105468.0,1.1474032,1.33,-0.0409586,0.03,2023-10-30 07:15:00
549.4826,2.25,4.73392,111498.0,1.0951276,1.36,-0.017728778,0.02,2023-10-30 07:20:00
531.8007,2.03,4.793391,116120.0,0.9497396,1.15,-0.060480744,0.03,2023-10-30 07:25:00
535.832,2.09,4.861039,107170.0,1.0535327,1.2,-0.07058106,0.01,2023-10-30 07:30:00
536.70056,2.17,4.8447704,108583.0,1.0450794,1.25,-0.05061,0.03,2023-10-30 07:35:00
540.74524,2.21,4.786784,101595.0,1.1433762,1.3,-0.05551733,0.02,2023-10-30 07:40:00
541.57947,1.92,4.7291965,87776.0,1.3297492,1.13,-0.15490197,0.03,2023-10-30 07:45:00
545.97675,2.16,4.912555,91531.0,1.3077061,1.29,-0.10237289,0.01,2023-10-30 07:50:00
548.42175,2.21,5.065284,90502.0,1.3410995,1.33,-0.11350928,0.03,2023-10-30 07:55:00
547.2342,2.08,5.078868,82047.0,1.4693518,1.24,-0.16115092,0.03,2023-10-30 08:00:00
545.2549,2.01,4.953272,78616.0,1.5162773,1.2,-0.18045606,0.01,2023-10-30 08:05:00
536.0726,2.1,4.7857604,97564.0,1.1588806,1.21,-0.13667715,0.06,2023-10-30 08:10:00
526.7461,2.03,5.080414,101270.0,1.0571079,1.13,-0.15490197,0.03,2023-10-30 08:15:00
524.6227,2.06,4.881332,102942.0,1.0269434,1.14,-0.1426675,0.02,2023-10-30 08:20:00
541.7049,2.08,4.461278,94579.0,1.2349913,1.23,-0.119186416,0.03,2023-10-30 08:35:00
530.8863,1.96,4.4223185,102402.0,1.0712144,1.11,-0.11350928,0.05,2023-10-30 08:40:00
517.8412,1.82,4.7924733,109956.0,0.9232732,0.98,-0.12493874,0.03,2023-10-30 08:45:00
521.2263,1.86,4.8242407,108012.0,0.9591492,1.01,-0.119186416,0.01,2023-10-30 08:50:00
522.30524,1.94,4.557949,101836.0,1.023888,1.06,-0.10790541,0.03,2023-10-30 08:55:00
524.27606,2.04,4.874567,107708.0,0.97948474,1.12,-0.08092192,0.01,2023-10-30 09:00:00
522.20416,1.96,4.8790674,108804.0,0.9577393,1.06,-0.09151498,0.01,2023-10-30 09:05:00
525.71576,2.09,4.725939,104364.0,1.0195354,1.15,-0.05551733,0.02,2023-10-30 09:10:00
526.5818,2.08,4.775961,102014.0,1.0483795,1.15,-0.07572073,0.01,2023-10-30 09:15:00
525.8989,2.05,4.5076156,114375.0,0.9313072,1.14,-0.05551733,0.03,2023-10-30 09:20:00
528.3852,1.96,4.4640903,100360.0,1.0770599,1.09,-0.09151498,0.02,2023-10-30 09:25:00
530.3657,2.02,4.35378,99676.0,1.0971547,1.14,-0.08092192,0.02,2023-10-30 09:30:00
547.1849,2.22,4.312795,101282.0,1.1899654,1.33,-0.026872149,0.05,2023-10-30 09:35:00
519.3338,1.86,4.536706,67673.0,1.5136487,1.0,-0.19382004,0.07,2023-10-30 10:15:00
536.33563,1.9,4.7900834,87947.0,1.2875687,1.09,-0.14874166,0.01,2023-10-30 10:20:00
543.40125,2.21,4.823308,106448.0,1.1080216,1.3,-0.05061,0.02,2023-10-30 10:25:00
527.1886,2.07,4.502855,113896.0,0.94238186,1.15,-0.031517047,0.05,2023-10-30 10:30:00
539.9229,1.95,4.189475,109231.0,1.0584202,1.14,-0.031517047,0.05,2023-10-30 10:35:00
526.2694,2.08,4.468837,102517.0,1.0413105,1.15,-0.05061,0.04,2023-10-30 10:40:00
539.2416,2.24,3.0300329,118095.0,0.9751363,1.31,0.049218025,0.06,2023-10-30 10:45:00
559.61566,2.17,2.634407,102089.0,1.2660688,1.36,-0.008773916,0.1,2023-10-30 10:50:00
546.01245,2.29,3.7206585,110185.0,1.0865363,1.36,0.025305841,0.07,2023-10-30 10:55:00
535.6316,2.25,3.643254,111101.0,1.015074,1.29,0.00432137,0.09,2023-10-30 11:00:00
554.89545,2.17,4.6556954,94867.0,1.3269954,1.34,-0.08092192,0.03,2023-10-30 11:05:00
513.5921,1.7,4.1640725,223647.0,0.4424325,0.9,0.008600163,0.07,2023-10-30 11:10:00
528.60156,2.08,4.1192474,125177.0,0.8646285,1.16,-0.022276402,0.06,2023-10-30 11:15:00
555.03656,2.4,4.730106,117226.0,1.0747424,1.48,0.02118928,0.07,2023-10-30 11:20:00
552.55896,2.36,4.889192,117580.0,1.0566874,1.44,-0.0043648016,0.07,2023-10-30 11:25:00
550.5689,2.25,4.978363,105903.0,1.1600953,1.36,-0.060480744,0.04,2023-10-30 11:30:00
554.1283,2.21,4.951212,103870.0,1.2067686,1.35,-0.07058106,0.06,2023-10-30 11:35:00
559.92975,2.37,4.809532,108280.0,1.1957674,1.49,-0.031517047,0.07,2023-10-30 11:40:00
561.8291,2.3,4.7243304,111087.0,1.177904,1.45,-0.031517047,0.03,2023-10-30 11:45:00
553.2471,2.32,4.6942306,119057.0,1.0476289,1.42,-0.008773916,0.01,2023-10-30 11:50:00
540.093,2.68,4.895896,120884.0,0.9573286,1.56,0.05690485,0.04,2023-10-30 11:55:00
540.093,2.68,4.909501,120884.0,0.9573286,1.56,0.045322984,0.06,2023-10-30 12:00:00
539.5261,2.43,4.8875146,113110.0,1.019786,1.42,0.0,0.05,2023-10-30 12:05:00
569.20825,2.12,4.6632824,99885.0,1.3643132,1.37,-0.08618615,0.07,2023-10-30 12:10:00
559.84515,2.37,4.832639,102699.0,1.2601562,1.48,-0.045757502,0.03,2023-10-30 12:15:00
540.51105,2.42,4.9035807,100096.0,1.1589351,1.41,-0.0409586,0.03,2023-10-30 12:20:00
539.3407,2.46,5.028111,108328.0,1.0636646,1.43,-0.022276402,0.03,2023-10-30 12:25:00
537.1877,2.5,5.041934,104463.0,1.0893693,1.45,-0.026872149,0.03,2023-10-30 12:30:00
545.77606,2.37,4.9312572,106971.0,1.1176741,1.41,-0.031517047,0.02,2023-10-30 12:35:00
545.01385,2.4,4.7662563,100473.0,1.1847931,1.43,-0.0409586,0.05,2023-10-30 12:40:00
546.8375,2.45,4.9773083,91022.0,1.3214834,1.47,-0.060480744,0.02,2023-10-30 12:45:00
547.39764,2.45,4.84031,96031.0,1.2565529,1.47,-0.0409586,0.06,2023-10-30 12:50:00
549.85675,2.44,4.7519364,92247.0,1.3264775,1.48,-0.0409586,0.09,2023-10-30 12:55:00
547.07404,2.72,4.4415536,99812.0,1.2067295,1.63,0.05690485,0.15,2023-10-30 13:00:00
566.2068,2.33,4.328025,119962.0,1.1174364,1.5,0.00432137,0.19,2023-10-30 13:05:00
577.8558,2.53,4.970986,88184.0,1.6196061,1.69,-0.0409586,0.05,2023-10-30 13:10:00
571.7161,2.65,4.905395,90233.0,1.5310614,1.73,-0.0043648016,0.03,2023-10-30 13:15:00
569.51373,2.32,4.23195,98650.0,1.3837023,1.51,-0.031517047,0.06,2023-10-30 13:20:00
541.50116,2.75,4.626543,122238.0,0.95442945,1.61,0.117271274,0.04,2023-10-30 13:25:00
532.0079,2.69,4.647117,110394.0,1.0002134,1.53,0.09342169,0.21,2023-10-30 13:30:00
526.7753,2.67,4.855574,97128.0,1.1023782,1.49,0.02118928,0.07,2023-10-30 13:35:00
527.7769,2.61,4.8797746,92674.0,1.1622119,1.46,-0.0043648016,0.03,2023-10-30 13:40:00
525.9206,2.4,4.976394,89905.0,1.1849387,1.33,-0.05551733,0.01,2023-10-30 13:45:00
502.21066,2.39,4.9298277,73268.0,1.2595018,1.21,-0.08618615,0.02,2023-10-30 13:55:00
519.89734,2.25,4.6490645,85532.0,1.2016503,1.22,0.02118928,0.36,2023-10-30 14:05:00
540.51794,2.69,2.8417423,113866.0,1.0188237,1.57,0.56937397,0.81,2023-10-30 14:10:00
538.81476,3.02,2.3152106,179041.0,0.6416139,1.75,0.4756712,0.67,2023-10-30 14:15:00
538.5749,2.77,2.5374396,143480.0,0.7995267,1.61,0.46239802,0.76,2023-10-30 14:25:00
535.1902,2.58,3.130639,115867.0,0.97082585,1.48,0.17318627,0.32,2023-10-30 14:30:00
539.54694,2.56,3.8337708,89090.0,1.2948909,1.49,0.053078443,0.2,2023-10-30 14:35:00
538.49664,2.52,2.9347062,123164.0,0.9309882,1.46,0.22788674,0.45,2023-10-30 14:40:00
534.89545,2.59,3.9900625,107499.0,1.0446044,1.48,0.15836251,0.17,2023-10-30 14:45:00
541.07196,2.6,3.9111378,101418.0,1.1475276,1.52,0.12385166,0.25,2023-10-30 14:50:00
542.75995,2.5,4.534523,84453.0,1.3914709,1.47,0.008600163,0.15,2023-10-30 14:55:00
541.2107,2.59,4.711995,91979.0,1.2662982,1.52,0.0293838,0.01,2023-10-30 15:00:00
555.6749,2.64,4.6833,87944.0,1.4377261,1.63,0.0293838,0.04,2023-10-30 15:05:00
560.3154,2.7,4.659195,92399.0,1.4042959,1.69,0.053078443,0.01,2023-10-30 15:10:00
555.0596,2.62,4.7552705,87391.0,1.441842,1.62,0.017033322,0.05,2023-10-30 15:15:00
555.92535,2.6,4.7804813,88694.0,1.4275695,1.61,0.008600163,0.02,2023-10-30 15:20:00
555.25793,2.69,4.759044,88201.0,1.4301907,1.66,0.0293838,0.03,2023-10-30 15:25:00
549.32336,2.63,4.656565,92934.0,1.3126998,1.58,0.0293838,0.02,2023-10-30 15:35:00
548.28094,2.73,4.4577684,98823.0,1.2271962,1.64,0.07918126,0.03,2023-10-30 15:40:00
547.03644,2.59,4.471801,106476.0,1.1309621,1.55,0.08635984,0.02,2023-10-30 15:45:00
545.6587,2.73,3.701797,106706.0,1.1197,1.63,0.1492191,0.17,2023-10-30 15:50:00
542.8755,2.71,4.17447,111285.0,1.0566727,1.6,0.1398791,0.03,2023-10-30 15:55:00
544.21893,2.89,4.40418,114281.0,1.0369183,1.71,0.16435286,0.01,2023-10-30 16:00:00
542.15857,2.79,4.5227427,108251.0,1.081829,1.65,0.117271274,0.03,2023-10-30 16:05:00
550.52356,2.95,4.267318,119003.0,1.0321258,1.79,0.17897695,0.04,2023-10-30 16:10:00
550.27826,2.64,3.94203,105566.0,1.1618872,1.6,0.1398791,0.16,2023-10-30 16:15:00
552.124,2.78,3.8931477,125618.0,0.98665065,1.69,0.22530928,0.08,2023-10-30 16:20:00
540.5518,2.83,4.244373,121032.0,0.95868874,1.65,0.20412001,0.08,2023-10-30 16:25:00
560.1849,2.89,4.417986,106722.0,1.2149456,1.81,0.15836251,0.07,2023-10-30 16:30:00
562.9318,2.81,4.617294,104699.0,1.2574234,1.78,0.1105897,0.01,2023-10-30 16:35:00
562.9318,2.81,4.360516,104699.0,1.2574234,1.78,0.10720996,0.21,2023-10-30 16:40:00
560.88696,2.86,4.186753,100218.0,1.2988484,1.8,0.18469143,0.06,2023-10-30 16:50:00
549.0748,3.3,3.6664288,154290.0,0.7895695,1.99,0.43775058,0.25,2023-10-30 17:00:00
554.9052,3.23,3.1226594,137107.0,0.9182243,1.99,0.36921585,0.3,2023-10-30 17:05:00
561.7943,2.88,4.25757,114613.0,1.1414466,1.81,0.15836251,0.07,2023-10-30 17:10:00
565.53906,3.22,4.236319,112807.0,1.1839551,2.06,0.19865711,0.05,2023-10-30 17:15:00
546.43036,3.26,3.8710334,134441.0,0.89262563,1.95,0.36921585,0.31,2023-10-30 17:20:00
535.26685,3.23,3.0173001,148574.0,0.75744635,1.85,0.5854607,0.25,2023-10-30 17:25:00
531.89764,3.09,3.6681466,136831.0,0.8064427,1.75,0.35410845,0.07,2023-10-30 17:30:00
535.14844,3.18,3.5243864,137136.0,0.8200571,1.82,0.29003462,0.19,2023-10-30 17:35:00
543.8397,3.08,4.025233,138998.0,0.8506827,1.82,0.31806332,0.07,2023-10-30 17:40:00
546.4182,3.01,3.8600647,133197.0,0.90090007,1.8,0.31175387,0.11,2023-10-30 17:45:00
537.77484,3.16,3.5598595,131879.0,0.86584234,1.83,0.34044415,0.08,2023-10-30 17:50:00
540.0072,3.16,3.0389144,130310.0,0.8876409,1.84,0.3424227,0.01,2023-10-30 17:55:00
538.2495,2.97,2.9349277,124690.0,0.918281,1.72,0.29003462,0.05,2023-10-30 18:00:00
529.613,3.24,3.2990453,141140.0,0.7714153,1.82,0.4265113,0.15,2023-10-30 18:05:00
532.0337,3.13,3.8531284,131877.0,0.8374034,1.77,0.35218254,0.11,2023-10-30 18:10:00
538.76874,3.28,3.6596994,146135.0,0.78588057,1.91,0.46982205,0.22,2023-10-30 18:15:00
536.56573,3.33,3.2865484,145854.0,0.7774153,1.92,0.5276299,0.1,2023-10-30 18:20:00
535.93506,3.24,3.3358207,141178.0,0.8002291,1.86,0.4756712,0.08,2023-10-30 18:25:00
544.30524,3.26,3.5757236,134597.0,0.880841,1.93,0.38916612,0.05,2023-10-30 18:30:00
547.88525,3.32,3.7445161,143242.0,0.84474486,1.99,0.40312052,0.08,2023-10-30 18:40:00
536.8816,3.21,3.0704396,133510.0,0.85085046,1.85,0.38021126,0.07,2023-10-30 18:45:00
555.73505,3.39,3.6440225,122512.0,1.0324047,2.09,0.43933272,0.18,2023-10-30 18:50:00
537.2751,3.22,3.8691602,127588.0,0.89237565,1.86,0.33645976,0.04,2023-10-30 18:55:00
532.665,2.97,3.8477266,123745.0,0.8957343,1.69,0.30103,0.08,2023-10-30 19:00:00
545.97375,3.2,3.2360623,133046.0,0.8996407,1.91,0.41161972,0.06,2023-10-30 19:15:00
539.65356,3.18,3.173027,125189.0,0.92206854,1.85,0.38201708,0.05,2023-10-30 19:20:00
536.534,3.28,2.8445034,129865.0,0.8729699,1.89,0.40483373,0.09,2023-10-30 19:25:00
533.20184,3.17,3.061895,128537.0,0.86504894,1.8,0.36921585,0.06,2023-10-30 19:30:00
531.4134,3.17,2.5759077,122692.0,0.8968302,1.79,0.37106785,0.04,2023-10-30 19:35:00
531.03735,3.43,3.1261158,144668.0,0.75892186,1.93,0.5078559,0.06,2023-10-30 19:50:00
530.8417,3.12,3.2544892,128340.0,0.85449445,1.76,0.43456894,0.03,2023-10-30 19:55:00
533.2164,3.26,3.3485818,129832.0,0.8564932,1.86,0.43775058,0.02,2023-10-30 20:00:00
531.62024,3.19,2.2129393,130935.0,0.8413892,1.81,0.42160395,0.06,2023-10-30 20:05:00
532.27985,3.17,2.4333105,126567.0,0.873793,1.8,0.4065402,0.11,2023-10-30 20:10:00
534.9534,3.16,3.0833423,123058.0,0.9128366,1.81,0.35218254,0.04,2023-10-30 20:15:00
530.38074,3.09,3.370074,118731.0,0.9211552,1.74,0.37474835,0.09,2023-10-30 20:25:00
537.96204,3.27,2.33103,131640.0,0.8683548,1.9,0.4771213,0.06,2023-10-30 20:30:00
555.7345,3.34,3.4268792,127205.0,0.9943128,2.07,0.4502491,0.03,2023-10-30 20:35:00
557.4191,3.25,3.2995908,117128.0,1.0900805,2.02,0.43616268,0.07,2023-10-30 20:40:00
541.3012,3.24,2.5208335,123349.0,0.9447463,1.9,0.48144266,0.07,2023-10-30 20:45:00
534.90607,3.18,3.398735,124589.0,0.90137076,1.82,0.43456894,0.03,2023-10-30 20:50:00
526.7222,3.19,3.1281145,126155.0,0.8484658,1.78,0.44715804,0.04,2023-10-30 20:55:00
534.1915,3.36,3.2054486,129767.0,0.8618105,1.92,0.5118834,0.21,2023-10-30 21:00:00
530.75946,3.36,3.2052145,124345.0,0.8815226,1.89,0.51454777,0.18,2023-10-30 21:05:00
530.3303,3.35,3.6114676,128002.0,0.8541843,1.89,0.44404483,0.09,2023-10-30 21:10:00
520.9784,3.22,3.3906195,128021.0,0.8080418,1.75,0.46089786,0.06,2023-10-30 21:25:00
532.6918,3.69,3.3089273,118955.0,0.93194926,2.09,0.4313638,0.22,2023-10-30 21:30:00
531.7793,3.29,3.9215047,103695.0,1.0634065,1.86,0.3138672,0.03,2023-10-30 21:35:00
532.45514,3.1,4.046554,93918.0,1.17876,1.76,0.22788674,0.03,2023-10-30 21:40:00
530.3545,3.2,4.0886793,92969.0,1.1762288,1.8,0.24054927,0.01,2023-10-30 21:45:00
529.85315,3.34,4.0580907,97786.0,1.1149995,1.88,0.27184162,0.02,2023-10-30 21:50:00
530.35693,3.39,4.016304,98949.0,1.1051592,1.91,0.28780174,0.02,2023-10-30 21:55:00
532.97406,3.39,3.9904134,96951.0,1.1453518,1.93,0.2787536,0.01,2023-10-30 22:00:00
524.6243,3.22,3.506565,107131.0,0.986798,1.78,0.31806332,0.1,2023-10-30 22:05:00
517.6996,3.32,3.7993815,107795.0,0.94098103,1.78,0.3443923,0.03,2023-10-30 22:10:00
514.4947,3.37,3.8096457,108571.0,0.91636825,1.78,0.35602587,0.07,2023-10-30 22:15:00
515.3793,3.31,3.7411363,106814.0,0.93643624,1.75,0.32633585,0.04,2023-10-30 22:20:00
515.7232,3.33,3.539986,108760.0,0.92159283,1.77,0.372912,0.1,2023-10-30 22:25:00
525.5486,3.64,3.4896705,115044.0,0.92397255,2.01,0.43456894,0.09,2023-10-30 22:30:00
529.7296,3.67,3.881868,108252.0,1.0064683,2.06,0.37839794,0.01,2023-10-30 22:35:00
532.4964,3.73,3.8371606,97285.0,1.1382382,2.12,0.372912,0.01,2023-10-30 22:40:00
532.4964,3.73,3.8529727,97285.0,1.1382382,2.12,0.372912,0.03,2023-10-30 22:45:00
527.36993,3.61,3.8556452,95353.0,1.1268497,2.01,0.34830487,0.01,2023-10-30 22:55:00
529.971,3.58,3.9676316,96688.0,1.1284428,2.01,0.31806332,0.08,2023-10-30 23:00:00
527.81696,3.64,3.4747806,120886.0,0.891189,2.03,0.40483373,0.05,2023-10-30 23:05:00
537.71216,3.91,3.4728808,116393.0,0.980686,2.26,0.45939252,0.05,2023-10-30 23:10:00
532.688,3.33,3.2258177,118731.0,0.9336866,1.89,0.39619938,0.03,2023-10-30 23:20:00
531.9533,3.72,3.3194728,118329.0,0.9328424,2.11,0.43616268,0.03,2023-10-30 23:25:00
534.2008,3.88,3.1276827,109229.0,1.0239091,2.22,0.43616268,0.04,2023-10-30 23:30:00
520.96344,3.74,2.3335807,105863.0,0.9770844,2.03,0.46239802,0.07,2023-10-30 23:35:00
520.0192,3.44,2.5355275,109668.0,0.93787247,1.86,0.43616268,0.06,2023-10-30 23:40:00
519.0685,3.6,2.6635878,106679.0,0.9586733,1.94,0.45484486,0.08,2023-10-30 23:45:00
523.31824,3.59,2.6309505,114431.0,0.91670537,1.97,0.47129175,0.06,2023-10-30 23:50:00
517.2831,3.53,2.8480518,113946.0,0.8879576,1.89,0.4927604,0.23,2023-10-30 23:55:00
517.04846,3.53,3.2338674,108182.0,0.93394864,1.89,0.4329693,0.16,2023-10-31 00:00:00
