V,Np,B,Tp,Texp/Tp,Pdyn,logBeta,B_rms,Time
409.69977,5.12,6.7259274,50880.0,0.9623076,1.72,-0.07572073,0.05,2024-05-10 00:20:00
410.10287,5.02,6.800125,50880.0,0.96525824,1.69,-0.09691001,0.06,2024-05-10 00:25:00
411.50146,5.21,6.675942,55179.0,0.8995379,1.77,-0.05061,0.02,2024-05-10 00:30:00
411.6187,5.09,6.704819,55544.0,0.89441955,1.73,-0.06550154,0.01,2024-05-10 00:35:00
397.385,5.38,6.5576673,52650.0,0.8456724,1.7,-0.0409586,0.03,2024-05-10 00:40:00
396.7909,5.36,6.4115987,53367.0,0.8304338,1.69,-0.036212165,0.03,2024-05-10 00:45:00
404.85413,5.3,6.2791877,52651.0,0.896126,1.75,-0.026872149,0.05,2024-05-10 00:50:00
403.99857,5.38,6.1375647,59802.0,0.7837903,1.76,0.008600163,0.05,2024-05-10 00:55:00
404.26755,4.98,6.216623,59170.0,0.7938052,1.63,-0.036212165,0.07,2024-05-10 01:00:00
390.2218,5.42,6.1727624,56650.0,0.742691,1.65,0.012837212,0.09,2024-05-10 01:05:00
392.26944,5.8,6.1020246,71644.0,0.596903,1.79,0.08278538,0.07,2024-05-10 01:15:00
393.5095,5.47,6.0686817,53792.0,0.80284745,1.7,0.033423774,0.1,2024-05-10 01:20:00
398.79855,5.51,6.0873885,60275.0,0.74690247,1.76,0.049218025,0.05,2024-05-10 01:25:00
401.50742,5.12,6.1337423,60109.0,0.7649161,1.65,0.008600163,0.06,2024-05-10 01:30:00
398.2856,5.41,5.505361,59651.0,0.7516979,1.72,0.033423774,0.59,2024-05-10 01:35:00
396.43015,4.76,4.924896,58893.0,0.7503856,1.5,0.10380372,0.13,2024-05-10 01:45:00
397.04855,5.22,4.4953866,66284.0,0.6699567,1.65,0.16136801,0.28,2024-05-10 01:50:00
401.95795,5.15,5.1973166,66084.0,0.6981892,1.66,0.14612804,0.18,2024-05-10 01:55:00
408.1738,5.72,5.227667,69300.0,0.6983657,1.91,0.17897695,0.09,2024-05-10 02:00:00
406.7214,5.67,4.837861,60487.0,0.7912883,1.85,0.21218762,0.08,2024-05-10 02:05:00
451.94064,3.69,3.389469,10224.0,6.499841,1.51,-0.08092192,0.33,2024-05-10 02:10:00
428.15677,5.52,6.2594647,56280.0,0.9978855,2.02,0.049218025,0.12,2024-05-10 02:15:00
427.94116,6.11,5.589159,67088.0,0.8358126,2.24,0.096910015,0.11,2024-05-10 02:20:00
430.32816,7.86,6.2991505,47771.0,1.1942892,2.91,0.17897695,0.11,2024-05-10 02:30:00
429.31805,8.21,6.101123,43778.0,1.2937216,3.03,0.19865711,0.04,2024-05-10 02:35:00
433.50504,8.04,6.269083,49141.0,1.1878839,3.02,0.17318627,0.06,2024-05-10 02:40:00
436.09613,8.32,6.3342643,56280.0,1.0566244,3.16,0.20951504,0.04,2024-05-10 02:45:00
434.01004,7.77,6.245142,53723.0,1.0905154,2.93,0.15228835,0.11,2024-05-10 02:50:00
428.2141,9.35,6.265221,41056.0,1.3684824,3.44,0.20139715,0.23,2024-05-10 03:05:00
429.52716,12.91,3.0980802,34558.0,1.6413696,4.76,0.35218254,1.19,2024-05-10 03:10:00
430.2518,12.83,5.968944,27707.0,2.0579956,4.75,0.35602587,0.11,2024-05-10 03:20:00
429.29843,13.51,5.900932,28489.0,1.9877316,4.98,0.43933272,0.35,2024-05-10 03:25:00
431.75635,9.68,6.4800386,26176.0,2.202166,3.61,0.16435286,0.02,2024-05-10 03:35:00
431.25766,9.86,6.4119105,28163.0,2.0394452,3.67,0.19312459,0.12,2024-05-10 03:40:00
430.15082,9.71,6.269426,29282.0,1.9458792,3.59,0.15836251,0.19,2024-05-10 03:45:00
433.3995,12.66,4.4864573,58893.0,0.9904332,4.76,0.92324406,1.05,2024-05-10 03:55:00
431.74435,11.64,4.6806836,49358.0,1.1677724,4.34,0.6211763,0.45,2024-05-10 04:00:00
433.30405,12.41,4.0927987,63903.0,0.9121573,4.66,0.94939,0.54,2024-05-10 04:05:00
433.30405,12.41,3.1610916,63903.0,0.9121573,4.66,0.9849771,0.27,2024-05-10 04:10:00
434.7717,12.58,2.8313425,60516.0,0.97340214,4.76,0.9258276,0.18,2024-05-10 04:15:00
431.74677,12.2,3.2917473,60413.0,0.95409805,4.55,0.90036714,0.18,2024-05-10 04:40:00
432.41022,12.92,3.0571392,55544.0,1.0427066,4.83,1.1655412,0.45,2024-05-10 04:45:00
431.6329,12.3,3.0602942,54814.0,1.0506918,4.58,1.0374265,0.21,2024-05-10 04:50:00
431.4321,12.72,2.7785788,53631.0,1.0723137,4.73,1.0759118,0.28,2024-05-10 04:55:00
429.9703,12.63,1.9350711,53008.0,1.0735141,4.67,1.2281437,0.24,2024-05-10 05:00:00
430.3822,12.92,1.1213385,57021.0,1.0009418,4.79,1.5616976,0.16,2024-05-10 05:05:00
431.8025,10.2,0.48672375,61150.0,0.9429776,3.8,1.6412759,0.21,2024-05-10 05:10:00
429.96945,9.68,0.9295698,61540.0,0.9246747,3.58,1.6172101,0.21,2024-05-10 05:15:00
430.1634,11.67,0.97800815,59859.0,0.95197743,4.32,1.803662,0.21,2024-05-10 05:20:00
429.98172,11.18,0.9207605,60796.0,0.93607366,4.13,1.7859702,0.1,2024-05-10 05:30:00
429.98172,11.18,1.2980754,60796.0,0.93607366,4.13,1.8937618,0.32,2024-05-10 05:35:00
428.85477,12.28,1.1043097,58140.0,0.9708719,4.52,2.028856,0.34,2024-05-10 05:40:00
429.13077,12.25,1.0132127,55912.0,1.0115836,4.51,2.165986,0.35,2024-05-10 05:45:00
424.8181,9.82,1.1093692,62250.0,0.8804646,3.55,1.4913617,0.41,2024-05-10 05:55:00
424.59677,9.25,1.0573552,62517.0,0.87528306,3.33,1.5707765,0.16,2024-05-10 06:00:00
428.3416,11.52,1.2856516,59271.0,0.94880307,4.23,1.596817,0.19,2024-05-10 06:10:00
420.97235,8.9,1.4716657,65884.0,0.80867976,3.15,1.5177237,0.2,2024-05-10 06:15:00
421.3258,9.17,1.3256696,63119.0,0.8463132,3.26,1.449941,0.14,2024-05-10 06:25:00
421.3258,9.17,1.3536618,63119.0,0.8463132,3.26,1.4828737,0.12,2024-05-10 06:30:00
420.7951,9.06,1.4368368,61565.0,0.8642779,3.21,1.502154,0.18,2024-05-10 06:40:00
421.22302,9.15,1.5468031,67896.0,0.7861713,3.25,1.4707046,0.15,2024-05-10 06:45:00
423.5335,9.17,1.3485548,59271.0,0.91604036,3.29,1.7857568,0.51,2024-05-10 07:20:00
417.66074,9.22,1.7789042,60071.0,0.86539507,3.22,1.3172274,0.08,2024-05-10 07:45:00
416.3292,8.89,2.0638797,61952.0,0.83081985,3.08,1.2533381,0.2,2024-05-10 07:55:00
417.57373,9.32,1.9574984,52961.0,0.98093766,3.25,1.2132521,0.14,2024-05-10 08:00:00
415.39923,9.07,1.8681809,57582.0,0.88767123,3.13,1.2245331,0.15,2024-05-10 08:05:00
418.69,8.96,1.3885603,56291.0,0.9306103,3.14,1.3432117,0.16,2024-05-10 08:10:00
423.16766,8.05,1.3814847,48532.0,1.1157333,2.88,1.0958666,0.42,2024-05-10 08:15:00
414.999,9.08,1.6978222,50300.0,1.0131359,3.13,1.2617387,0.22,2024-05-10 08:20:00
412.42587,9.2,1.6050545,55741.0,0.89671034,3.13,1.2869054,0.34,2024-05-10 08:25:00
414.6636,9.72,1.7418667,52407.0,0.96995884,3.34,1.2469908,0.17,2024-05-10 08:30:00
412.8085,9.79,1.8179659,39088.0,1.2824404,3.33,1.0976044,0.27,2024-05-10 08:40:00
411.34763,8.61,1.9886177,51984.0,0.95371383,2.91,1.1634597,0.22,2024-05-10 08:45:00
411.8276,8.13,1.6919811,53263.0,0.9341976,2.76,1.0726175,0.31,2024-05-10 08:50:00
412.33426,8.38,1.3833294,50783.0,0.9835769,2.85,1.1156106,0.24,2024-05-10 08:55:00
409.2313,8.46,2.0551643,53046.0,0.91973245,2.83,1.0511526,0.12,2024-05-10 09:00:00
405.63297,8.27,2.2961051,56073.0,0.84648687,2.72,0.99166906,0.23,2024-05-10 09:05:00
410.43225,8.9,2.19365,57766.0,0.8523219,3.0,0.95999485,0.18,2024-05-10 09:10:00
424.16855,6.67,1.8687428,67491.0,0.808233,2.4,0.9647309,0.12,2024-05-10 09:15:00
424.1103,6.86,1.7470261,72428.0,0.75281835,2.47,1.0322157,0.31,2024-05-10 09:20:00
430.78915,6.36,2.444197,69527.0,0.8233186,2.36,0.7619279,0.06,2024-05-10 09:25:00
425.67987,7.21,2.2432566,71993.0,0.7661269,2.61,0.87215626,0.16,2024-05-10 09:30:00
424.84778,7.43,1.5559564,63428.0,0.86430013,2.69,1.1152776,0.06,2024-05-10 09:35:00
424.44638,6.27,3.2209005,71178.0,0.76793045,2.26,0.651278,0.28,2024-05-10 09:40:00
420.9499,5.66,3.8099344,75128.0,0.70905936,2.01,0.5132176,0.09,2024-05-10 09:50:00
419.82098,4.74,3.9694078,72847.0,0.725174,1.67,0.39967373,0.02,2024-05-10 10:30:00
417.8957,3.93,3.7319431,67969.0,0.7661763,1.37,0.3673559,0.31,2024-05-10 10:50:00
423.74808,3.8,3.7924662,73655.0,0.738311,1.36,0.35793486,0.23,2024-05-10 11:00:00
424.22778,3.47,3.8390234,69131.0,0.7894024,1.25,0.2764618,0.15,2024-05-10 11:05:00
414.9257,3.26,4.314047,76675.0,0.66426754,1.12,0.17026173,0.07,2024-05-10 11:10:00
416.82065,4.38,2.858391,79720.0,0.6480222,1.52,0.54157925,0.35,2024-05-10 11:15:00
422.00235,3.6,3.67109,75388.0,0.71212816,1.28,0.32837963,0.13,2024-05-10 11:35:00
425.4358,3.35,3.6224577,71180.0,0.7734951,1.21,0.31806332,0.14,2024-05-10 11:40:00
423.92703,3.46,3.714189,76675.0,0.710164,1.24,0.3201463,0.11,2024-05-10 11:45:00
414.0149,3.78,3.5140574,90985.0,0.5559761,1.3,0.4232459,0.1,2024-05-10 11:50:00
420.7746,3.47,3.6357393,71462.0,0.7444683,1.23,0.2988531,0.06,2024-05-10 11:55:00
425.77808,3.04,3.2207143,63903.0,0.86373705,1.1,0.3096302,0.28,2024-05-10 12:00:00
426.29752,4.35,3.3039672,99235.0,0.55832404,1.58,0.70500803,0.47,2024-05-10 12:05:00
424.9081,3.15,2.7923467,75776.0,0.723779,1.14,0.39967373,0.05,2024-05-10 12:25:00
417.6149,3.03,3.425449,71720.0,0.724587,1.06,0.22530928,0.08,2024-05-10 12:30:00
410.85748,3.06,3.5446157,83032.0,0.5948815,1.04,0.26717174,0.18,2024-05-10 12:35:00
419.7625,2.73,3.7121556,70350.0,0.7505878,0.96,0.18752073,0.21,2024-05-10 12:40:00
411.69226,2.78,4.0309057,65088.0,0.7636936,0.94,0.12710482,0.08,2024-05-10 12:45:00
412.2386,2.68,3.9820094,73616.0,0.6780172,0.91,0.14612804,0.05,2024-05-10 12:50:00
407.629,2.97,3.950772,88747.0,0.54307115,0.99,0.23299614,0.02,2024-05-10 12:55:00
407.55185,3.03,3.7088811,92493.0,0.52076966,1.01,0.2787536,0.08,2024-05-10 13:10:00
404.4582,2.95,3.611108,101424.0,0.46378008,0.96,0.33041382,0.03,2024-05-10 13:30:00
405.50958,3.0,3.4381826,100036.0,0.47403058,0.99,0.34044415,0.04,2024-05-10 13:35:00
408.95828,2.9,3.2958457,93734.0,0.5194154,0.97,0.35218254,0.06,2024-05-10 13:45:00
414.50787,2.96,2.990117,86193.0,0.5890645,1.02,0.40312052,0.07,2024-05-10 14:00:00
408.19626,2.82,3.1553605,104437.0,0.46348548,0.94,0.42160395,0.21,2024-05-10 14:05:00
411.32275,3.41,3.5833642,93442.0,0.5304739,1.15,0.38021126,0.01,2024-05-10 14:10:00
409.16867,3.08,3.4858859,86903.0,0.56114167,1.03,0.32428244,0.01,2024-05-10 14:15:00
407.73364,3.29,3.516262,95718.0,0.5039225,1.1,0.38381538,0.07,2024-05-10 14:30:00
410.81604,3.55,3.1691322,104699.0,0.47162518,1.2,0.4941546,0.05,2024-05-10 14:35:00
415.11304,3.95,2.6786003,155731.0,0.3275157,1.37,0.66558105,0.17,2024-05-10 14:50:00
456.31732,7.64,2.2981298,101080.0,0.67746675,3.18,0.9400182,0.25,2024-05-10 14:55:00
441.12207,10.32,1.9759808,81962.0,0.7518897,4.12,1.1000258,0.14,2024-05-10 15:00:00
450.23212,7.95,2.7662249,103273.0,0.63594,3.24,0.7853298,0.35,2024-05-10 15:05:00
442.18314,8.44,2.2033384,87667.0,0.7082371,3.35,0.9479236,0.07,2024-05-10 15:10:00
448.43515,9.28,1.8924322,98091.0,0.6612522,3.75,1.0216027,0.32,2024-05-10 15:15:00
452.5061,9.4,2.7561204,89250.0,0.74749076,3.86,0.9355073,0.49,2024-05-10 15:20:00
456.16254,14.38,2.1858866,56206.0,1.2170599,5.99,1.2848818,0.08,2024-05-10 15:25:00
451.82193,14.2,1.9208852,51729.0,1.2836137,5.8,1.2329962,0.14,2024-05-10 15:30:00
455.13724,13.66,1.8025813,57113.0,1.1893712,5.66,1.2395498,0.22,2024-05-10 15:35:00
450.51236,14.32,2.6984625,47428.0,1.3874246,5.82,1.1528996,0.11,2024-05-10 15:40:00
449.077,15.26,2.447938,49706.0,1.3107535,6.15,1.2447718,0.1,2024-05-10 15:45:00
450.853,16.11,2.5872958,51584.0,1.278648,6.55,1.1826999,0.14,2024-05-10 15:50:00
449.29813,15.63,2.064243,49785.0,1.3106807,6.31,1.2789822,0.09,2024-05-10 15:55:00
454.55197,15.77,2.1493256,47989.0,1.4098442,6.52,1.224792,0.22,2024-05-10 16:00:00
448.06738,15.18,2.2591372,48709.0,1.3282437,6.09,1.1752219,0.26,2024-05-10 16:05:00
446.87048,16.71,2.6030366,50131.0,1.2798657,6.67,1.1395643,0.19,2024-05-10 16:10:00
447.80402,15.38,2.8286572,49825.0,1.296119,6.17,1.0870713,0.16,2024-05-10 16:15:00
448.72675,16.43,2.7749953,48937.0,1.3281212,6.62,1.122216,0.07,2024-05-10 16:20:00
447.10678,17.06,3.2056665,52568.0,1.2225426,6.83,1.1149445,0.13,2024-05-10 16:25:00
448.61356,16.21,2.9834712,49526.0,1.3112959,6.53,1.1156106,0.2,2024-05-10 16:30:00
448.29028,15.82,3.0418909,44760.0,1.447669,6.36,1.0546131,0.06,2024-05-10 16:35:00
448.29028,15.82,3.4092228,44760.0,1.447669,6.36,1.0546131,0.33,2024-05-10 16:40:00
449.35895,17.58,3.552098,52650.0,1.2398813,7.1,1.065953,0.43,2024-05-10 16:45:00
447.00458,18.2,4.27357,49833.0,1.2887224,7.27,0.8674675,0.08,2024-05-10 16:50:00
447.02628,15.51,4.2698245,48112.0,1.3350223,6.2,0.781037,0.06,2024-05-10 16:55:00
449.96378,16.98,2.40356,52823.0,1.241006,6.88,0.70500803,5.51,2024-05-10 17:00:00
693.78625,37.93,12.635493,631420.0,0.39964324,36.71,0.53147894,1.82,2024-05-10 17:05:00
514.4274,23.75,3.8637805,260152.0,0.3822786,14.71,0.48144266,3.6,2024-05-10 17:10:00
604.969,32.92,7.1120253,525191.0,0.31367007,26.43,0.65030754,2.35,2024-05-10 17:15:00
646.1925,42.63,7.975845,584264.0,0.34618062,37.91,0.7339993,1.96,2024-05-10 17:20:00
472.3865,23.84,9.020021,104561.0,0.7294131,11.71,0.00432137,2.37,2024-05-10 17:25:00
445.40698,16.13,17.585194,47651.0,1.3327963,6.4,-0.4436975,6.17,2024-05-10 17:30:00
678.06805,26.95,25.403751,1334161.0,0.17611676,24.78,0.48429987,5.32,2024-05-10 17:40:00
692.45416,25.97,29.66838,663206.0,0.37821963,24.91,-0.008773916,0.96,2024-05-10 17:45:00
684.34564,25.57,8.110659,757664.0,0.31914735,23.98,0.5118834,5.71,2024-05-10 17:50:00
675.6512,33.37,15.642893,1070989.0,0.21696837,30.48,0.97405094,7.67,2024-05-10 17:55:00
697.76276,21.12,40.740993,362779.0,0.7080688,20.58,-0.56863624,5.62,2024-05-10 18:00:00
702.9544,32.82,42.366356,310156.0,0.84753805,32.44,-0.5086383,1.66,2024-05-10 18:05:00
710.059,19.34,49.741707,457828.0,0.59242374,19.43,-0.7447275,0.54,2024-05-10 18:10:00
694.3371,46.09,31.336006,1254299.0,0.20167994,44.54,0.7032914,12.79,2024-05-10 18:25:00
707.4919,47.69,9.5205145,1214222.0,0.22087166,47.76,1.1436393,1.88,2024-05-10 18:30:00
712.80817,46.73,17.301287,1177776.0,0.2330754,47.49,0.8808136,0.68,2024-05-10 18:35:00
697.8983,48.96,22.051188,1246248.0,0.20624137,47.69,0.7604225,0.77,2024-05-10 18:45:00
706.284,49.43,26.129105,1177345.0,0.22658135,49.32,0.5728716,2.45,2024-05-10 18:50:00
646.43536,43.4,19.580568,1119653.0,0.18085746,36.43,0.37474835,0.9,2024-05-10 18:55:00
628.39874,40.14,27.946272,1092298.0,0.16975419,31.82,0.29666522,1.04,2024-05-10 19:00:00
706.8079,39.62,21.194426,595805.0,0.44877258,39.62,0.19312459,2.36,2024-05-10 19:20:00
693.90674,47.65,21.592957,523257.0,0.4825146,46.03,0.19312459,1.28,2024-05-10 19:25:00
696.38214,45.75,21.162622,917145.0,0.27835682,44.51,0.28103337,0.88,2024-05-10 19:30:00
689.70056,45.14,22.834394,1039531.0,0.23832422,43.01,0.3138672,1.96,2024-05-10 19:35:00
698.2945,43.84,15.724506,481190.0,0.53509486,43.03,0.25285304,4.42,2024-05-10 19:40:00
712.47186,40.15,25.942495,529467.0,0.51770484,40.76,0.06818584,1.2,2024-05-10 19:45:00
710.839,46.34,26.955254,381392.0,0.7135879,46.97,-0.06550154,0.92,2024-05-10 19:50:00
708.3231,45.07,33.860085,234664.0,1.1470414,45.33,-0.30103,0.76,2024-05-10 19:55:00
709.6492,42.34,35.751545,264643.0,1.0230428,42.73,-0.26760623,1.01,2024-05-10 20:00:00
709.6563,54.51,30.87524,283606.0,0.9546681,54.9,-0.045757502,1.4,2024-05-10 20:05:00
702.251,48.67,32.4329,277366.0,0.94478446,48.05,-0.13667715,1.38,2024-05-10 20:10:00
704.1678,49.55,30.379026,291353.0,0.9070924,49.14,-0.08618615,1.93,2024-05-10 20:15:00
693.2157,47.25,32.23788,300943.0,0.8363619,45.42,-0.09151498,0.27,2024-05-10 20:40:00
701.3796,44.55,32.678486,313208.0,0.83344007,43.8,-0.12493874,1.34,2024-05-10 20:45:00
704.2513,44.79,32.675842,317360.0,0.8330656,44.3,-0.1426675,0.81,2024-05-10 20:50:00
695.90955,47.33,31.558914,315615.0,0.8071689,45.77,-0.08092192,2.1,2024-05-10 20:55:00
700.7898,33.04,37.782925,228799.0,1.1379306,32.38,-0.455932,1.74,2024-05-10 21:00:00
695.6365,33.99,35.849335,218133.0,1.1664608,32.8,-0.26760623,6.78,2024-05-10 21:05:00
688.58093,38.78,38.14432,260160.0,0.9474768,36.79,-0.2839967,5.41,2024-05-10 21:10:00
686.93555,36.4,39.27351,187293.0,1.3063308,34.48,-0.552842,1.9,2024-05-10 21:15:00
682.6648,35.12,41.765224,147598.0,1.6257832,32.72,-0.6197888,1.32,2024-05-10 21:20:00
690.09503,34.19,43.481888,137305.0,1.8075583,32.57,-0.69897,0.13,2024-05-10 21:25:00
693.6235,35.54,43.240574,148638.0,1.69646,34.19,-0.67778075,0.18,2024-05-10 21:30:00
688.2961,35.94,43.341354,143646.0,1.7137845,34.07,-0.65757734,0.26,2024-05-10 21:35:00
695.3846,35.8,43.542694,165570.0,1.5350417,34.62,-0.63827217,0.25,2024-05-10 21:40:00
699.8618,23.41,45.029995,163221.0,1.5885557,22.93,-0.853872,0.54,2024-05-10 21:45:00
657.8726,16.44,47.944786,176418.0,1.2122375,14.23,-1.0457575,0.64,2024-05-10 21:50:00
679.43555,14.03,48.463734,149729.0,1.5791624,12.96,-1.154902,0.22,2024-05-10 21:55:00
667.5256,14.68,50.488518,134136.0,1.6683165,13.09,-1.154902,0.29,2024-05-10 22:00:00
698.6302,16.49,59.495586,176767.0,1.458801,16.33,-1.2218488,6.93,2024-05-10 22:05:00
726.1853,24.03,68.70205,185890.0,1.5647318,25.35,-1.154902,0.98,2024-05-10 22:10:00
718.4557,19.37,69.58301,203280.0,1.3839927,20.0,-1.2218488,0.26,2024-05-10 22:15:00
764.4907,22.44,67.227104,370444.0,0.92144704,26.22,-1.0,0.72,2024-05-10 22:25:00
772.091,35.91,31.385773,342703.0,1.0271864,43.29,-0.6197888,6.27,2024-05-10 22:30:00
749.8435,9.99,66.808556,623286.0,0.51564574,11.23,-1.154902,0.51,2024-05-10 22:35:00
770.59564,32.35,66.269424,126245.0,2.7716093,38.52,-1.154902,1.38,2024-05-10 22:45:00
723.23773,21.33,68.9553,147045.0,1.9532009,22.32,-1.30103,0.22,2024-05-10 22:50:00
742.77875,23.9,68.6944,62340.0,5.0058045,26.37,-1.3979402,0.21,2024-05-10 22:55:00
744.884,25.01,69.731224,77986.0,4.036923,27.79,-1.30103,0.05,2024-05-10 23:00:00
751.9289,28.64,69.058395,97401.0,3.3283582,32.41,-1.2218488,0.11,2024-05-10 23:05:00
725.00146,23.75,67.32646,200028.0,1.4467695,24.97,-1.154902,1.08,2024-05-10 23:45:00
723.6018,6.17,68.42566,170625.0,1.6859121,6.46,-1.69897,0.54,2024-05-11 00:10:00
695.4743,7.29,62.895283,218196.0,1.1652777,7.08,-1.5228789,4.2,2024-05-11 00:15:00
742.68445,16.42,48.331703,696128.0,0.44810516,18.79,-0.53760207,5.68,2024-05-11 00:20:00
764.2594,24.84,45.790035,717497.0,0.47529545,29.0,-0.43179828,1.08,2024-05-11 00:25:00
754.0139,23.85,50.068466,380891.0,0.8584922,27.12,-0.7212464,1.89,2024-05-11 00:30:00
762.7574,19.73,53.0984,635628.0,0.53323805,22.95,-0.63827217,0.93,2024-05-11 00:40:00
760.862,20.58,51.796707,407795.0,0.82474285,23.83,-0.79588,2.27,2024-05-11 00:45:00
777.5803,21.09,50.96102,1239337.0,0.2903727,25.52,-0.38721615,2.31,2024-05-11 00:50:00
718.63464,28.17,47.927578,654368.0,0.43027198,29.09,-0.40893543,3.79,2024-05-11 00:55:00
744.20166,27.26,51.38932,741375.0,0.42343843,30.18,-0.455932,1.79,2024-05-11 01:00:00
750.68066,23.97,48.096764,394515.0,0.8174926,27.05,-0.67778075,2.01,2024-05-11 01:05:00
734.07416,24.26,49.740887,505274.0,0.5953559,26.15,-0.60206,0.64,2024-05-11 01:10:00
732.70807,25.36,44.74699,562408.0,0.53178215,27.24,-0.52287877,1.3,2024-05-11 01:15:00
736.68335,18.45,48.39526,278358.0,1.0926896,20.04,-0.9586073,0.93,2024-05-11 01:20:00
733.95764,24.22,43.369324,506604.0,0.5934996,26.11,-0.56863624,1.68,2024-05-11 01:25:00
722.85724,30.07,41.8613,501009.0,0.5723218,31.43,-0.455932,1.48,2024-05-11 01:30:00
723.39355,28.06,42.673492,451875.0,0.636019,29.39,-0.49485007,1.13,2024-05-11 01:35:00
727.1434,37.95,31.713903,645858.0,0.45221123,40.53,0.00432137,1.78,2024-05-11 01:40:00
764.41516,38.27,20.489573,630921.0,0.5408593,44.7,0.17897695,2.07,2024-05-11 01:45:00
738.3215,31.27,35.07784,228826.0,1.3384372,34.09,-0.4202164,0.05,2024-05-11 02:05:00
730.70703,37.93,33.11745,631913.0,0.4692787,40.5,0.12057395,2.14,2024-05-11 02:10:00
730.70703,37.93,28.378714,631913.0,0.4692787,40.5,0.23299614,1.61,2024-05-11 02:15:00
731.5943,35.49,32.52424,433008.0,0.68743676,37.99,-0.07058106,1.2,2024-05-11 02:20:00
727.12695,36.87,27.272871,282861.0,1.0324638,38.97,-0.07572073,3.06,2024-05-11 02:40:00
738.6758,35.43,28.25611,310337.0,0.9883675,38.65,-0.16115092,0.62,2024-05-11 02:45:00
747.2795,31.43,22.225222,276720.0,1.1491255,35.13,-0.29242983,0.22,2024-05-11 02:50:00
761.5173,28.35,25.033796,191665.0,1.7594682,32.53,-0.38721615,1.34,2024-05-11 02:55:00
752.544,32.83,26.29805,237682.0,1.3674225,37.09,-0.24412516,0.88,2024-05-11 03:00:00
753.0274,13.78,30.222557,214888.0,1.5154969,15.64,-0.7695511,1.75,2024-05-11 03:05:00
730.4017,17.55,32.650406,225443.0,1.3136697,18.76,-0.65757734,0.9,2024-05-11 03:10:00
746.86743,12.09,30.649988,223177.0,1.4223709,13.6,-0.7447275,3.65,2024-05-11 03:15:00
736.2164,20.7,28.517908,237337.0,1.2790213,23.04,-0.455932,2.09,2024-05-11 03:20:00
765.2429,20.09,37.703564,254827.0,1.3436217,23.53,-0.5850267,2.12,2024-05-11 03:25:00
703.30096,6.43,39.947086,181706.0,1.4488934,6.36,-1.30103,0.16,2024-05-11 03:30:00
710.91595,7.08,39.606125,176296.0,1.5442691,7.17,-1.2218488,0.05,2024-05-11 03:35:00
714.308,7.25,39.819916,167367.0,1.6509385,7.39,-1.30103,0.07,2024-05-11 03:40:00
712.6397,6.91,39.800236,161845.0,1.6948851,7.02,-1.30103,0.11,2024-05-11 03:45:00
691.9575,6.29,40.315025,159839.0,1.5658125,6.02,-1.30103,0.12,2024-05-11 03:50:00
693.72327,6.73,40.454605,178714.0,1.411593,6.48,-1.30103,0.04,2024-05-11 03:55:00
692.73016,6.97,40.295094,151742.0,1.6551046,6.69,-1.30103,0.07,2024-05-11 04:00:00
687.07153,8.09,39.63819,181488.0,1.3489456,7.64,-1.154902,0.34,2024-05-11 04:05:00
704.26587,8.11,39.85171,201189.0,1.3141809,8.04,-1.154902,0.11,2024-05-11 04:10:00
702.15405,7.54,39.65443,190872.0,1.3723253,7.43,-1.154902,0.06,2024-05-11 04:15:00
713.74786,23.82,38.28574,195875.0,1.4072174,24.27,-0.63827217,0.75,2024-05-11 04:25:00
734.29944,10.2,39.436775,222912.0,1.3507811,11.0,-1.0457575,0.11,2024-05-11 04:30:00
714.5027,14.79,38.249065,232282.0,1.1905667,14.87,-0.82390875,0.65,2024-05-11 04:35:00
702.5854,22.87,35.803314,210653.0,1.2458389,22.6,-0.60206,0.22,2024-05-11 04:40:00
699.33575,20.39,36.100204,223480.0,1.1575059,19.94,-0.63827217,0.24,2024-05-11 04:45:00
704.4247,17.76,38.056454,208617.0,1.2682782,17.56,-0.7695511,0.94,2024-05-11 04:50:00
706.3126,13.2,39.141045,217788.0,1.225036,13.18,-0.9208188,0.18,2024-05-11 04:55:00
703.3319,14.58,39.080975,193682.0,1.3594898,14.42,-0.88605666,0.23,2024-05-11 05:00:00
696.20905,15.12,38.882072,194580.0,1.3110086,14.66,-0.88605666,0.2,2024-05-11 05:05:00
704.1607,25.24,36.782055,171327.0,1.542523,25.04,-0.65757734,0.83,2024-05-11 05:10:00
702.98895,25.71,38.23762,200179.0,1.3133708,25.43,-0.6197888,0.26,2024-05-11 05:15:00
695.7642,23.91,38.24278,214775.0,1.1853757,23.14,-0.63827217,0.48,2024-05-11 05:20:00
704.67664,23.59,38.890675,220381.0,1.2019145,23.45,-0.63827217,0.37,2024-05-11 05:25:00
692.31934,22.72,39.777267,261930.0,0.9570706,21.81,-0.63827217,0.49,2024-05-11 05:30:00
686.2502,21.79,40.058575,276177.0,0.8831564,20.52,-0.65757734,0.71,2024-05-11 05:35:00
683.9395,21.76,39.5038,253892.0,0.9506403,20.34,-0.65757734,1.41,2024-05-11 05:40:00
704.11835,32.4,34.866177,381798.0,0.69205815,32.13,-0.25963733,0.78,2024-05-11 05:45:00
697.411,30.65,33.11158,390577.0,0.65664274,29.78,-0.24412516,1.42,2024-05-11 05:50:00
707.9968,26.53,39.46319,279898.0,0.960291,26.59,-0.552842,0.52,2024-05-11 05:55:00
694.81415,31.7,35.565987,365010.0,0.69452447,30.48,-0.25963733,3.4,2024-05-11 06:00:00
673.31104,38.34,26.339905,439728.0,0.52276516,34.75,-0.07058106,0.85,2024-05-11 06:05:00
677.8892,36.31,35.492832,472845.0,0.49651632,33.36,-0.15490197,1.2,2024-05-11 06:10:00
688.3843,35.35,37.650906,456823.0,0.539107,33.51,-0.21467017,0.57,2024-05-11 06:15:00
692.4396,32.22,34.671764,672000.0,0.37324566,30.96,-0.09691001,1.09,2024-05-11 06:20:00
665.41315,29.86,32.101204,449553.0,0.49289873,26.42,-0.20760833,1.11,2024-05-11 06:25:00
674.29083,28.6,39.448154,399026.0,0.5787027,26.02,-0.40893543,3.29,2024-05-11 06:30:00
682.40894,30.22,45.05213,319760.0,0.74957013,28.15,-0.53760207,0.63,2024-05-11 06:35:00
682.40894,30.22,43.606483,319760.0,0.74957013,28.15,-0.53760207,0.31,2024-05-11 06:40:00
694.71576,28.55,44.362858,339406.0,0.74658865,27.56,-0.552842,0.69,2024-05-11 06:45:00
693.45087,28.59,44.232647,326458.0,0.77180874,27.49,-0.53760207,0.43,2024-05-11 06:50:00
689.49786,34.0,42.090595,369612.0,0.66967195,32.3,-0.39794,0.62,2024-05-11 06:55:00
689.13605,35.99,40.043537,401856.0,0.6149334,34.18,-0.30980393,0.32,2024-05-11 07:00:00
682.12604,38.14,38.71153,330006.0,0.72536063,35.5,-0.3187588,0.22,2024-05-11 07:05:00
686.33984,37.27,38.39567,370173.0,0.6591695,35.12,-0.2839967,0.22,2024-05-11 07:10:00
687.2297,38.6,38.816578,365810.0,0.6697272,36.46,-0.29242983,0.14,2024-05-11 07:15:00
691.0298,41.53,37.811867,368703.0,0.6759771,39.68,-0.22914802,0.79,2024-05-11 07:20:00
694.0743,38.28,37.09424,379814.0,0.665244,36.89,-0.23657204,0.45,2024-05-11 07:25:00
696.73535,37.31,38.49036,353380.0,0.72357476,36.22,-0.30103,0.35,2024-05-11 07:30:00
699.4872,27.7,37.682266,446436.0,0.57982296,27.07,-0.36653155,1.18,2024-05-11 07:35:00
700.5995,28.01,34.873463,470806.0,0.5525362,27.38,-0.26760623,1.07,2024-05-11 07:40:00
701.15466,36.58,32.667606,449676.0,0.57992786,35.98,-0.09691001,0.86,2024-05-11 07:45:00
699.20026,29.41,33.761078,427181.0,0.60518473,28.75,-0.25963733,1.8,2024-05-11 07:50:00
708.2306,22.74,21.266224,629200.0,0.4276222,22.77,0.08990512,5.18,2024-05-11 08:00:00
702.5889,21.46,22.588886,784879.0,0.3343749,21.19,0.02118928,3.6,2024-05-11 08:10:00
708.6283,28.1,25.995089,543466.0,0.49594736,28.24,0.11394334,4.21,2024-05-11 08:15:00
710.69324,22.18,30.99875,422784.0,0.64331436,22.45,-0.3467875,1.71,2024-05-11 08:20:00
716.1235,27.75,36.3881,219545.0,1.2685543,28.48,-0.552842,0.94,2024-05-11 08:25:00
710.418,13.28,39.94947,168488.0,1.6123123,13.57,-1.0,1.63,2024-05-11 08:30:00
727.00305,7.95,42.38264,184841.0,1.5791347,8.39,-1.2218488,0.06,2024-05-11 08:35:00
718.112,8.49,42.049103,189728.0,1.480642,8.76,-1.2218488,0.1,2024-05-11 08:40:00
713.0822,8.72,41.969746,184348.0,1.490872,8.87,-1.154902,0.27,2024-05-11 08:45:00
707.1097,10.47,41.286537,146275.0,1.8303641,10.47,-1.154902,0.14,2024-05-11 08:50:00
706.63654,14.67,41.221184,168664.0,1.5840915,14.65,-0.9586073,0.28,2024-05-11 08:55:00
700.03845,9.44,41.061794,234331.0,1.1073629,9.32,-1.0969101,0.37,2024-05-11 09:00:00
675.98083,6.32,41.237778,319661.0,0.7280333,5.78,-1.154902,0.26,2024-05-11 09:05:00
679.4652,6.17,41.04827,283881.0,0.83302003,5.7,-1.2218488,0.24,2024-05-11 09:10:00
660.3148,4.69,39.57317,208116.0,1.0395244,4.08,-1.3979402,1.37,2024-05-11 09:15:00
665.0406,4.54,40.436604,211058.0,1.0480444,4.01,-1.3979402,1.15,2024-05-11 09:20:00
669.06616,4.29,41.44622,179700.0,1.2542735,3.84,-1.5228789,1.11,2024-05-11 09:25:00
700.00024,13.53,35.99851,179700.0,1.4437695,13.26,-0.9586073,3.09,2024-05-11 09:30:00
700.03864,29.71,30.617907,151851.0,1.7088438,29.45,-0.4202164,3.41,2024-05-11 09:35:00
703.4229,41.71,32.4136,202782.0,1.299005,41.31,-0.24412516,0.93,2024-05-11 09:40:00
699.4015,22.33,32.44309,120884.0,2.1405246,21.85,-0.6197888,3.23,2024-05-11 09:45:00
699.3214,22.64,32.98105,132596.0,1.9507596,22.15,-0.6197888,3.45,2024-05-11 09:50:00
700.2053,22.11,25.433918,125801.0,2.0642283,21.68,-0.4202164,0.67,2024-05-11 09:55:00
710.1562,65.86,25.840343,170586.0,1.5906566,66.44,0.10037054,0.7,2024-05-11 10:00:00
708.9373,64.03,25.006418,164853.0,1.6371953,64.36,0.08990512,0.13,2024-05-11 10:15:00
672.21295,21.65,17.293852,434592.0,0.52626246,19.57,0.39093512,4.3,2024-05-11 10:30:00
672.7003,27.62,11.184463,333059.0,0.6882445,25.02,0.26007143,1.08,2024-05-11 10:35:00
686.3626,31.41,14.876081,450308.0,0.5419223,29.67,0.2988531,0.69,2024-05-11 10:40:00
699.39624,22.88,16.40771,432958.0,0.59763086,22.4,0.13353892,0.75,2024-05-11 10:45:00
705.2606,22.11,14.359146,443862.0,0.5983008,22.07,0.28330123,0.52,2024-05-11 10:50:00
736.247,21.95,10.949237,478237.0,0.6348284,24.22,0.41161972,0.83,2024-05-11 10:55:00
716.4629,14.95,10.184404,495790.0,0.56256855,15.43,0.29666522,0.53,2024-05-11 11:00:00
735.12225,18.33,4.75282,615171.0,0.4911755,19.95,0.6074551,1.73,2024-05-11 11:05:00
745.7843,16.46,9.756746,457583.0,0.69060606,18.33,0.34830487,1.25,2024-05-11 11:10:00
774.2023,17.98,5.930708,503389.0,0.7052698,21.57,0.53655845,1.07,2024-05-11 11:15:00
818.14166,19.95,14.817183,450253.0,0.9363404,26.9,0.117271274,1.64,2024-05-11 11:20:00
808.0555,15.79,15.099633,373368.0,1.086382,20.38,-0.10790541,2.28,2024-05-11 11:25:00
789.1507,15.88,15.900132,233761.0,1.6119148,19.88,-0.07572073,3.83,2024-05-11 11:30:00
812.5435,15.59,22.36298,137078.0,3.0105097,20.58,-0.48148608,0.37,2024-05-11 11:35:00
812.5837,10.98,22.768192,141403.0,2.9188786,14.5,-0.63827217,1.23,2024-05-11 11:40:00
814.6742,9.46,23.37486,155515.0,2.6753216,12.56,-0.69897,0.25,2024-05-11 11:45:00
793.6614,14.33,20.215515,183679.0,2.088143,18.05,-0.48148608,0.27,2024-05-11 11:50:00
807.7788,13.93,24.04999,144640.0,2.8013554,18.18,-0.56863624,0.42,2024-05-11 11:55:00
806.2404,13.1,24.117409,116086.0,3.4697607,17.04,-0.65757734,0.23,2024-05-11 12:00:00
809.711,10.39,25.134895,86903.0,4.697338,13.62,-0.853872,0.14,2024-05-11 12:05:00
807.3509,11.18,24.53147,129316.0,3.1281526,14.58,-0.7447275,0.48,2024-05-11 12:10:00
836.4313,10.02,24.343847,107878.0,4.1864676,14.01,-0.79588,0.15,2024-05-11 12:15:00
821.66754,10.65,26.979803,94682.0,4.5127034,14.38,-0.853872,0.15,2024-05-11 12:20:00
818.84564,11.05,26.981886,121426.0,3.4812999,14.82,-0.79588,0.07,2024-05-11 12:25:00
804.2782,10.31,26.721977,116066.0,3.4441328,13.34,-0.82390875,0.11,2024-05-11 12:35:00
815.3768,8.24,27.481647,116070.0,3.5941296,10.96,-0.9586073,0.11,2024-05-11 12:40:00
812.233,9.48,27.669907,103548.0,3.980606,12.5,-0.9208188,0.09,2024-05-11 12:45:00
808.08307,8.41,27.93993,115477.0,3.5129359,10.99,-0.9586073,0.32,2024-05-11 12:50:00
807.60376,7.25,28.06606,103436.0,3.91464,9.46,-1.0457575,0.17,2024-05-11 12:55:00
808.1408,7.34,28.368458,113043.0,3.5893738,9.59,-1.0457575,0.05,2024-05-11 13:00:00
805.83124,8.16,28.479294,98855.0,4.0681257,10.6,-1.0457575,0.19,2024-05-11 13:05:00
802.4744,7.87,28.310305,103520.0,3.834646,10.12,-1.0457575,0.29,2024-05-11 13:10:00
803.3693,7.92,27.802652,109040.0,3.6531749,10.23,-1.0,0.1,2024-05-11 13:15:00
793.85266,9.33,27.546879,84586.0,4.537818,11.76,-0.9586073,0.08,2024-05-11 13:25:00
796.4044,10.47,27.217075,71178.0,5.4467626,13.28,-0.9586073,0.14,2024-05-11 13:30:00
783.8231,9.62,26.95106,64297.0,5.738063,11.82,-0.9586073,0.09,2024-05-11 13:35:00
791.75244,10.2,26.594458,75757.0,5.0250597,12.8,-0.9208188,0.31,2024-05-11 13:40:00
798.411,9.6,26.228035,58516.0,6.6774664,12.24,-0.9586073,0.03,2024-05-11 13:45:00
804.52216,10.59,25.884552,123058.0,3.2515104,13.71,-0.7695511,0.38,2024-05-11 13:50:00
781.23566,8.7,24.878357,108222.0,3.3741949,10.66,-0.853872,0.16,2024-05-11 13:55:00
776.4066,7.67,24.800817,85891.0,4.170184,9.26,-0.9586073,0.5,2024-05-11 14:00:00
755.9154,7.76,23.801659,91113.0,3.617112,8.88,-0.9208188,0.16,2024-05-11 14:05:00
782.7695,6.82,23.498676,121235.0,3.030466,8.34,-0.9208188,0.09,2024-05-11 14:10:00
771.13617,8.08,23.643099,125165.0,2.8016338,9.6,-0.82390875,0.18,2024-05-11 14:15:00
764.8243,8.35,23.426167,147045.0,2.324515,9.77,-0.7695511,0.06,2024-05-11 14:20:00
765.6291,8.42,23.336472,140517.0,2.4404824,9.87,-0.7695511,0.23,2024-05-11 14:25:00
768.65625,7.87,24.071777,131696.0,2.6361306,9.29,-0.82390875,0.13,2024-05-11 14:30:00
769.5468,7.84,23.695808,136014.0,2.5616589,9.3,-0.82390875,0.38,2024-05-11 14:35:00
764.21106,8.75,24.090235,107108.0,3.1832907,10.22,-0.853872,0.33,2024-05-11 14:40:00
764.94275,9.35,23.139374,104089.0,3.285392,10.95,-0.7695511,0.47,2024-05-11 14:45:00
767.6475,9.85,23.311974,106973.0,3.2321382,11.62,-0.7695511,0.22,2024-05-11 14:50:00
777.5405,12.16,23.109283,77973.0,4.614575,14.71,-0.7212464,0.2,2024-05-11 14:55:00
775.2263,11.68,23.060616,69527.0,5.1273456,14.04,-0.7447275,0.09,2024-05-11 15:00:00
785.78394,8.96,18.775436,62993.0,5.902576,10.95,-0.69897,3.25,2024-05-11 15:05:00
803.99677,6.45,14.542276,49969.0,7.991184,8.35,-0.67778075,0.42,2024-05-11 15:10:00
815.6594,6.07,13.873968,62535.0,6.6781955,8.09,-0.6197888,0.09,2024-05-11 15:15:00
810.7302,5.88,13.839256,57826.0,7.0870285,7.74,-0.63827217,0.07,2024-05-11 15:20:00
804.92615,5.38,14.028317,72517.0,5.5262923,6.98,-0.63827217,0.05,2024-05-11 15:25:00
808.45294,5.39,13.962822,81487.0,4.985355,7.05,-0.63827217,0.1,2024-05-11 15:30:00
812.59625,5.39,13.664746,79282.0,5.2062006,7.12,-0.6197888,0.07,2024-05-11 15:40:00
795.92957,5.78,13.946717,93918.0,4.1203027,7.32,-0.552842,0.11,2024-05-11 15:50:00
791.527,4.41,13.042427,98846.0,3.8478656,5.52,-0.6197888,0.59,2024-05-11 15:55:00
781.34265,5.37,12.7806225,79990.0,4.5670433,6.56,-0.56863624,0.23,2024-05-11 16:00:00
788.28253,5.17,12.784233,61717.0,6.084448,6.42,-0.65757734,0.16,2024-05-11 16:05:00
792.41516,6.02,12.793803,55716.0,6.850389,7.56,-0.60206,0.14,2024-05-11 16:10:00
783.36694,8.71,11.955539,48454.0,7.6004505,10.69,-0.3467875,0.51,2024-05-11 16:15:00
785.15955,6.17,11.846388,47216.0,7.8554316,7.6,-0.49485007,0.09,2024-05-11 16:20:00
781.58167,6.2,11.694126,46509.0,7.86226,7.58,-0.48148608,0.09,2024-05-11 16:25:00
790.9727,4.17,12.213984,44312.0,8.564669,5.21,-0.69897,0.18,2024-05-11 16:30:00
785.06805,4.86,11.943241,48308.0,7.675073,5.99,-0.60206,0.12,2024-05-11 16:35:00
789.54913,3.67,11.941917,54158.0,6.968413,4.57,-0.69897,0.08,2024-05-11 16:40:00
786.6908,2.98,12.167995,56827.0,6.5665693,3.7,-0.79588,0.07,2024-05-11 16:45:00
786.19403,3.27,12.213165,50223.0,7.4154353,4.04,-0.79588,0.07,2024-05-11 16:50:00
781.9455,2.52,12.293579,46899.0,7.808184,3.07,-0.9208188,0.02,2024-05-11 16:55:00
775.0294,2.75,12.1539955,50142.0,7.1039686,3.3,-0.853872,0.07,2024-05-11 17:00:00
778.21,4.27,11.430849,40405.0,8.929033,5.17,-0.63827217,0.34,2024-05-11 17:05:00
793.4152,5.27,7.488925,93356.0,4.10448,6.68,-0.15490197,1.5,2024-05-11 17:10:00
796.3983,4.32,8.254508,94874.0,4.0862665,5.53,-0.25963733,0.52,2024-05-11 17:15:00
815.91003,5.35,6.73358,143747.0,2.9080296,7.22,0.041392695,0.39,2024-05-11 17:20:00
814.21063,6.34,7.0889564,166265.0,2.4979165,8.44,0.16136801,0.19,2024-05-11 17:25:00
803.93475,5.69,6.7858233,160159.0,2.4926205,7.35,0.1430148,0.38,2024-05-11 17:30:00
805.2745,5.78,7.303321,183006.0,2.1927712,7.5,0.12057395,0.12,2024-05-11 17:35:00
812.68585,5.12,7.5253506,153682.0,2.6867151,6.77,0.0,0.19,2024-05-11 17:40:00
814.95337,4.89,7.845005,218527.0,1.9059278,6.5,0.017033322,0.07,2024-05-11 17:50:00
816.36426,4.13,7.9755507,146696.0,2.854511,5.5,-0.18045606,0.28,2024-05-11 17:55:00
815.3252,4.1,4.823163,172724.0,2.414768,5.46,-0.10237289,0.3,2024-05-11 18:00:00
829.2978,3.55,9.553496,126732.0,3.469882,4.89,-0.39794,0.14,2024-05-11 18:05:00
834.3095,3.57,9.693178,135710.0,3.3016791,4.97,-0.38721615,0.28,2024-05-11 18:10:00
844.92456,6.38,9.001606,145830.0,3.1958952,9.16,-0.09691001,1.97,2024-05-11 18:15:00
871.9318,10.58,9.820596,169213.0,3.0376909,16.3,-0.060480744,1.81,2024-05-11 18:20:00
880.35455,10.63,15.128955,151089.0,3.5054314,16.66,-0.2839967,3.77,2024-05-11 18:25:00
913.6309,9.97,18.629414,194920.0,3.0498483,16.68,-0.40893543,0.85,2024-05-11 18:30:00
903.99396,10.74,16.692923,195696.0,2.9391148,17.49,-0.30103,1.69,2024-05-11 18:35:00
915.21313,13.14,16.26089,312508.0,1.9125501,21.97,-0.06550154,0.99,2024-05-11 18:40:00
868.35236,7.85,1.5274488,502837.0,1.0092264,11.94,0.008600163,1.4,2024-05-11 18:45:00
841.3731,5.04,13.740416,398731.0,1.1536252,7.13,-0.25963733,0.42,2024-05-11 18:50:00
850.7569,6.81,12.532106,579756.0,0.8212859,9.89,0.064457975,0.84,2024-05-11 18:55:00
863.3304,6.92,10.964788,591763.0,0.8422217,10.31,0.12057395,0.99,2024-05-11 19:00:00
902.0898,7.48,11.29406,714103.0,0.8001785,12.19,0.3673559,1.84,2024-05-11 19:05:00
902.8397,9.21,10.811739,393860.0,1.4545519,15.03,-0.06550154,0.35,2024-05-11 19:10:00
906.83936,7.85,15.439598,382108.0,1.5200611,12.91,-0.17392519,0.37,2024-05-11 19:15:00
895.6481,10.77,14.685837,355900.0,1.5701132,17.29,-0.031517047,0.3,2024-05-11 19:20:00
889.01404,11.63,12.670615,372221.0,1.4669212,18.39,0.17609127,0.57,2024-05-11 19:25:00
884.4727,10.48,12.966985,368218.0,1.459415,16.39,0.064457975,0.12,2024-05-11 19:30:00
885.9711,9.92,11.682025,389430.0,1.3872123,15.58,0.08635984,0.43,2024-05-11 19:35:00
888.634,7.61,8.982233,446664.0,1.2208117,12.05,0.15533602,0.76,2024-05-11 19:40:00
893.984,7.66,2.1599305,509848.0,1.0896926,12.24,0.20139715,2.13,2024-05-11 20:00:00
881.3297,7.21,1.8629547,529926.0,1.0028957,11.2,0.24551268,1.15,2024-05-11 20:10:00
881.6513,7.06,1.6117382,541688.0,0.9822342,10.96,0.3384565,0.61,2024-05-11 20:15:00
908.5111,5.03,6.961695,421278.0,1.3866551,8.33,-0.0409586,1.0,2024-05-11 20:20:00
902.9211,7.3,7.5070167,341973.0,1.6757189,11.91,0.3344538,0.17,2024-05-11 20:25:00
903.0237,6.5,7.903803,406862.0,1.4089627,10.61,0.36921585,0.36,2024-05-11 20:30:00
908.19415,7.31,8.022649,314413.0,1.8559444,12.06,0.30103,0.16,2024-05-11 20:35:00
904.3831,7.13,7.8233624,337290.0,1.7075634,11.66,0.32837963,0.22,2024-05-11 20:40:00
903.87744,7.45,6.992696,275337.0,2.0881402,12.19,0.21484385,0.22,2024-05-11 20:45:00
895.9154,8.62,5.7469645,234673.0,2.3834128,13.85,0.17897695,0.33,2024-05-11 20:50:00
897.2553,8.24,8.929205,222714.0,2.5231051,13.28,0.053078443,0.26,2024-05-11 20:55:00
898.66125,9.07,8.673753,227776.0,2.4790862,14.65,0.0293838,0.59,2024-05-11 21:00:00
896.5032,10.0,8.975416,294835.0,1.9009471,16.08,0.15228835,0.11,2024-05-11 21:05:00
893.0965,7.45,8.073079,401839.0,1.3783193,11.87,0.4232459,1.79,2024-05-11 21:10:00
892.84674,4.51,14.325541,230482.0,2.4009705,7.2,-0.49485007,0.32,2024-05-11 21:15:00
896.4793,5.44,13.251589,274571.0,2.0410724,8.75,-0.29242983,0.56,2024-05-11 21:20:00
889.53735,5.75,12.754368,276130.0,1.981024,9.09,-0.23657204,0.7,2024-05-11 21:25:00
880.05347,5.68,10.560029,432125.0,1.2243412,8.78,0.0,0.73,2024-05-11 21:30:00
873.7536,7.76,8.707612,399597.0,1.2947232,12.02,0.096910015,2.75,2024-05-11 21:35:00
893.45465,8.19,15.168138,96456.0,5.7492957,13.1,-0.48148608,0.18,2024-05-11 21:40:00
895.5743,7.18,15.102179,98332.0,5.681364,11.51,-0.53760207,0.07,2024-05-11 21:45:00
891.78253,7.25,15.042055,79416.0,6.9423,11.54,-0.552842,0.07,2024-05-11 21:50:00
892.66925,7.57,14.818189,71778.0,7.7048397,12.07,-0.552842,0.14,2024-05-11 21:55:00
884.267,6.56,14.886283,91058.0,5.8972735,10.26,-0.56863624,0.04,2024-05-11 22:00:00
886.5033,6.65,14.768551,106214.0,5.0956826,10.45,-0.52287877,0.06,2024-05-11 22:05:00
885.6718,7.65,14.639437,102287.0,5.275882,12.0,-0.4685211,0.11,2024-05-11 22:10:00
888.4956,7.11,13.267709,159755.0,3.4116511,11.22,-0.35654733,0.81,2024-05-11 22:15:00
886.54877,6.18,5.9020925,231715.0,2.3361423,9.73,-0.12493874,0.5,2024-05-11 22:20:00
887.70935,7.95,9.387678,262002.0,2.0745196,12.54,0.041392695,0.42,2024-05-11 22:25:00
884.92706,7.81,11.14455,253834.0,2.1204515,12.25,-0.008773916,0.85,2024-05-11 22:30:00
870.43396,2.77,12.220347,402811.0,1.2692627,4.22,-0.4436975,0.31,2024-05-11 22:40:00
879.0634,2.6,11.244807,376749.0,1.3993874,4.08,-0.4685211,0.16,2024-05-11 22:45:00
877.76025,2.97,10.625676,567598.0,0.9245781,4.69,-0.35654733,0.19,2024-05-11 22:50:00
829.61084,1.47,9.364293,872986.0,0.5043174,2.04,-0.35654733,0.56,2024-05-11 22:55:00
828.07513,3.58,10.283871,1011381.0,0.43280423,4.96,0.07188199,0.31,2024-05-11 23:00:00
825.0223,1.93,11.777864,975403.0,0.44363803,2.66,-0.23657204,0.22,2024-05-11 23:05:00
897.2738,3.24,9.082578,551775.0,1.018471,5.22,0.041392695,0.35,2024-05-11 23:20:00
910.35767,1.83,8.460845,771328.0,0.76215494,3.04,-0.045757502,0.88,2024-05-11 23:25:00
902.5507,1.33,9.170872,797392.0,0.7177389,2.17,-0.22184876,0.18,2024-05-11 23:30:00
921.7259,1.63,8.134273,821414.0,0.74387246,2.78,0.012837212,0.73,2024-05-11 23:35:00
929.4238,1.59,7.581649,775262.0,0.8088282,2.75,0.017033322,0.08,2024-05-11 23:40:00
947.10284,2.08,7.3077765,711086.0,0.93509865,3.73,0.12710482,0.34,2024-05-11 23:45:00
941.9275,1.93,6.8838143,602099.0,1.0856845,3.43,0.05690485,0.25,2024-05-11 23:50:00
937.14984,2.21,7.3228135,732849.0,0.8779752,3.88,0.17318627,0.28,2024-05-11 23:55:00
926.09595,2.01,7.147272,713111.0,0.8695572,3.46,0.11394334,0.34,2024-05-12 00:00:00
936.8604,2.09,7.5624404,633764.0,1.0142652,3.68,0.025305841,0.07,2024-05-12 00:05:00
925.1723,2.32,6.124598,687589.0,0.89903647,3.98,0.19312459,0.34,2024-05-12 00:10:00
941.4882,1.93,7.3573227,611002.0,1.0683126,3.42,0.041392695,0.28,2024-05-12 00:15:00
939.78033,1.94,6.47411,652020.0,0.9954635,3.43,0.14612804,0.07,2024-05-12 00:20:00
919.32776,1.98,6.782109,513054.0,1.1813413,3.35,0.025305841,0.11,2024-05-12 00:25:00
903.02325,2.11,6.5316076,542569.0,1.0565522,3.44,0.12385166,0.39,2024-05-12 00:30:00
915.82227,2.08,7.255915,602290.0,0.9944152,3.48,0.08990512,0.18,2024-05-12 00:35:00
945.38916,1.79,7.6278243,543792.0,1.2159009,3.19,-0.10237289,0.34,2024-05-12 00:40:00
970.61597,2.07,7.6274505,561924.0,1.2771922,3.92,-0.0409586,0.36,2024-05-12 00:45:00
987.73737,1.65,7.773043,228002.0,3.3238049,3.23,-0.4202164,0.4,2024-05-12 00:50:00
996.81805,1.68,8.830164,229306.0,3.400408,3.35,-0.49485007,0.22,2024-05-12 00:55:00
1015.6895,1.74,8.82445,154348.0,5.355513,3.6,-0.5850267,0.09,2024-05-12 01:00:00
1005.86145,1.95,8.512709,160190.0,5.0063486,3.95,-0.5086383,0.12,2024-05-12 01:05:00
1011.29987,2.68,7.0711102,153082.0,5.3274865,5.48,-0.21467017,0.58,2024-05-12 01:10:00
1023.9129,3.64,6.17516,220996.0,3.8354783,7.63,0.12385166,0.26,2024-05-12 01:15:00
1027.369,3.84,6.617711,220714.0,3.8808758,8.11,0.117271274,0.38,2024-05-12 01:20:00
991.32227,2.63,7.6105585,139167.0,5.507262,5.16,-0.43179828,1.07,2024-05-12 01:25:00
988.7031,3.06,8.543711,121708.0,6.24563,5.98,-0.36653155,0.08,2024-05-12 01:30:00
985.1054,3.16,8.449059,124336.0,6.0446334,6.14,-0.3467875,0.18,2024-05-12 01:35:00
976.22754,3.17,8.123724,127462.0,5.732538,6.04,-0.2839967,0.05,2024-05-12 01:40:00
976.22754,3.17,7.865113,127462.0,5.732538,6.04,-0.26760623,0.04,2024-05-12 01:45:00
982.9212,3.91,7.4059634,137078.0,5.445003,7.55,-0.14874166,0.12,2024-05-12 01:50:00
975.4657,3.86,6.1016717,141289.0,5.158979,7.34,0.0,0.47,2024-05-12 01:55:00
968.11395,5.73,3.744142,110060.0,6.468667,10.74,0.18752073,0.37,2024-05-12 02:00:00
962.80396,6.08,4.029268,90064.0,7.770649,11.2,0.08635984,0.2,2024-05-12 02:05:00
945.7604,4.12,5.2462654,84625.0,7.822816,7.37,-0.09151498,0.13,2024-05-12 02:10:00
943.07245,3.5,7.221253,65378.0,10.036499,6.21,-0.25181198,0.2,2024-05-12 02:15:00
946.1088,3.05,7.549636,64632.0,10.254446,5.46,-0.35654733,0.11,2024-05-12 02:20:00
951.34094,2.78,7.4849515,25578.0,26.360226,5.03,-0.49485007,0.08,2024-05-12 02:25:00
953.8082,2.58,7.5367036,27763.0,24.482237,4.69,-0.53760207,0.09,2024-05-12 02:30:00
941.9411,5.26,6.9638495,44762.0,14.60433,9.33,-0.11350928,0.19,2024-05-12 02:35:00
933.8867,8.33,6.2727427,34422.0,18.490341,14.53,0.08990512,0.09,2024-05-12 02:40:00
935.545,8.03,5.134871,40609.0,15.760039,14.04,0.08635984,0.42,2024-05-12 02:45:00
943.1025,6.19,6.0296683,35223.0,18.630764,10.99,-0.07058106,0.14,2024-05-12 02:50:00
942.3027,5.03,7.225967,14348.0,45.616146,8.93,-0.24412516,0.02,2024-05-12 03:05:00
942.1001,5.21,7.408758,14772.0,44.277184,9.25,-0.25181198,0.04,2024-05-12 03:10:00
941.1063,5.31,7.5093875,14348.0,45.4361,9.41,-0.25181198,0.07,2024-05-12 03:15:00
929.92096,6.75,7.5220737,16204.0,38.761936,11.68,-0.1426675,0.06,2024-05-12 03:20:00
930.2264,6.48,7.5017934,15811.0,39.766037,11.21,-0.1674911,0.05,2024-05-12 03:25:00
937.91296,6.26,7.480461,17969.0,35.89825,11.01,-0.18045606,0.07,2024-05-12 03:30:00
942.4412,10.71,7.2314034,25425.0,25.754185,19.02,0.117271274,0.04,2024-05-12 03:35:00
940.3225,11.93,6.683629,31175.0,20.85737,21.1,0.22530928,0.13,2024-05-12 03:40:00
925.1004,9.19,5.5303617,31433.0,19.661438,15.78,0.10380372,0.11,2024-05-12 03:45:00
918.88416,10.11,6.7029696,32100.0,18.853022,17.09,0.16435286,0.12,2024-05-12 03:50:00
925.91064,10.15,6.6012197,29956.0,20.68716,17.41,0.16136801,0.26,2024-05-12 03:55:00
929.3071,11.23,6.2238092,29258.0,21.423496,19.4,0.27415785,0.06,2024-05-12 04:00:00
927.30536,14.15,5.804249,24982.0,24.92255,24.33,0.4265113,0.26,2024-05-12 04:05:00
918.8671,10.27,5.963388,37080.0,16.320038,17.39,0.29666522,0.3,2024-05-12 04:10:00
919.60266,4.75,6.8114095,26426.0,22.956793,8.03,-0.18045606,0.01,2024-05-12 04:15:00
922.0793,4.52,6.7972493,21383.0,28.609493,7.69,-0.21467017,0.02,2024-05-12 04:20:00
923.94006,5.2,6.7226553,21611.0,28.485867,8.88,-0.14874166,0.05,2024-05-12 04:25:00
927.588,7.44,6.4482713,24443.0,25.496302,12.8,0.06818584,0.13,2024-05-12 04:30:00
927.3815,7.28,6.435262,25178.0,24.734854,12.52,0.049218025,0.02,2024-05-12 04:40:00
925.2991,6.54,6.413813,24690.0,25.047844,11.21,0.008600163,0.04,2024-05-12 04:45:00
921.5901,4.16,6.2713556,26499.0,23.047928,7.08,-0.1674911,0.04,2024-05-12 04:50:00
920.0119,3.84,6.0939074,28394.0,21.39526,6.5,-0.18045606,0.05,2024-05-12 04:55:00
912.1293,3.0,6.011356,23784.0,24.867144,4.98,-0.29242983,0.05,2024-05-12 05:00:00
908.63214,2.67,6.1168785,21727.0,26.897852,4.4,-0.35654733,0.02,2024-05-12 05:05:00
900.5499,3.05,6.009334,17553.0,32.380726,4.95,-0.2839967,0.04,2024-05-12 05:10:00
897.98566,2.8,6.00742,18109.0,31.109167,4.52,-0.32790217,0.02,2024-05-12 05:15:00
902.37024,2.48,5.9751654,18356.0,31.159462,4.04,-0.37675074,0.02,2024-05-12 05:20:00
904.3465,2.53,5.931096,21496.0,26.789707,4.14,-0.3467875,0.03,2024-05-12 05:25:00
897.3331,2.05,5.8165536,16272.0,34.54293,3.31,-0.43179828,0.07,2024-05-12 05:30:00
895.7185,2.32,5.523749,15404.0,36.285385,3.72,-0.3467875,0.1,2024-05-12 05:35:00
889.5916,2.47,5.455209,12098.0,45.224335,3.9,-0.3187588,0.05,2024-05-12 05:40:00
888.012,2.33,5.504235,13351.0,40.75391,3.67,-0.35654733,0.05,2024-05-12 05:45:00
885.37524,2.25,5.4542003,16983.0,31.74302,3.53,-0.3467875,0.04,2024-05-12 05:50:00
885.5767,2.17,5.437444,13936.0,38.710804,3.4,-0.37675074,0.02,2024-05-12 05:55:00
887.8873,2.18,5.5128393,10068.0,54.019424,3.44,-0.37675074,0.02,2024-05-12 06:00:00
888.9062,2.17,5.4625816,8424.0,64.79259,3.43,-0.38721615,0.01,2024-05-12 06:05:00
886.4171,2.31,5.525975,9302.0,58.16696,3.63,-0.35654733,0.03,2024-05-12 06:10:00
886.00946,2.27,5.4418197,10068.0,53.664562,3.56,-0.3467875,0.04,2024-05-12 06:15:00
882.1901,2.24,5.3916507,9679.0,55.075672,3.48,-0.35654733,0.02,2024-05-12 06:20:00
880.36127,1.92,4.876372,19051.0,27.80141,2.98,-0.3187588,0.42,2024-05-12 06:25:00
883.3438,1.78,4.3990226,12987.0,41.214333,2.77,-0.26760623,0.03,2024-05-12 06:30:00
881.6941,1.75,4.4715657,12984.0,40.984665,2.73,-0.29242983,0.05,2024-05-12 06:35:00
878.7994,1.59,4.500411,12773.0,41.23738,2.46,-0.3372422,0.01,2024-05-12 06:40:00
883.01715,1.44,4.3548136,25837.0,20.692598,2.25,-0.3187588,0.04,2024-05-12 06:45:00
881.6594,1.47,4.376037,17947.0,29.64728,2.29,-0.32790217,0.06,2024-05-12 06:50:00
878.6967,1.45,4.3566155,17279.0,30.472454,2.24,-0.32790217,0.07,2024-05-12 06:55:00
879.5064,1.5,4.2665443,17064.0,30.944994,2.32,-0.30103,0.03,2024-05-12 07:00:00
877.5687,1.45,4.1853313,15940.0,32.900394,2.23,-0.30103,0.06,2024-05-12 07:05:00
877.6668,1.25,4.114827,15781.0,33.243443,1.92,-0.35654733,0.03,2024-05-12 07:10:00
882.5751,1.14,4.1380672,20428.0,26.130894,1.77,-0.39794,0.05,2024-05-12 07:15:00
875.68066,1.42,4.2062216,17665.0,29.489264,2.18,-0.30980393,0.03,2024-05-12 07:20:00
878.41644,1.67,4.2455034,16147.0,32.57638,2.56,-0.25963733,0.01,2024-05-12 07:25:00
878.0875,1.41,4.229728,22536.0,23.313719,2.17,-0.30980393,0.03,2024-05-12 07:30:00
862.3504,1.61,4.245574,13238.0,37.515995,2.4,-0.29242983,0.06,2024-05-12 07:35:00
865.5437,1.57,4.390866,16141.0,31.124716,2.36,-0.3187588,0.02,2024-05-12 07:40:00
864.9878,1.59,4.3289957,9453.0,53.03928,2.38,-0.3187588,0.04,2024-05-12 07:45:00
860.58795,1.58,4.43361,8858.0,55.71052,2.34,-0.3467875,0.05,2024-05-12 07:50:00
860.5016,1.57,4.402056,11190.0,44.08665,2.33,-0.32790217,0.02,2024-05-12 07:55:00
859.127,1.56,4.5178204,8141.0,60.297325,2.3,-0.37675074,0.08,2024-05-12 08:00:00
860.61285,1.55,4.4966874,8712.0,56.649235,2.3,-0.37675074,0.05,2024-05-12 08:05:00
860.61285,1.55,4.48707,8712.0,56.649235,2.3,-0.36653155,0.03,2024-05-12 08:10:00
857.4708,1.59,4.4863014,8858.0,55.084755,2.34,-0.3467875,0.01,2024-05-12 08:15:00
861.2113,1.59,4.3442955,11026.0,44.857365,2.36,-0.30980393,0.04,2024-05-12 08:25:00
857.23206,1.47,4.433272,8156.0,59.77414,2.16,-0.37675074,0.05,2024-05-12 08:30:00
855.76733,1.46,4.6075373,8595.0,56.41994,2.14,-0.40893543,0.07,2024-05-12 08:35:00
851.2874,1.46,4.570602,13038.0,36.590763,2.11,-0.38721615,0.15,2024-05-12 08:40:00
847.0411,1.17,4.3343053,496183.0,0.9466292,1.69,0.1430148,0.08,2024-05-12 08:45:00
848.6578,1.32,4.3363233,18084.0,26.127945,1.9,-0.36653155,0.05,2024-05-12 08:50:00
843.3694,1.22,4.3647685,14934.0,31.029343,1.74,-0.4202164,0.03,2024-05-12 08:55:00
841.5964,1.21,4.324315,15810.0,29.118677,1.72,-0.4202164,0.12,2024-05-12 09:00:00
839.7209,1.23,4.185379,11959.0,38.22896,1.74,-0.38721615,0.09,2024-05-12 09:05:00
845.51215,0.62,4.221433,155409.0,3.0054054,0.88,-0.53760207,0.15,2024-05-12 09:10:00
839.2544,1.2,4.16107,18942.0,24.09407,1.69,-0.38721615,0.06,2024-05-12 09:15:00
839.4208,1.14,4.161803,7138.0,63.97753,1.61,-0.455932,0.05,2024-05-12 09:20:00
870.8526,2.04,7.189033,110142.0,4.648897,3.13,-0.1674911,2.44,2024-05-12 09:25:00
883.57904,3.36,11.017795,133364.0,4.0167847,5.25,-0.52287877,0.33,2024-05-12 09:30:00
876.4534,2.93,10.91435,128784.0,4.056096,4.51,-0.5850267,0.27,2024-05-12 09:35:00
879.83954,3.31,10.124277,148661.0,3.5562003,5.13,-0.43179828,0.32,2024-05-12 09:40:00
872.614,3.93,10.176526,106236.0,4.8502364,5.98,-0.4436975,0.24,2024-05-12 09:45:00
871.80646,3.96,10.447933,133266.0,3.855348,6.01,-0.40893543,0.07,2024-05-12 09:50:00
864.45496,3.6,10.796657,93456.0,5.3546004,5.38,-0.53760207,0.12,2024-05-12 09:55:00
864.30334,3.69,10.37509,127488.0,3.9230857,5.51,-0.43179828,0.16,2024-05-12 10:00:00
865.0898,3.78,10.529212,131700.0,3.8083856,5.65,-0.43179828,0.25,2024-05-12 10:05:00
884.7466,2.81,10.47926,128773.0,4.177126,4.4,-0.5850267,0.16,2024-05-12 10:10:00
878.311,2.84,10.258747,99412.0,5.2892437,4.38,-0.63827217,0.07,2024-05-12 10:15:00
876.5922,2.13,10.644383,141284.0,3.6990583,3.28,-0.69897,0.09,2024-05-12 10:20:00
874.9418,2.75,10.559584,113931.0,4.560311,4.22,-0.6197888,0.07,2024-05-12 10:25:00
890.128,2.41,10.1311455,173360.0,3.161927,3.81,-0.56863624,0.22,2024-05-12 10:30:00
894.5866,2.49,9.883871,233794.0,2.3813455,3.99,-0.4436975,0.05,2024-05-12 10:35:00
873.05414,0.99,10.150606,692664.0,0.74506426,1.51,-0.48148608,0.05,2024-05-12 10:45:00
878.1584,1.03,10.046497,740151.0,0.71003073,1.59,-0.43179828,0.04,2024-05-12 10:50:00
883.3331,1.07,10.056471,787638.0,0.67953867,1.67,-0.39794,0.01,2024-05-12 10:55:00
881.86554,0.97,10.126366,638416.0,0.83404404,1.51,-0.53760207,0.1,2024-05-12 11:05:00
858.2665,0.89,9.770128,377875.0,1.2950091,1.31,-0.7212464,0.08,2024-05-12 11:10:00
851.2379,0.8,9.748615,372816.0,1.2794086,1.16,-0.7695511,0.05,2024-05-12 11:20:00
849.1585,1.02,9.780255,513186.0,0.92240655,1.47,-0.552842,0.03,2024-05-12 11:25:00
852.024,0.77,9.22643,417789.0,1.1449715,1.12,-0.69897,0.22,2024-05-12 11:35:00
845.95917,0.79,9.187524,342322.0,1.3666557,1.13,-0.7447275,0.06,2024-05-12 11:40:00
842.36566,0.9,8.974459,225120.0,2.0508063,1.28,-0.82390875,0.08,2024-05-12 11:45:00
873.53015,0.97,8.959877,628208.0,0.82290524,1.48,-0.4202164,0.02,2024-05-12 12:15:00
873.53015,0.97,9.093322,628208.0,0.82290524,1.48,-0.4436975,0.05,2024-05-12 12:20:00
853.902,0.88,8.637628,640599.0,0.7518689,1.28,-0.4202164,0.07,2024-05-12 13:00:00
861.5324,0.92,8.303572,460317.0,1.0757188,1.37,-0.49485007,0.03,2024-05-12 13:25:00
859.74,0.79,7.512004,388567.0,1.2661178,1.18,-0.5850267,0.08,2024-05-12 13:30:00
845.6354,0.49,7.877379,338500.0,1.3804404,0.7,-0.82390875,0.04,2024-05-12 13:35:00
877.113,1.1,7.506078,614719.0,0.85174674,1.69,-0.22184876,0.06,2024-05-12 13:50:00
873.3789,0.99,7.517433,695256.0,0.7431465,1.51,-0.22914802,0.04,2024-05-12 13:55:00
868.92474,1.05,7.337377,668284.0,0.7609317,1.59,-0.19382004,0.05,2024-05-12 14:05:00
868.92474,1.05,7.3017874,668284.0,0.7609317,1.59,-0.19382004,0.03,2024-05-12 14:10:00
876.98975,1.21,7.2459097,768428.0,0.68107355,1.86,-0.07058106,0.04,2024-05-12 14:20:00
868.8695,1.06,7.118167,497623.0,1.0216926,1.6,-0.2839967,0.01,2024-05-12 14:25:00
868.18475,1.06,7.0469637,579857.0,0.8746493,1.6,-0.20760833,0.05,2024-05-12 14:30:00
858.9159,1.01,7.146705,537996.0,0.9117263,1.49,-0.25963733,0.07,2024-05-12 14:35:00
856.1215,1.0,6.932106,515538.0,0.94184035,1.46,-0.26760623,0.06,2024-05-12 14:40:00
856.6685,0.96,7.0491276,486149.0,1.0007648,1.42,-0.30980393,0.02,2024-05-12 14:45:00
849.98175,0.99,6.897898,758912.0,0.6256276,1.43,-0.11350928,0.06,2024-05-12 14:50:00
886.6829,0.56,5.885015,375671.0,1.4416184,0.88,-0.49485007,0.08,2024-05-12 15:15:00
863.67615,0.95,6.1148505,688842.0,0.7244293,1.42,-0.07058106,0.03,2024-05-12 15:30:00
869.9253,0.92,6.212769,713535.0,0.71523255,1.39,-0.09151498,0.07,2024-05-12 15:35:00
849.7512,0.97,6.0773845,671452.0,0.7065218,1.4,-0.06550154,0.03,2024-05-12 15:55:00
849.3948,0.99,6.1796603,620832.0,0.7631312,1.43,-0.08618615,0.07,2024-05-12 16:00:00
846.55664,1.0,5.7650757,682346.0,0.68713766,1.43,-0.031517047,0.06,2024-05-12 16:15:00
847.64923,1.04,5.788705,963697.0,0.48848543,1.49,0.14612804,0.09,2024-05-12 16:40:00
843.6004,1.09,5.1208887,1018392.0,0.45541146,1.56,0.23552847,0.05,2024-05-12 16:45:00
834.3919,1.03,5.254503,961455.0,0.4661775,1.43,0.18752073,0.09,2024-05-12 16:50:00
833.92694,1.16,5.220556,1089583.0,0.41064486,1.61,0.31597033,0.14,2024-05-12 16:55:00
843.12646,1.18,4.708036,1033954.0,0.44777307,1.68,0.3443923,0.04,2024-05-12 17:00:00
860.1277,1.5,4.507205,1337950.0,0.36822197,2.23,0.59769523,0.47,2024-05-12 17:30:00
855.8412,1.54,4.927727,1386779.0,0.34977433,2.26,0.5263393,0.13,2024-05-12 17:35:00
849.95874,1.59,5.457234,1282561.0,0.37016273,2.3,0.47129175,0.09,2024-05-12 17:40:00
855.32043,1.62,6.3347135,1330570.0,0.36386025,2.37,0.38201708,0.04,2024-05-12 17:45:00
909.87415,1.72,5.5202355,1209012.0,0.48543766,2.85,0.48855072,0.32,2024-05-12 17:55:00
898.1581,1.69,5.3527284,1239957.0,0.45460665,2.73,0.4329693,0.19,2024-05-12 18:00:00
901.03815,1.93,6.1550465,964363.0,0.59037805,3.13,0.346353,0.06,2024-05-12 18:05:00
893.35223,1.74,5.7393465,1384947.0,0.40027255,2.78,0.5250448,0.21,2024-05-12 18:10:00
897.08203,1.71,5.890653,1199323.0,0.4682584,2.75,0.42813483,0.12,2024-05-12 18:15:00
901.681,1.7,5.7573776,1130557.0,0.50471073,2.76,0.39967373,0.12,2024-05-12 18:20:00
905.0671,1.68,5.605194,942290.0,0.61265755,2.75,0.25767857,0.35,2024-05-12 18:25:00
913.47675,1.76,7.6241527,530038.0,1.1209841,2.94,-0.11350928,0.21,2024-05-12 18:30:00
903.37134,1.77,6.710693,654786.0,0.8765317,2.89,0.033423774,0.39,2024-05-12 18:35:00
883.20593,1.73,6.719769,851875.0,0.62801534,2.69,0.1492191,0.12,2024-05-12 18:40:00
884.51666,2.04,6.050727,941665.0,0.57076144,3.2,0.34044415,0.07,2024-05-12 18:45:00
823.60913,0.98,6.3831267,199333.0,2.1593146,1.33,-0.552842,0.43,2024-05-12 19:00:00
861.0789,1.81,6.185103,621584.0,0.79532397,2.69,0.1430148,0.26,2024-05-12 19:05:00
877.3901,1.98,6.82888,744934.0,0.70355225,3.06,0.17897695,0.17,2024-05-12 19:15:00
867.9374,2.0,6.6274123,918032.0,0.55196524,3.01,0.2855573,0.09,2024-05-12 19:20:00
877.40814,2.15,6.2845283,813605.0,0.6442113,3.31,0.3096302,0.1,2024-05-12 19:25:00
877.729,2.14,6.2391186,704984.0,0.74431545,3.3,0.23552847,0.24,2024-05-12 19:30:00
860.82745,2.09,6.0449233,753911.0,0.65513223,3.1,0.26717174,0.13,2024-05-12 19:35:00
870.7391,2.38,5.885312,706064.0,0.72490746,3.6,0.35218254,0.04,2024-05-12 19:55:00
874.75824,2.44,6.094104,657356.0,0.78986347,3.73,0.29446626,0.3,2024-05-12 20:00:00
878.4372,2.52,6.8122973,449612.0,1.1700078,3.89,0.11394334,0.13,2024-05-12 20:05:00
866.08203,2.38,7.0613456,431709.0,1.1659646,3.58,0.049218025,0.1,2024-05-12 20:10:00
846.3238,1.99,7.139454,334889.0,1.3988643,2.85,-0.18708667,0.43,2024-05-12 20:30:00
846.3238,1.99,7.597664,334889.0,1.3988643,2.85,-0.21467017,0.31,2024-05-12 20:35:00
850.58356,3.32,7.2407594,135965.0,3.49975,4.81,-0.20760833,0.14,2024-05-12 20:40:00
826.2516,2.77,7.4640536,225840.0,1.9249746,3.77,-0.17392519,0.16,2024-05-12 20:45:00
824.28046,3.48,7.763852,144077.0,2.9950356,4.73,-0.20065947,0.16,2024-05-12 20:50:00
832.50946,3.17,7.918371,180504.0,2.4656978,4.39,-0.20760833,0.07,2024-05-12 20:55:00
835.122,3.71,8.069312,157077.0,2.8612125,5.18,-0.17392519,0.07,2024-05-12 21:00:00
832.76575,3.49,8.216325,149191.0,2.9860713,4.84,-0.22914802,0.12,2024-05-12 21:05:00
842.5741,3.36,8.488421,157054.0,2.9418752,4.77,-0.25181198,0.14,2024-05-12 21:10:00
830.7632,3.02,8.887233,109414.0,4.041243,4.17,-0.4202164,0.2,2024-05-12 21:15:00
826.66693,3.07,8.948805,143129.0,3.0421288,4.19,-0.36653155,0.07,2024-05-12 21:20:00
825.86475,3.22,9.255296,158196.0,2.7440827,4.4,-0.3467875,0.08,2024-05-12 21:35:00
827.5321,3.33,9.496473,182016.0,2.3999922,4.56,-0.32790217,0.04,2024-05-12 21:40:00
820.2286,3.67,9.648814,148307.0,2.8653183,4.93,-0.3467875,0.12,2024-05-12 21:45:00
826.5523,3.61,9.740847,142759.0,3.0486965,4.94,-0.37675074,0.06,2024-05-12 21:50:00
828.5168,4.58,9.774318,178544.0,2.4557374,6.29,-0.21467017,0.02,2024-05-12 22:00:00
830.17865,4.13,9.666147,155691.0,2.833823,5.7,-0.29242983,0.11,2024-05-12 22:05:00
820.4409,4.51,9.245842,136061.0,3.1257255,6.07,-0.29242983,0.08,2024-05-12 22:10:00
819.024,4.94,7.9835644,133499.0,3.1686158,6.63,-0.24412516,0.08,2024-05-12 22:15:00
831.9652,4.21,5.3974624,163225.0,2.7211711,5.84,-0.27572417,0.08,2024-05-12 22:20:00
835.6213,4.68,2.4197106,160822.0,2.799789,6.54,-0.18045606,0.16,2024-05-12 22:25:00
831.441,6.02,3.2670171,150804.0,2.9395278,8.32,-0.07572073,0.4,2024-05-12 22:30:00
862.78864,4.18,10.8279915,193131.0,2.5755718,6.22,-0.32790217,0.15,2024-05-12 22:35:00
859.61523,4.57,10.119105,175924.0,2.795238,6.75,-0.26760623,0.48,2024-05-12 22:40:00
864.6879,4.0,9.3410225,208611.0,2.4008296,5.99,-0.19382004,0.06,2024-05-12 22:45:00
858.3012,3.69,9.440451,167389.0,2.9238074,5.44,-0.30980393,0.07,2024-05-12 22:50:00
870.5239,4.64,8.665293,161466.0,3.1674623,7.06,-0.20065947,0.25,2024-05-12 22:55:00
856.75366,4.43,8.413851,147237.0,3.3053613,6.5,-0.17392519,0.32,2024-05-12 23:00:00
846.091,4.72,7.42825,143662.0,3.2580867,6.76,-0.045757502,0.26,2024-05-12 23:05:00
837.5947,5.02,7.4587197,118252.0,3.8357592,7.04,-0.05061,0.19,2024-05-12 23:10:00
831.38385,5.33,7.990613,73690.0,6.0143538,7.37,-0.19382004,0.36,2024-05-12 23:15:00
828.41327,6.5,8.146097,64721.0,6.7719383,8.91,-0.119186416,0.09,2024-05-12 23:20:00
822.6706,7.48,8.196468,68387.0,6.271624,10.11,-0.05061,0.09,2024-05-12 23:25:00
819.16724,7.68,7.596012,78628.0,5.3827815,10.3,0.0293838,0.32,2024-05-12 23:30:00
809.9527,9.04,7.6075225,100598.0,4.061634,11.84,0.1492191,0.55,2024-05-12 23:35:00
806.1192,9.43,6.476002,86659.0,4.645821,12.26,0.23044895,0.13,2024-05-12 23:40:00
798.73035,9.23,6.8365707,116197.0,3.366914,11.78,0.2988531,0.05,2024-05-12 23:45:00
799.5257,9.06,6.7804575,93492.0,4.1975713,11.59,0.24303806,0.16,2024-05-12 23:50:00
798.38416,9.41,7.077577,99936.0,3.9094791,12.0,0.23804612,0.19,2024-05-12 23:55:00
804.90265,7.27,7.8628936,73616.0,5.443297,9.41,-0.017728778,0.55,2024-05-13 00:00:00
823.1008,5.65,8.627572,55043.0,7.8047395,7.66,-0.24412516,0.04,2024-05-13 00:05:00
818.9609,6.2,8.498994,62284.0,6.789955,8.31,-0.18045606,0.05,2024-05-13 00:10:00
817.08545,6.24,8.627595,67896.0,6.18443,8.32,-0.1674911,0.05,2024-05-13 00:15:00
808.8064,7.28,8.331735,72911.0,5.579333,9.51,-0.045757502,0.26,2024-05-13 00:20:00
801.2846,8.27,8.044631,84036.0,4.7019515,10.62,0.049218025,0.08,2024-05-13 00:25:00
804.69507,6.74,7.851586,82829.0,4.83396,8.71,-0.08092192,0.25,2024-05-13 00:30:00
814.1671,5.07,8.974658,61827.0,6.7162724,6.71,-0.30103,0.08,2024-05-13 00:35:00
813.9654,5.27,9.04454,54912.0,7.556214,6.98,-0.3187588,0.08,2024-05-13 00:40:00
810.11206,5.4,8.660306,65953.0,6.198998,7.09,-0.24412516,0.06,2024-05-13 00:45:00
808.4299,5.55,8.3518505,64599.0,6.288109,7.25,-0.20065947,0.19,2024-05-13 00:50:00
796.1666,7.17,7.6774473,93039.0,4.1630874,9.1,0.0293838,0.13,2024-05-13 00:55:00
796.62366,7.35,7.8659644,86903.0,4.465002,9.33,0.025305841,0.06,2024-05-13 01:00:00
794.92737,7.12,7.466927,90143.0,4.2760477,9.0,0.08635984,0.2,2024-05-13 01:05:00
816.86005,6.39,7.398797,81487.0,5.148521,8.53,-0.013228253,0.12,2024-05-13 01:10:00
805.2093,6.95,7.1509304,80966.0,4.9550323,9.03,0.045322984,0.1,2024-05-13 01:15:00
809.80273,6.68,7.0920377,85338.0,4.7851696,8.76,0.041392695,0.06,2024-05-13 01:20:00
820.7576,6.6,6.7995443,90147.0,4.723402,8.88,0.08990512,0.1,2024-05-13 01:25:00
811.46533,6.69,6.776769,94401.0,4.353475,8.82,0.11394334,0.17,2024-05-13 01:30:00
813.2251,7.47,6.4687786,96952.0,4.2676086,9.88,0.20139715,0.07,2024-05-13 01:35:00
813.8556,7.8,6.71263,98258.0,4.221057,10.33,0.22788674,0.24,2024-05-13 01:40:00
794.3828,5.35,7.1741343,69938.0,5.4996476,6.75,-0.06550154,0.04,2024-05-13 01:50:00
791.01166,5.34,7.2166615,64692.0,5.8674297,6.68,-0.09151498,0.06,2024-05-13 01:55:00
816.6275,5.84,7.3109097,69938.0,5.9933925,7.79,-0.07058106,0.12,2024-05-13 02:00:00
804.1241,4.49,7.281847,62531.0,6.3889656,5.83,-0.20065947,0.15,2024-05-13 02:05:00
806.9621,5.84,7.123328,67161.0,6.014117,7.61,-0.05551733,0.2,2024-05-13 02:10:00
803.84247,6.36,6.9163933,88500.0,4.5092998,8.22,0.049218025,0.14,2024-05-13 02:15:00
803.28265,7.15,7.255963,82925.0,4.8020315,9.23,0.05690485,0.11,2024-05-13 02:20:00
804.82477,7.45,7.5405107,80163.0,4.9972315,9.65,0.053078443,0.06,2024-05-13 02:25:00
797.7335,7.21,7.458525,86361.0,4.51254,9.17,0.05690485,0.08,2024-05-13 02:30:00
795.6746,7.59,7.2542815,84053.0,4.5992985,9.61,0.10380372,0.08,2024-05-13 02:35:00
796.858,7.66,7.1965337,84798.0,4.580031,9.73,0.11394334,0.05,2024-05-13 02:40:00
800.5906,7.21,7.0031495,87568.0,4.500146,9.24,0.117271274,0.09,2024-05-13 02:45:00
799.38983,6.99,7.053971,85871.0,4.567686,8.93,0.09342169,0.14,2024-05-13 02:50:00
787.02655,4.66,7.3776555,70773.0,5.279619,5.81,-0.17392519,0.27,2024-05-13 02:55:00
792.4842,5.23,7.4257727,79167.0,4.822461,6.57,-0.08618615,0.14,2024-05-13 03:00:00
799.38666,6.55,5.6301155,95280.0,4.1165714,8.38,0.25767857,0.8,2024-05-13 03:05:00
801.29,7.97,4.954432,89868.0,4.396909,10.23,0.39619938,0.35,2024-05-13 03:10:00
798.5626,9.6,4.498155,77921.0,5.017513,12.22,0.59659714,0.72,2024-05-13 03:15:00
794.87317,13.26,3.4728806,81487.0,4.7292695,16.76,0.94151145,0.14,2024-05-13 03:35:00
793.38367,12.74,4.032989,76809.0,4.988092,16.05,0.7979597,0.41,2024-05-13 03:40:00
789.32556,10.21,4.0394306,80756.0,4.6691613,12.73,0.6794279,0.29,2024-05-13 03:45:00
788.83826,9.85,3.77065,77126.0,4.8795285,12.25,0.666518,0.23,2024-05-13 03:50:00
780.3667,10.83,4.6468163,74319.0,4.896449,13.19,0.61489725,0.2,2024-05-13 03:55:00
787.4919,11.03,4.571225,77024.0,4.860077,13.68,0.6434527,0.15,2024-05-13 04:00:00
789.783,8.57,5.9026184,66686.0,5.664509,10.69,0.26007143,0.3,2024-05-13 04:05:00
784.59015,8.31,5.6313586,84625.0,4.3730025,10.23,0.36921585,0.33,2024-05-13 04:10:00
789.1507,7.67,5.88685,66460.0,5.669618,9.55,0.23299614,0.25,2024-05-13 04:15:00
778.67615,7.05,6.0539985,69118.0,5.2294736,8.55,0.08990512,0.36,2024-05-13 04:20:00
778.5457,7.95,5.6240463,56382.0,6.407406,9.65,0.15836251,0.34,2024-05-13 04:25:00
784.0494,7.55,6.5081253,59443.0,6.2122016,9.29,0.049218025,0.63,2024-05-13 04:30:00
791.50934,8.68,6.5353885,65892.0,5.7718644,10.88,0.15228835,0.72,2024-05-13 04:35:00
790.834,8.17,6.0826306,75107.0,5.050267,10.23,0.19312459,0.18,2024-05-13 04:40:00
791.7444,7.71,5.85522,69223.0,5.499204,9.67,0.16136801,0.3,2024-05-13 04:45:00
761.7856,8.48,5.8034472,30901.0,10.925165,9.84,0.08278538,0.47,2024-05-13 04:50:00
768.8434,8.1,5.868535,51247.0,6.7795377,9.57,0.12710482,0.56,2024-05-13 04:55:00
780.9687,7.92,5.8358974,79708.0,4.5763764,9.67,0.1430148,0.44,2024-05-13 05:00:00
780.90326,8.21,5.781912,74082.0,4.9226356,10.02,0.17026173,0.87,2024-05-13 05:05:00
764.39777,7.94,7.9214773,44296.0,7.703074,9.27,-0.08618615,0.69,2024-05-13 05:10:00
768.0223,8.52,6.0144906,56357.0,6.144351,10.04,0.21484385,0.05,2024-05-13 05:15:00
766.7169,7.85,5.808528,63237.0,5.4469433,9.22,0.20412001,0.16,2024-05-13 05:20:00
765.55023,7.62,7.8648143,66270.0,5.1730695,8.94,-0.026872149,0.55,2024-05-13 05:25:00
757.81775,8.16,6.7535915,69429.0,4.784091,9.38,0.049218025,0.18,2024-05-13 05:30:00
763.93524,7.92,8.105961,57704.0,5.902069,9.24,-0.05551733,0.27,2024-05-13 05:35:00
766.12714,7.28,8.609176,53378.0,6.4375625,8.55,-0.13076828,0.06,2024-05-13 05:40:00
767.1657,5.74,8.721864,46553.0,7.412548,6.75,-0.25963733,0.2,2024-05-13 05:45:00
773.12854,4.35,8.965255,31658.0,11.166044,5.2,-0.4436975,0.04,2024-05-13 05:50:00
764.6975,4.41,8.649508,33510.0,10.194926,5.16,-0.40893543,0.19,2024-05-13 05:55:00
745.3713,5.21,8.001812,43604.0,7.234773,5.79,-0.27572417,0.15,2024-05-13 06:00:00
742.3997,4.51,8.135656,37511.0,8.306001,4.97,-0.3372422,0.05,2024-05-13 06:05:00
734.66974,4.97,7.852318,48112.0,6.2682543,5.37,-0.23657204,0.04,2024-05-13 06:15:00
738.5575,5.22,7.688517,46757.0,6.5567536,5.7,-0.20065947,0.02,2024-05-13 06:20:00
738.5575,5.22,7.608035,46757.0,6.5567536,5.7,-0.19382004,0.06,2024-05-13 06:25:00
730.1169,4.22,7.417129,32564.0,9.083598,4.5,-0.2839967,0.06,2024-05-13 06:30:00
730.1169,4.22,7.404222,32564.0,9.083598,4.5,-0.29242983,0.05,2024-05-13 06:35:00
729.0099,4.87,7.194123,42166.0,6.9820333,5.18,-0.18708667,0.05,2024-05-13 06:40:00
721.99786,4.34,7.1733184,48797.0,5.8544273,4.52,-0.21467017,0.07,2024-05-13 06:50:00
712.7041,5.07,7.093645,48797.0,5.623007,5.15,-0.14874166,0.05,2024-05-13 07:00:00
715.24,4.77,7.07128,55912.0,4.9620214,4.88,-0.12493874,0.06,2024-05-13 07:05:00
714.5373,4.82,7.319358,53777.0,5.1432557,4.92,-0.17392519,0.28,2024-05-13 07:10:00
719.1318,5.21,7.674914,47875.0,5.893744,5.39,-0.20065947,0.11,2024-05-13 07:15:00
726.47626,5.76,8.629143,42557.0,6.8433146,6.08,-0.25963733,0.08,2024-05-13 07:20:00
723.57983,6.61,8.660041,41486.0,6.9332204,6.93,-0.20760833,0.04,2024-05-13 07:25:00
722.3369,6.67,8.762927,41474.0,6.898209,6.96,-0.21467017,0.06,2024-05-13 07:30:00
719.3225,7.04,8.894976,39718.0,7.1100245,7.29,-0.20760833,0.03,2024-05-13 07:35:00
715.67017,7.27,8.893295,40731.0,6.8241944,7.45,-0.19382004,0.09,2024-05-13 07:40:00
713.6272,8.03,8.7954645,46204.0,5.962551,8.18,-0.12493874,0.1,2024-05-13 07:45:00
716.567,8.68,9.077428,40381.0,6.9102306,8.92,-0.13076828,0.01,2024-05-13 07:50:00
715.07983,8.96,9.094338,44567.0,6.2208166,9.16,-0.10790541,0.02,2024-05-13 07:55:00
714.3553,8.57,9.110615,42235.0,6.543616,8.75,-0.13667715,0.03,2024-05-13 08:00:00
712.4584,8.89,9.141193,35274.0,7.7703533,9.02,-0.1426675,0.05,2024-05-13 08:05:00
712.03064,8.5,9.161888,37741.0,7.2488685,8.62,-0.15490197,0.06,2024-05-13 08:10:00
710.9332,8.11,9.142565,52781.0,5.158468,8.19,-0.13667715,0.06,2024-05-13 08:15:00
710.22327,8.08,9.04475,62573.0,4.3377104,8.15,-0.11350928,0.1,2024-05-13 08:20:00
714.2337,8.51,8.716478,73231.0,3.771944,8.69,-0.05061,0.13,2024-05-13 08:25:00
715.1243,8.89,8.614244,66464.0,4.172137,9.1,-0.013228253,0.04,2024-05-13 08:30:00
713.1238,9.67,8.396934,67628.0,4.0647244,9.83,0.049218025,0.12,2024-05-13 08:35:00
711.6264,9.55,8.480838,65029.0,4.1996083,9.68,0.0293838,0.15,2024-05-13 08:40:00
711.26605,9.41,8.553286,64800.0,4.20781,9.52,0.012837212,0.11,2024-05-13 08:45:00
711.9219,8.96,8.491378,68404.0,3.9975648,9.08,0.008600163,0.02,2024-05-13 08:50:00
707.4176,10.53,8.243501,67888.0,3.949145,10.54,0.10037054,0.05,2024-05-13 08:55:00
705.81537,10.24,8.190104,69438.0,3.833835,10.21,0.10037054,0.04,2024-05-13 09:00:00
704.3602,10.12,8.364096,65413.0,4.043677,10.05,0.06818584,0.08,2024-05-13 09:05:00
700.817,8.65,8.888487,63399.0,4.1071453,8.5,-0.060480744,0.17,2024-05-13 09:10:00
699.1189,7.28,9.316657,57114.0,4.524806,7.12,-0.18708667,0.08,2024-05-13 09:15:00
699.0311,7.82,9.106762,60075.0,4.3001056,7.65,-0.13076828,0.03,2024-05-13 09:20:00
699.6556,7.75,9.139235,56774.0,4.5627904,7.59,-0.14874166,0.02,2024-05-13 09:25:00
692.31335,7.14,8.785067,53372.0,4.6968217,6.84,-0.1674911,0.13,2024-05-13 09:30:00
690.80005,7.08,8.780854,51813.0,4.8052983,6.76,-0.1674911,0.03,2024-05-13 09:35:00
690.30347,7.1,8.718566,48128.0,5.1616564,6.77,-0.1674911,0.1,2024-05-13 09:40:00
686.3133,7.4,8.413811,72847.0,3.349175,6.97,-0.05551733,0.05,2024-05-13 09:50:00
681.72394,5.99,8.484539,56650.0,4.2177296,5.57,-0.20065947,0.08,2024-05-13 09:55:00
681.72394,5.99,8.241214,56650.0,4.2177296,5.57,-0.19382004,0.06,2024-05-13 10:00:00
678.0267,7.31,8.585022,90143.0,2.6061196,6.72,-0.045757502,0.14,2024-05-13 10:05:00
683.4011,5.95,8.691985,70763.0,3.4024708,5.56,-0.18045606,0.29,2024-05-13 10:15:00
676.30707,8.44,8.84614,70350.0,3.3130589,7.72,-0.045757502,0.11,2024-05-13 10:20:00
678.7259,8.04,8.685903,57766.0,4.0798826,7.41,-0.08092192,0.05,2024-05-13 10:25:00
685.81494,5.2,8.456631,59314.0,4.104027,4.88,-0.24412516,0.19,2024-05-13 10:30:00
685.9689,7.74,7.9382997,80524.0,3.0251403,7.29,0.017033322,0.09,2024-05-13 10:35:00
678.08215,7.82,7.584023,76590.0,3.0680676,7.18,0.02118928,0.13,2024-05-13 10:40:00
686.8479,7.13,7.765533,80231.0,3.048316,6.75,0.0,0.17,2024-05-13 10:45:00
680.0637,6.52,8.012709,71647.0,3.3096657,6.03,-0.08618615,0.13,2024-05-13 10:50:00
680.0876,7.01,7.557208,70745.0,3.3522303,6.49,0.008600163,0.24,2024-05-13 10:55:00
679.56445,5.71,7.467697,58961.0,4.0125866,5.28,-0.09691001,0.2,2024-05-13 11:00:00
686.263,5.29,7.1103163,77306.0,3.1552746,4.99,-0.045757502,0.39,2024-05-13 11:05:00
696.7912,7.71,6.819919,94090.0,2.7182558,7.49,0.16136801,0.07,2024-05-13 11:10:00
674.17175,5.49,6.4471855,88306.0,2.6135314,5.0,0.00432137,0.17,2024-05-13 11:15:00
658.65985,5.86,6.1456485,92632.0,2.3173223,5.08,0.12710482,0.53,2024-05-13 11:20:00
669.92303,6.73,5.2696204,89480.0,2.5289767,6.04,0.26951295,0.26,2024-05-13 11:25:00
666.79333,7.89,4.1761346,107975.0,2.0654597,7.02,0.48429987,0.13,2024-05-13 11:30:00
663.0002,6.64,5.4715443,103194.0,2.1231112,5.84,0.22271647,0.36,2024-05-13 11:45:00
656.1774,6.56,4.726627,87297.0,2.430206,5.66,0.2624511,0.37,2024-05-13 11:50:00
653.9629,6.59,5.583816,69817.0,3.006844,5.64,0.22010809,0.32,2024-05-13 11:55:00
649.16846,6.03,5.5966864,55819.0,3.675715,5.06,0.15228835,0.37,2024-05-13 12:00:00
634.91077,5.69,5.506142,46532.0,4.1147933,4.58,0.12057395,0.15,2024-05-13 12:05:00
635.20905,5.14,5.5331,48208.0,3.9775507,4.14,0.064457975,0.07,2024-05-13 12:10:00
625.1583,5.47,4.802562,53632.0,3.4021082,4.26,0.20412001,0.39,2024-05-13 12:15:00
632.3125,4.86,4.5634418,79470.0,2.3787706,3.88,0.20412001,0.28,2024-05-13 12:20:00
636.65186,5.29,3.8578882,81064.0,2.3821774,4.26,0.32428244,0.25,2024-05-13 12:25:00
631.666,6.04,3.869509,51600.0,3.6519363,4.81,0.39967373,0.19,2024-05-13 12:30:00
640.99097,5.46,4.575183,53366.0,3.6959026,4.49,0.26717174,0.07,2024-05-13 12:35:00
640.9873,5.9,4.24079,63119.0,3.1247654,4.85,0.4199558,0.03,2024-05-13 12:50:00
632.09265,5.31,4.3102436,52120.0,3.6231074,4.25,0.32837963,0.1,2024-05-13 12:55:00
631.5592,5.29,4.0354185,50530.0,3.7273047,4.22,0.3384565,0.03,2024-05-13 13:00:00
626.88586,3.22,4.33615,41213.0,4.465486,2.53,0.09342169,0.07,2024-05-13 13:10:00
626.88586,3.22,4.296417,41213.0,4.465486,2.53,0.037426513,0.12,2024-05-13 13:15:00
627.0717,3.85,4.442634,60377.0,3.0509293,3.04,0.14612804,0.1,2024-05-13 13:20:00
631.60767,3.61,4.4009657,55677.0,3.3835464,2.88,0.10380372,0.02,2024-05-13 13:25:00
633.1103,3.68,4.293006,49428.0,3.8396132,2.96,0.12385166,0.08,2024-05-13 13:30:00
632.154,2.89,4.324928,38867.0,4.859996,2.31,0.025305841,0.14,2024-05-13 13:35:00
627.92834,3.24,4.266392,49070.0,3.7699294,2.56,0.08635984,0.07,2024-05-13 13:40:00
625.06305,4.14,5.143938,28894.0,6.3118744,3.24,0.017033322,0.08,2024-05-13 14:10:00
626.4709,3.35,5.039385,30901.0,5.9434023,2.63,-0.06550154,0.07,2024-05-13 14:15:00
624.2041,2.94,5.0357122,26489.0,6.855535,2.29,-0.14874166,0.03,2024-05-13 14:20:00
619.40015,3.7,5.021534,28727.0,6.171227,2.84,-0.026872149,0.04,2024-05-13 14:25:00
621.08563,3.34,4.9633355,33544.0,5.329922,2.58,-0.05061,0.05,2024-05-13 14:30:00
621.67755,3.84,4.7789226,28271.0,6.3428206,2.97,0.0293838,0.07,2024-05-13 14:35:00
631.07965,2.84,5.1683073,36315.0,5.174057,2.26,-0.15490197,0.03,2024-05-13 14:45:00
625.1466,3.22,5.211564,22536.0,8.095991,2.52,-0.13667715,0.03,2024-05-13 14:50:00
623.09076,3.15,5.2125425,20379.0,8.861569,2.44,-0.14874166,0.01,2024-05-13 14:55:00
623.2608,3.89,5.1296883,17664.0,10.2323,3.03,-0.05061,0.07,2024-05-13 15:00:00
624.7676,6.23,4.929726,19461.0,9.357541,4.86,0.19865711,0.06,2024-05-13 15:05:00
624.5264,4.95,5.1962004,19613.0,9.273867,3.86,0.06069783,0.09,2024-05-13 15:10:00
624.235,4.9,5.1658587,17216.0,10.549735,3.82,0.045322984,0.04,2024-05-13 15:15:00
623.7664,5.35,5.107563,16996.0,10.661344,4.17,0.09342169,0.02,2024-05-13 15:20:00
623.5928,5.58,5.0996275,17484.0,10.3547945,4.34,0.117271274,0.01,2024-05-13 15:25:00
624.3726,5.14,5.1597867,16471.0,11.034482,4.01,0.06818584,0.02,2024-05-13 15:30:00
623.4453,5.11,5.18357,17222.0,10.504586,3.97,0.06069783,0.02,2024-05-13 15:40:00
621.6955,5.03,5.087298,22507.0,7.9679217,3.89,0.08278538,0.04,2024-05-13 15:45:00
619.9774,5.07,4.9948473,27907.0,6.371008,3.9,0.12057395,0.06,2024-05-13 15:50:00
619.1618,3.45,5.1415467,32059.0,5.523211,2.64,-0.07058106,0.03,2024-05-13 15:55:00
619.3992,4.12,5.1331277,30704.0,5.7738414,3.16,0.008600163,0.01,2024-05-13 16:00:00
620.2257,4.21,4.9579225,38901.0,4.5761676,3.23,0.041392695,0.07,2024-05-13 16:05:00
617.12146,3.17,5.1559963,32210.0,5.4411206,2.42,-0.10237289,0.05,2024-05-13 16:10:00
618.8233,4.05,5.0462165,27801.0,6.358312,3.1,0.00432137,0.02,2024-05-13 16:15:00
621.2786,4.26,5.080994,27535.0,6.4993625,3.29,0.025305841,0.01,2024-05-13 16:20:00
620.88617,3.92,5.0177784,26479.0,6.7452803,3.02,-0.008773916,0.05,2024-05-13 16:25:00
618.2105,3.77,5.057015,29520.0,5.9696155,2.89,-0.013228253,0.02,2024-05-13 16:30:00
618.7174,3.32,5.1272993,31420.0,5.622956,2.54,-0.08092192,0.01,2024-05-13 16:35:00
615.9934,3.6,5.0598125,37633.0,4.6305933,2.73,-0.013228253,0.03,2024-05-13 16:40:00
617.004,3.8,5.0616503,24808.0,7.060412,2.89,-0.031517047,0.04,2024-05-13 16:45:00
618.7832,3.51,5.1220403,16938.0,10.434041,2.69,-0.09691001,0.04,2024-05-13 16:50:00
614.357,3.97,5.058073,22594.0,7.649201,2.99,-0.017728778,0.04,2024-05-13 16:55:00
610.6547,4.37,4.969769,32283.0,5.2536774,3.26,0.06069783,0.06,2024-05-13 17:00:00
611.59656,3.23,4.403067,41491.0,4.1073985,2.41,-0.036212165,0.07,2024-05-13 17:05:00
609.00916,1.97,5.1920805,75342.0,2.2322972,1.46,-0.21467017,0.02,2024-05-13 17:10:00
604.8527,2.28,5.130877,71598.0,2.29948,1.66,-0.14874166,0.02,2024-05-13 17:15:00
607.1195,2.61,5.105311,88284.0,1.8867126,1.92,-0.05551733,0.07,2024-05-13 17:20:00
606.12714,2.24,5.120918,86879.0,1.9074856,1.65,-0.13076828,0.03,2024-05-13 17:25:00
611.5382,3.22,4.683482,52895.0,3.2209,2.41,0.037426513,0.03,2024-05-13 17:40:00
609.51306,3.01,4.882919,48989.0,3.4419832,2.24,-0.031517047,0.04,2024-05-13 17:45:00
610.5998,3.14,4.9217577,53295.0,3.1814797,2.34,-0.013228253,0.08,2024-05-13 17:50:00
611.84454,2.99,4.96001,57303.0,2.977773,2.24,-0.0409586,0.04,2024-05-13 17:55:00
608.77124,3.3,4.7923484,53717.0,3.127153,2.45,0.00432137,0.05,2024-05-13 18:00:00
612.63324,3.31,4.969467,47747.0,3.5880997,2.49,-0.031517047,0.01,2024-05-13 18:05:00
608.07227,3.24,5.3051295,39545.0,4.232687,2.4,-0.10237289,0.06,2024-05-13 18:15:00
609.4345,3.12,5.3876247,41705.0,4.041522,2.32,-0.12493874,0.03,2024-05-13 18:20:00
610.6669,3.29,5.45552,39649.0,4.277913,2.45,-0.11350928,0.01,2024-05-13 18:25:00
613.6359,3.54,5.479836,26098.0,6.598028,2.67,-0.119186416,0.01,2024-05-13 18:35:00
614.87366,3.91,5.4469347,26901.0,6.4413548,2.96,-0.07058106,0.02,2024-05-13 18:40:00
613.2185,4.06,5.415395,25246.0,6.806265,3.05,-0.05551733,0.02,2024-05-13 18:45:00
608.5449,4.38,5.3370123,23827.0,7.0418835,3.24,-0.017728778,0.03,2024-05-13 18:50:00
599.9046,4.4,5.286899,21593.0,7.432109,3.17,-0.013228253,0.02,2024-05-13 18:55:00
594.5039,4.68,5.239675,21165.0,7.371918,3.31,0.025305841,0.02,2024-05-13 19:00:00
599.8878,4.4,5.2484474,21040.0,7.626786,3.17,-0.008773916,0.03,2024-05-13 19:05:00
600.3447,4.39,5.238712,21426.0,7.5071583,3.16,-0.008773916,0.01,2024-05-13 19:10:00
597.7116,4.83,5.221906,21033.0,7.543495,3.45,0.037426513,0.01,2024-05-13 19:15:00
601.68335,4.51,5.26514,19396.0,8.350562,3.27,0.0,0.03,2024-05-13 19:20:00
601.84937,4.58,5.286776,18107.0,8.952703,3.32,-0.0043648016,0.01,2024-05-13 19:25:00
602.38544,4.51,5.2743244,18317.0,8.874625,3.27,-0.0043648016,0.01,2024-05-13 19:30:00
601.75616,4.35,5.2767887,17279.0,9.377191,3.15,-0.022276402,0.01,2024-05-13 19:35:00
601.2319,4.7,5.244778,17898.0,9.028352,3.4,0.012837212,0.01,2024-05-13 19:40:00
599.79315,4.89,5.206582,17383.0,9.22676,3.52,0.033423774,0.01,2024-05-13 19:45:00
599.2911,4.77,5.2217526,17750.0,9.012459,3.43,0.02118928,0.01,2024-05-13 19:50:00
599.5561,5.02,5.2211685,18107.0,8.846937,3.61,0.049218025,0.01,2024-05-13 20:00:00
595.7918,4.82,5.243329,17840.0,8.805006,3.42,0.02118928,0.03,2024-05-13 20:05:00
597.787,4.49,5.2455983,16766.0,9.467053,3.21,-0.008773916,0.01,2024-05-13 20:10:00
596.7124,4.56,5.2162533,16307.0,9.679163,3.25,0.0,0.01,2024-05-13 20:15:00
595.89465,4.8,5.1618795,15341.0,10.244817,3.41,0.0293838,0.02,2024-05-13 20:20:00
594.1866,4.74,5.1401653,16240.0,9.591599,3.35,0.033423774,0.01,2024-05-13 20:25:00
593.98334,4.59,5.1608524,16074.0,9.68034,3.24,0.017033322,0.01,2024-05-13 20:40:00
593.4902,4.47,5.152058,15878.0,9.774527,3.15,0.00432137,0.01,2024-05-13 20:45:00
589.6144,4.46,5.2081666,15559.0,9.77354,3.1,-0.008773916,0.01,2024-05-13 20:50:00
591.083,4.47,5.1803284,15545.0,9.858395,3.12,-0.008773916,0.01,2024-05-13 20:55:00
592.22314,5.12,5.1769776,16943.0,9.099381,3.59,0.06069783,0.03,2024-05-13 21:00:00
587.04004,5.35,5.232218,18528.0,8.096349,3.69,0.07918126,0.01,2024-05-13 21:10:00
584.2386,5.66,5.121914,18740.0,7.88644,3.86,0.12057395,0.02,2024-05-13 21:40:00
586.827,5.24,5.155938,18528.0,8.087207,3.61,0.07554698,0.04,2024-05-13 21:45:00
586.49756,5.22,5.311224,18006.0,8.307122,3.59,0.02118928,0.1,2024-05-13 21:50:00
584.22345,5.68,5.365799,18106.0,8.161934,3.88,0.06818584,0.09,2024-05-13 21:55:00
585.848,5.17,5.608039,17358.0,8.587568,3.55,0.0,0.02,2024-05-13 22:05:00
584.79364,5.08,5.4717183,18585.0,7.975757,3.47,0.012837212,0.03,2024-05-13 22:10:00
583.56055,4.85,5.443896,19593.0,7.5158777,3.31,0.00432137,0.01,2024-05-13 22:15:00
582.76117,4.51,5.4385476,18848.0,7.779689,3.06,-0.031517047,0.01,2024-05-13 22:20:00
583.64935,4.72,5.4024997,17464.0,8.436119,3.22,-0.008773916,0.02,2024-05-13 22:25:00
582.3452,4.58,5.3461103,17975.0,8.139417,3.1,-0.013228253,0.02,2024-05-13 22:30:00
581.84705,4.82,5.19366,20198.0,7.2243166,3.26,0.041392695,0.08,2024-05-13 22:35:00
579.85657,5.21,5.128167,21366.0,6.756923,3.5,0.09342169,0.07,2024-05-13 22:40:00
578.8727,5.06,5.118769,20605.0,6.969533,3.39,0.07918126,0.04,2024-05-13 22:45:00
579.76935,5.12,5.0513167,20912.0,6.900384,3.45,0.09342169,0.03,2024-05-13 22:50:00
578.87006,5.17,5.133391,21166.0,6.7847104,3.47,0.08635984,0.03,2024-05-13 22:55:00
577.2088,5.08,5.1648135,20532.0,6.931918,3.39,0.07188199,0.01,2024-05-13 23:00:00
575.5102,5.12,5.1810517,21383.0,6.5952563,3.39,0.07554698,0.01,2024-05-13 23:10:00
569.6677,4.32,5.244254,23380.0,5.8433356,2.81,-0.008773916,0.08,2024-05-13 23:15:00
567.7524,3.47,5.3676996,23553.0,5.7399197,2.24,-0.119186416,0.03,2024-05-13 23:20:00
570.45337,3.56,5.4318876,24061.0,5.7023635,2.31,-0.119186416,0.04,2024-05-13 23:25:00
569.70105,3.87,5.32156,26075.0,5.240348,2.51,-0.05551733,0.07,2024-05-13 23:30:00
568.2096,4.58,5.206381,24686.0,5.4902186,2.96,0.033423774,0.01,2024-05-13 23:35:00
575.0904,4.66,5.1371784,25416.0,5.5361333,3.08,0.053078443,0.02,2024-05-13 23:40:00
575.5686,4.14,5.119043,27277.0,5.171789,2.74,0.008600163,0.01,2024-05-14 00:05:00
575.364,4.11,5.1339655,27015.0,5.216171,2.72,0.0,0.02,2024-05-14 00:10:00
579.7744,4.66,6.38181,37871.0,3.8104284,3.14,-0.10237289,0.66,2024-05-14 00:15:00
579.48285,4.9,6.6166835,34840.0,4.135446,3.29,-0.13076828,0.24,2024-05-14 00:20:00
578.5252,5.03,6.3217955,29753.0,4.817633,3.37,-0.08618615,0.27,2024-05-14 00:25:00
578.0166,5.06,5.965149,30899.0,4.6262693,3.4,-0.036212165,0.45,2024-05-14 00:30:00
574.75244,4.69,5.7455115,29667.0,4.734187,3.1,-0.036212165,0.08,2024-05-14 00:35:00
572.4721,4.61,6.108273,30408.0,4.562014,3.03,-0.08618615,0.51,2024-05-14 00:40:00
576.83453,4.04,7.191947,30032.0,4.729591,2.69,-0.29242983,0.06,2024-05-14 00:45:00
575.8576,3.88,7.253006,32275.0,4.37774,2.58,-0.30980393,0.03,2024-05-14 00:50:00
573.3705,4.1,7.1661496,33184.0,4.200836,2.7,-0.27572417,0.01,2024-05-14 00:55:00
572.9221,3.73,7.152433,29099.0,4.778908,2.45,-0.32790217,0.01,2024-05-14 01:00:00
576.93915,3.88,7.1430664,30311.0,4.688702,2.58,-0.30103,0.01,2024-05-14 01:05:00
576.8712,3.86,7.2303042,27162.0,5.230365,2.57,-0.3187588,0.02,2024-05-14 01:10:00
578.8108,3.85,7.2544746,25176.0,5.7022343,2.58,-0.3372422,0.01,2024-05-14 01:15:00
581.41956,3.71,7.272565,23908.0,6.089311,2.51,-0.35654733,0.02,2024-05-14 01:20:00
580.98724,3.93,7.2229495,22541.0,6.44366,2.65,-0.32790217,0.02,2024-05-14 01:25:00
577.11914,3.26,7.1896734,24401.0,5.829979,2.17,-0.39794,0.02,2024-05-14 01:35:00
579.3043,3.2,7.183467,24740.0,5.8181415,2.15,-0.40893543,0.03,2024-05-14 01:40:00
576.5385,3.11,7.112039,30754.0,4.6111813,2.07,-0.39794,0.01,2024-05-14 01:45:00
576.77435,2.94,7.015333,30125.0,4.713458,1.95,-0.40893543,0.04,2024-05-14 01:50:00
574.0726,2.91,7.039524,26272.0,5.3263006,1.92,-0.4202164,0.04,2024-05-14 01:55:00
569.60284,2.98,6.7666464,25927.0,5.267433,1.94,-0.38721615,0.07,2024-05-14 02:00:00
566.9382,3.19,6.748437,30649.0,4.391324,2.05,-0.3372422,0.02,2024-05-14 02:05:00
564.42175,3.16,6.70684,33300.0,3.9861476,2.01,-0.32790217,0.01,2024-05-14 02:10:00
570.6862,3.05,6.667901,36318.0,3.7826686,1.98,-0.32790217,0.01,2024-05-14 02:15:00
572.8171,2.8,6.687982,28366.0,4.899602,1.84,-0.39794,0.02,2024-05-14 02:20:00
571.4529,2.81,6.6900973,27680.0,4.9838986,1.83,-0.39794,0.02,2024-05-14 02:25:00
569.40326,2.55,6.7144394,22371.0,6.0980654,1.65,-0.455932,0.01,2024-05-14 02:30:00
565.12683,2.71,6.6316366,24932.0,5.3447633,1.73,-0.40893543,0.01,2024-05-14 02:35:00
565.6293,2.62,6.682941,24166.0,5.5294533,1.68,-0.43179828,0.02,2024-05-14 02:40:00
571.8595,2.6,6.64988,28681.0,4.8206162,1.7,-0.4202164,0.01,2024-05-14 02:45:00
567.58606,2.61,6.676968,26680.0,5.062559,1.68,-0.4202164,0.02,2024-05-14 02:50:00
570.12463,2.2,6.638035,22484.0,6.0913796,1.43,-0.5086383,0.03,2024-05-14 03:00:00
565.2974,2.04,6.5063815,26699.0,4.995725,1.31,-0.5086383,0.04,2024-05-14 03:05:00
556.31586,1.92,6.4778547,39189.0,3.2379992,1.19,-0.49485007,0.01,2024-05-14 03:10:00
554.9917,2.04,6.4609675,44760.0,2.8140318,1.26,-0.455932,0.01,2024-05-14 03:15:00
554.20215,1.74,6.3148556,91079.0,1.3768165,1.07,-0.4202164,0.01,2024-05-14 03:20:00
559.2404,1.97,6.4924183,37624.0,3.4281871,1.23,-0.49485007,0.01,2024-05-14 03:25:00
558.6734,2.18,6.4481163,33850.0,3.7983882,1.36,-0.455932,0.02,2024-05-14 03:30:00
564.43054,2.09,6.481875,24411.0,5.437924,1.33,-0.49485007,0.01,2024-05-14 03:35:00
562.4035,2.03,6.4424067,26126.0,5.024371,1.29,-0.5086383,0.01,2024-05-14 03:40:00
560.5055,1.93,6.412129,25372.0,5.1195235,1.21,-0.52287877,0.02,2024-05-14 03:45:00
558.52795,1.84,6.353881,25106.0,5.117155,1.15,-0.53760207,0.01,2024-05-14 03:50:00
560.88367,1.65,6.3124323,19618.0,6.635008,1.04,-0.60206,0.02,2024-05-14 03:55:00
562.4972,1.67,6.258163,17748.0,7.399977,1.06,-0.5850267,0.02,2024-05-14 04:00:00
561.62274,1.91,6.1754756,18842.0,6.936647,1.21,-0.5086383,0.03,2024-05-14 04:05:00
560.5821,2.1,6.126018,22639.0,5.7400002,1.32,-0.455932,0.01,2024-05-14 04:10:00
559.75104,2.18,6.0956874,19851.0,6.515998,1.37,-0.4436975,0.01,2024-05-14 04:15:00
562.5869,2.19,6.008735,19602.0,6.7034,1.39,-0.43179828,0.02,2024-05-14 04:20:00
559.45667,2.19,5.9932466,22071.0,5.8510013,1.38,-0.4202164,0.02,2024-05-14 04:25:00
555.1039,2.14,5.8727245,22048.0,5.7164073,1.32,-0.4202164,0.05,2024-05-14 04:30:00
558.21686,1.82,5.7281237,20040.0,6.399633,1.13,-0.4685211,0.07,2024-05-14 04:40:00
557.1508,2.01,5.708537,20756.0,6.142213,1.25,-0.4202164,0.03,2024-05-14 04:45:00
557.6208,1.65,5.542689,22521.0,5.675717,1.03,-0.4685211,0.01,2024-05-14 04:50:00
552.58246,2.34,5.0282993,48112.0,2.5827596,1.43,-0.13667715,0.27,2024-05-14 04:55:00
552.6842,2.31,4.9032335,50505.0,2.4617953,1.41,-0.14874166,0.04,2024-05-14 05:00:00
548.7791,2.28,4.9059963,47367.0,2.5675805,1.37,-0.15490197,0.02,2024-05-14 05:05:00
546.8493,2.31,4.921067,42627.0,2.8219705,1.38,-0.17392519,0.04,2024-05-14 05:10:00
541.1818,2.35,4.909521,55068.0,2.1147223,1.38,-0.12493874,0.04,2024-05-14 05:15:00
545.878,2.17,4.976083,45745.0,2.6151109,1.29,-0.20065947,0.06,2024-05-14 05:20:00
541.9586,2.19,5.0887423,38989.0,3.0001962,1.29,-0.22914802,0.08,2024-05-14 05:25:00
543.6015,1.66,5.3252416,26740.0,4.415932,0.98,-0.4202164,0.07,2024-05-14 05:30:00
553.60706,1.52,5.440239,25931.0,4.8197293,0.93,-0.48148608,0.05,2024-05-14 05:35:00
553.8528,1.39,5.5421023,27725.0,4.51409,0.85,-0.53760207,0.01,2024-05-14 05:40:00
554.2065,1.63,5.494306,31883.0,3.9331963,1.0,-0.4436975,0.02,2024-05-14 05:45:00
554.1042,1.84,5.50666,32951.0,3.8035288,1.13,-0.38721615,0.03,2024-05-14 05:55:00
555.2229,1.93,5.4591026,34688.0,3.6358237,1.19,-0.35654733,0.04,2024-05-14 06:00:00
553.11127,1.69,5.470119,37042.0,3.3646212,1.04,-0.40893543,0.05,2024-05-14 06:05:00
543.66986,1.39,5.5290866,52382.0,2.255131,0.82,-0.4685211,0.04,2024-05-14 06:10:00
547.4443,1.46,5.5470533,62362.0,1.9354738,0.88,-0.43179828,0.04,2024-05-14 06:15:00
547.10406,1.33,5.6147842,61331.0,1.9642059,0.8,-0.48148608,0.02,2024-05-14 06:20:00
556.4181,1.68,5.5993123,58811.0,2.1588912,1.05,-0.38721615,0.05,2024-05-14 06:25:00
556.05115,1.39,5.6112475,68567.0,1.847916,0.86,-0.4436975,0.03,2024-05-14 06:30:00
544.30237,1.41,5.313558,58315.0,2.033038,0.83,-0.4685211,0.03,2024-05-14 06:35:00
553.5865,0.82,5.613929,116267.0,1.0748185,0.5,-0.5850267,0.05,2024-05-14 06:40:00
555.3627,0.81,5.534483,109587.0,1.1517639,0.5,-0.5850267,0.01,2024-05-14 06:45:00
552.3073,0.64,5.304564,103557.0,1.1980767,0.39,-0.65757734,0.3,2024-05-14 06:50:00
553.0848,0.67,5.2662225,81439.0,1.5301478,0.41,-0.67778075,0.15,2024-05-14 06:55:00
553.47015,0.95,5.1134725,88419.0,1.4124136,0.58,-0.48148608,0.12,2024-05-14 07:00:00
547.26025,1.04,5.0343423,86937.0,1.38691,0.62,-0.43179828,0.1,2024-05-14 07:05:00
547.86945,0.89,4.808264,106011.0,1.1413162,0.54,-0.4202164,0.13,2024-05-14 07:10:00
551.3291,0.87,5.0464444,88767.0,1.3900034,0.53,-0.5086383,0.16,2024-05-14 07:15:00
552.99036,0.93,4.727674,116275.0,1.0711459,0.57,-0.39794,0.23,2024-05-14 07:20:00
559.9175,0.98,4.371144,121969.0,1.0614898,0.61,-0.27572417,0.04,2024-05-14 07:30:00
546.20337,0.97,4.50939,144308.0,0.8305178,0.58,-0.25963733,0.08,2024-05-14 07:50:00
541.5293,0.94,4.4032826,102105.0,1.1428084,0.55,-0.35654733,0.08,2024-05-14 07:55:00
542.72235,0.66,4.8336115,45713.0,2.5701346,0.39,-0.69897,0.06,2024-05-14 08:05:00
543.55444,0.58,4.743722,53008.0,2.2270262,0.34,-0.69897,0.03,2024-05-14 08:10:00
534.928,0.6,4.754724,43345.0,2.5911915,0.35,-0.7212464,0.06,2024-05-14 08:15:00
521.17914,0.58,4.4739804,43859.0,2.361441,0.32,-0.7447275,0.04,2024-05-14 08:20:00
546.2049,0.65,4.395543,74358.0,1.6118159,0.39,-0.6197888,0.07,2024-05-14 08:25:00
551.11633,0.7,4.6562862,88284.0,1.3959298,0.43,-0.552842,0.02,2024-05-14 08:30:00
542.90027,0.71,4.767158,84173.0,1.3972234,0.42,-0.56863624,0.02,2024-05-14 08:35:00
549.2441,0.79,4.7306128,185014.0,0.6590833,0.48,-0.3372422,0.03,2024-05-14 08:55:00
545.2165,0.79,4.695626,148240.0,0.8039499,0.47,-0.4202164,0.08,2024-05-14 09:10:00
529.7063,0.75,4.7723475,104262.0,1.0448416,0.42,-0.52287877,0.14,2024-05-14 09:15:00
521.3324,0.73,4.8621497,75472.0,1.3735596,0.4,-0.6197888,0.06,2024-05-14 09:20:00
539.1276,0.79,4.327147,94795.0,1.2140198,0.46,-0.49485007,0.08,2024-05-14 09:25:00
539.7476,0.65,4.6787715,136301.0,0.8473561,0.38,-0.52287877,0.01,2024-05-14 09:30:00
543.92017,0.84,4.5377526,113998.0,1.037717,0.5,-0.43179828,0.11,2024-05-14 09:45:00
534.3676,0.9,4.784088,130648.0,0.85687745,0.51,-0.38721615,0.08,2024-05-14 09:50:00
542.4221,0.73,4.6759915,101996.0,1.1499113,0.42,-0.49485007,0.09,2024-05-14 09:55:00
538.3188,0.9,4.389123,174103.0,0.65792286,0.52,-0.26760623,0.08,2024-05-14 10:00:00
534.5806,0.78,4.378139,120264.0,0.9320188,0.45,-0.43179828,0.12,2024-05-14 10:05:00
534.7016,0.76,4.752526,112374.0,0.99816066,0.44,-0.49485007,0.18,2024-05-14 10:10:00
529.2582,0.76,3.0657625,159839.0,0.6797506,0.43,-0.24412516,0.12,2024-05-14 10:20:00
524.4006,0.79,3.912148,201571.0,0.52376753,0.44,-0.25181198,0.09,2024-05-14 10:25:00
531.8076,0.9,4.353734,122413.0,0.9009517,0.51,-0.32790217,0.03,2024-05-14 10:30:00
529.4283,0.91,3.7342873,156744.0,0.6938666,0.51,-0.119186416,0.01,2024-05-14 10:55:00
528.5612,0.8,3.7202284,123058.0,0.87930804,0.45,-0.23657204,0.07,2024-05-14 11:00:00
526.44836,0.76,3.733055,129134.0,0.8275517,0.42,-0.25963733,0.03,2024-05-14 11:05:00
530.79944,0.72,3.4704611,111345.0,0.98467493,0.41,-0.29242983,0.13,2024-05-14 11:10:00
524.88605,0.87,2.6466205,180360.0,0.587053,0.48,-0.036212165,0.11,2024-05-14 11:15:00
526.68396,0.84,3.6520405,175114.0,0.61111045,0.47,-0.11350928,0.03,2024-05-14 11:25:00
531.55493,0.78,3.6300688,148240.0,0.74288416,0.44,-0.20760833,0.01,2024-05-14 11:35:00
526.3954,0.82,3.6782196,175291.0,0.60945284,0.46,-0.1426675,0.03,2024-05-14 11:45:00
524.4165,0.82,3.6158679,193031.0,0.54699165,0.45,-0.11350928,0.06,2024-05-14 11:50:00
527.31726,0.78,3.3930075,171935.0,0.62474245,0.43,-0.16115092,0.19,2024-05-14 11:55:00
511.6261,0.66,3.2736218,261943.0,0.37326574,0.35,-0.008773916,0.08,2024-05-14 12:20:00
534.82825,0.98,3.0913427,171874.0,0.6530949,0.56,0.0,0.08,2024-05-14 12:25:00
535.53406,0.81,3.301227,169944.0,0.66322917,0.46,-0.05061,0.05,2024-05-14 12:30:00
526.62537,0.79,3.5281014,186725.0,0.5729116,0.43,-0.09691001,0.02,2024-05-14 12:40:00
539.2859,0.68,3.6013608,139392.0,0.8263616,0.4,-0.26760623,0.08,2024-05-14 12:45:00
545.9486,0.82,3.212071,161085.0,0.74293953,0.49,-0.08618615,0.04,2024-05-14 12:55:00
525.39276,1.02,3.2790546,110309.0,0.9627448,0.56,-0.09691001,0.04,2024-05-14 13:05:00
508.9283,0.94,3.3876984,147642.0,0.6514293,0.49,-0.08092192,0.03,2024-05-14 13:10:00
508.40512,0.92,3.400897,155299.0,0.6173309,0.48,-0.08092192,0.02,2024-05-14 13:15:00
516.15,0.93,3.2297833,161010.0,0.62412834,0.5,-0.060480744,0.03,2024-05-14 13:20:00
515.00995,0.96,3.4031456,171450.0,0.5821028,0.51,-0.031517047,0.06,2024-05-14 13:25:00
509.82605,0.99,3.3590627,161710.0,0.59803015,0.51,-0.013228253,0.02,2024-05-14 13:30:00
518.32935,0.94,2.8907611,179835.0,0.5661726,0.51,-0.013228253,0.03,2024-05-14 13:35:00
514.11176,0.95,3.0897896,182292.0,0.54451483,0.5,-0.022276402,0.05,2024-05-14 13:40:00
518.1642,0.8,3.0164385,137655.0,0.7389247,0.43,-0.1426675,0.04,2024-05-14 13:50:00
511.78293,0.84,3.42377,186630.0,0.5243941,0.44,-0.0409586,0.02,2024-05-14 13:55:00
502.8612,0.83,3.5246985,139437.0,0.664485,0.42,-0.13076828,0.01,2024-05-14 14:00:00
505.7208,0.82,3.4893694,111466.0,0.8460327,0.42,-0.18708667,0.02,2024-05-14 14:05:00
504.53284,0.84,3.521491,141623.0,0.66102254,0.43,-0.119186416,0.03,2024-05-14 14:10:00
505.7485,0.94,3.4794827,169944.0,0.5550062,0.48,-0.026872149,0.01,2024-05-14 14:15:00
501.6598,0.87,3.3984408,163279.0,0.5632472,0.44,-0.0409586,0.01,2024-05-14 14:35:00
506.57562,0.78,3.3326566,106214.0,0.89254713,0.4,-0.1674911,0.03,2024-05-14 14:45:00
502.23196,0.79,3.4012496,109793.0,0.84061235,0.4,-0.18708667,0.03,2024-05-14 14:50:00
502.61853,0.83,3.4004264,123917.0,0.74658585,0.42,-0.13076828,0.03,2024-05-14 14:55:00
504.47137,0.84,3.464015,123604.0,0.7570992,0.43,-0.13076828,0.03,2024-05-14 15:00:00
506.9886,0.85,3.350552,142448.0,0.6672033,0.44,-0.08618615,0.03,2024-05-14 15:05:00
518.6127,0.99,3.2752862,111647.0,0.9135131,0.54,-0.05061,0.05,2024-05-14 15:10:00
525.40576,1.11,3.4032485,104905.0,1.0124168,0.61,-0.045757502,0.05,2024-05-14 15:15:00
525.2259,1.08,3.2654862,111851.0,0.94853383,0.59,-0.031517047,0.07,2024-05-14 15:20:00
526.694,1.05,2.9791608,119758.0,0.8936384,0.58,0.037426513,0.14,2024-05-14 15:25:00
529.4484,1.04,2.7499454,123040.0,0.88404,0.58,0.12385166,0.15,2024-05-14 15:30:00
527.92236,1.1,2.5307906,122638.0,0.8790038,0.61,0.15836251,0.19,2024-05-14 15:35:00
529.42365,0.92,2.7978742,120726.0,0.90085346,0.52,-0.017728778,0.15,2024-05-14 15:40:00
518.99786,0.8,3.2842808,77647.0,1.3165607,0.43,-0.24412516,0.04,2024-05-14 15:45:00
532.1509,0.89,3.1649487,99585.0,1.1097051,0.5,-0.1426675,0.02,2024-05-14 15:50:00
511.82437,0.8,2.417664,76626.0,1.2775345,0.42,-0.25181198,0.04,2024-05-14 15:55:00
544.2356,0.97,2.6196947,104539.0,1.1336569,0.58,-0.06550154,0.04,2024-05-14 16:00:00
509.36795,0.68,2.905598,70473.0,1.3684279,0.36,-0.30980393,0.1,2024-05-14 16:05:00
508.8171,0.61,3.1515236,69118.0,1.390563,0.32,-0.40893543,0.11,2024-05-14 16:10:00
501.86673,0.76,3.298636,83722.0,1.0998851,0.38,-0.25963733,0.07,2024-05-14 16:15:00
503.1287,0.6,3.2878716,61250.0,1.5152216,0.31,-0.39794,0.04,2024-05-14 16:20:00
513.7276,0.67,3.2637708,78266.0,1.2653002,0.35,-0.30980393,0.04,2024-05-14 16:25:00
500.53214,0.64,3.12008,61011.0,1.4968517,0.32,-0.32790217,0.11,2024-05-14 16:30:00
504.0947,0.73,3.172034,66284.0,1.4085321,0.37,-0.25181198,0.06,2024-05-14 16:35:00
515.61676,0.72,3.2156649,72996.0,1.3722403,0.39,-0.29242983,0.09,2024-05-14 16:40:00
523.0612,0.72,3.243532,56146.0,1.865479,0.4,-0.3187588,0.06,2024-05-14 16:45:00
511.31406,0.65,3.3307056,52792.0,1.8485533,0.34,-0.40893543,0.19,2024-05-14 16:50:00
537.6267,0.81,3.6996891,67154.0,1.6989089,0.47,-0.3372422,0.05,2024-05-14 16:55:00
537.371,0.83,3.4200733,82245.0,1.3851262,0.48,-0.25963733,0.05,2024-05-14 17:00:00
540.50757,0.83,3.3572903,79805.0,1.4535733,0.48,-0.26760623,0.03,2024-05-14 17:05:00
536.72235,0.74,2.9281223,67109.0,1.6911619,0.43,-0.30103,0.13,2024-05-14 17:10:00
533.7919,0.86,2.6287072,97091.0,1.1491721,0.49,-0.1426675,0.04,2024-05-14 17:15:00
531.242,0.9,2.6419122,117176.0,0.93810564,0.51,-0.08092192,0.06,2024-05-14 17:20:00
520.7644,0.92,3.0772393,98622.0,1.0475765,0.5,-0.13076828,0.04,2024-05-14 17:25:00
511.44357,0.8,3.0469003,121891.0,0.80125517,0.42,-0.1674911,0.07,2024-05-14 17:30:00
524.90344,0.8,3.2154782,107175.0,0.98802716,0.44,-0.21467017,0.02,2024-05-14 17:35:00
524.8549,0.84,3.0414636,126221.0,0.83869827,0.46,-0.13667715,0.08,2024-05-14 17:40:00
509.87585,0.82,2.9944112,163481.0,0.5917316,0.43,-0.07058106,0.01,2024-05-14 17:45:00
509.47556,0.84,3.0398192,103118.0,0.93582726,0.44,-0.17392519,0.03,2024-05-14 17:50:00
522.3995,0.79,3.2116973,100108.0,1.0421468,0.43,-0.23657204,0.04,2024-05-14 17:55:00
497.7761,0.68,3.4648378,69796.0,1.28615,0.34,-0.3467875,0.04,2024-05-14 18:00:00
499.1277,0.69,3.5454338,77107.0,1.1740708,0.34,-0.32790217,0.04,2024-05-14 18:05:00
524.66473,0.83,3.6054127,77973.0,1.3561361,0.46,-0.26760623,0.02,2024-05-14 18:20:00
502.65826,0.79,3.5478725,104196.0,0.8881094,0.4,-0.22914802,0.02,2024-05-14 19:20:00
502.65826,0.79,3.5706582,104196.0,0.8881094,0.4,-0.22914802,0.01,2024-05-14 19:25:00
512.1172,0.81,3.350582,81156.0,1.2083739,0.43,-0.22184876,0.13,2024-05-14 19:30:00
510.913,0.8,3.4811206,95353.0,1.0209509,0.42,-0.22184876,0.07,2024-05-14 19:35:00
511.86078,0.82,3.4807184,95353.0,1.0268583,0.43,-0.22914802,0.08,2024-05-14 19:40:00
514.3924,0.81,3.539562,58606.0,1.6965747,0.43,-0.32790217,0.03,2024-05-14 19:45:00
517.3157,0.81,3.5878823,59482.0,1.7013392,0.43,-0.3372422,0.01,2024-05-14 19:50:00
514.1097,0.71,3.477729,53290.0,1.8626279,0.38,-0.40893543,0.01,2024-05-14 19:55:00
515.3723,0.86,3.580349,66439.0,1.5054454,0.46,-0.2839967,0.03,2024-05-14 20:00:00
512.8501,0.89,3.582862,70876.0,1.3898126,0.47,-0.25963733,0.01,2024-05-14 20:05:00
513.3535,0.9,3.6311982,73268.0,1.3485515,0.47,-0.25181198,0.02,2024-05-14 20:10:00
511.33926,0.79,3.6970663,61180.0,1.5953548,0.41,-0.3467875,0.02,2024-05-14 20:20:00
512.2842,0.75,3.490573,78975.0,1.2430058,0.4,-0.2839967,0.02,2024-05-14 20:45:00
508.99677,0.75,3.462499,63975.0,1.5040033,0.39,-0.32790217,0.02,2024-05-14 20:50:00
506.41785,0.79,3.4708066,63796.0,1.4845618,0.4,-0.30103,0.02,2024-05-14 20:55:00
508.35065,0.76,3.5116236,64321.0,1.4900094,0.4,-0.3187588,0.03,2024-05-14 21:00:00
506.11212,0.81,3.528824,79362.0,1.1911398,0.41,-0.25963733,0.01,2024-05-14 21:05:00
505.30338,0.71,3.5627377,42734.0,2.2010992,0.36,-0.40893543,0.01,2024-05-14 21:15:00
513.3037,0.77,3.5535617,50880.0,1.9413491,0.41,-0.3467875,0.03,2024-05-14 21:20:00
508.06354,0.78,3.6334558,52650.0,1.8171035,0.4,-0.3467875,0.02,2024-05-14 21:25:00
509.9477,0.89,3.6142495,64692.0,1.496001,0.46,-0.27572417,0.02,2024-05-14 21:30:00
526.64,0.76,3.515025,46303.0,2.3105679,0.42,-0.38721615,0.03,2024-05-14 21:35:00
513.06177,0.7,3.4914038,50346.0,1.9590625,0.37,-0.40893543,0.02,2024-05-14 21:40:00
524.99207,0.64,3.5283706,41213.0,2.57073,0.35,-0.455932,0.02,2024-05-14 21:45:00
518.0567,0.85,3.500014,68416.0,1.4857787,0.45,-0.27572417,0.05,2024-05-14 21:50:00
523.37695,0.73,3.6436384,42166.0,2.4886432,0.4,-0.4202164,0.01,2024-05-14 21:55:00
505.30588,0.73,3.4514635,71812.0,1.3098539,0.38,-0.30103,0.03,2024-05-14 22:05:00
509.08688,0.83,3.471671,84899.0,1.133955,0.43,-0.23657204,0.03,2024-05-14 22:10:00
510.59116,0.81,3.3249662,87243.0,1.1136706,0.42,-0.22184876,0.03,2024-05-14 22:15:00
502.93976,0.76,3.4665978,68728.0,1.3487788,0.38,-0.30103,0.06,2024-05-14 22:20:00
499.928,0.71,3.4304955,74112.0,1.2276248,0.35,-0.30103,0.03,2024-05-14 22:25:00
500.01825,0.74,3.5510423,80807.0,1.1265467,0.37,-0.30103,0.03,2024-05-14 22:30:00
497.72357,0.77,3.5447285,76675.0,1.1703768,0.38,-0.26760623,0.05,2024-05-14 22:40:00
509.12793,0.83,3.6165867,80338.0,1.1986336,0.43,-0.27572417,0.05,2024-05-14 22:45:00
503.0203,0.81,3.6143742,97966.0,0.9467068,0.41,-0.24412516,0.05,2024-05-14 22:50:00
511.88565,0.86,3.601694,91549.0,1.0696876,0.45,-0.21467017,0.03,2024-05-14 23:00:00
500.57477,0.81,3.478218,88947.0,1.0270007,0.41,-0.23657204,0.11,2024-05-14 23:05:00
508.3359,0.81,3.4516954,72578.0,1.320376,0.42,-0.27572417,0.04,2024-05-14 23:10:00
515.3954,0.92,3.414059,74084.0,1.3502812,0.49,-0.24412516,0.03,2024-05-14 23:15:00
498.56436,0.79,3.5400708,78452.0,1.1498929,0.39,-0.29242983,0.02,2024-05-14 23:20:00
531.1555,0.93,3.521278,55033.0,1.996398,0.53,-0.26760623,0.04,2024-05-14 23:25:00
513.92786,0.81,3.411891,55168.0,1.7972412,0.43,-0.3187588,0.02,2024-05-14 23:30:00
505.13162,0.79,3.2290556,74707.0,1.2577442,0.41,-0.29242983,0.02,2024-05-14 23:35:00
504.10257,0.81,3.2955425,68807.0,1.3569504,0.42,-0.29242983,0.02,2024-05-14 23:40:00
496.0773,0.84,3.2454891,82861.0,1.07189,0.42,-0.24412516,0.04,2024-05-14 23:45:00
507.24304,0.8,3.3699555,71931.0,1.3233563,0.41,-0.29242983,0.06,2024-05-14 23:50:00
517.44305,0.87,3.183583,67091.0,1.5095419,0.46,-0.27572417,0.04,2024-05-14 23:55:00
529.0688,0.96,2.5428529,75394.0,1.4395,0.54,-0.21467017,0.04,2024-05-15 00:00:00
538.1615,0.91,2.7885838,71302.0,1.6050347,0.53,-0.25181198,0.03,2024-05-15 00:05:00
532.7734,0.64,3.3247254,53806.0,2.0613482,0.37,-0.39794,0.02,2024-05-15 00:10:00
520.4728,0.89,3.5844665,48454.0,2.1284952,0.48,-0.30103,0.02,2024-05-15 00:15:00
516.22455,0.9,3.658169,57393.0,1.7517129,0.48,-0.29242983,0.01,2024-05-15 00:25:00
525.8113,0.86,3.5407484,43454.0,2.4500163,0.48,-0.32790217,0.02,2024-05-15 00:30:00
525.8113,0.86,3.584648,43454.0,2.4500163,0.48,-0.3372422,0.03,2024-05-15 00:35:00
520.5733,0.99,3.5563605,58893.0,1.7522645,0.54,-0.22914802,0.05,2024-05-15 00:40:00
515.5491,0.89,3.408152,54814.0,1.8266708,0.47,-0.23657204,0.04,2024-05-15 00:45:00
517.8314,0.95,3.3286333,68302.0,1.4862442,0.51,-0.18045606,0.02,2024-05-15 00:50:00
510.51212,0.88,3.2722776,56925.0,1.7059842,0.46,-0.23657204,0.02,2024-05-15 00:55:00
524.86615,0.95,3.364803,60854.0,1.7397116,0.52,-0.19382004,0.04,2024-05-15 01:00:00
517.4721,0.93,3.3709052,59854.0,1.6923574,0.5,-0.20760833,0.02,2024-05-15 01:05:00
516.577,0.93,3.173862,58061.0,1.7352428,0.5,-0.22914802,0.04,2024-05-15 01:10:00
516.39624,0.95,3.2455816,58176.0,1.7299266,0.51,-0.22184876,0.02,2024-05-15 01:15:00
521.56714,0.96,3.3930223,60358.0,1.7199154,0.52,-0.22184876,0.04,2024-05-15 01:20:00
520.0884,1.0,3.4609969,61573.0,1.671141,0.54,-0.20760833,0.03,2024-05-15 01:25:00
510.56277,0.94,3.410821,57537.0,1.6883596,0.49,-0.23657204,0.03,2024-05-15 01:30:00
529.53357,0.81,3.2532136,49546.0,2.1964788,0.45,-0.30980393,0.04,2024-05-15 01:35:00
508.98898,0.94,3.2548733,63903.0,1.5056262,0.49,-0.21467017,0.03,2024-05-15 01:40:00
515.51764,0.98,3.2876134,57462.0,1.7421625,0.52,-0.22184876,0.06,2024-05-15 01:50:00
513.11176,1.01,3.3268754,56022.0,1.7611098,0.53,-0.22184876,0.05,2024-05-15 01:55:00
508.971,0.94,3.4044821,58376.0,1.6479964,0.48,-0.25963733,0.08,2024-05-15 02:00:00
490.53232,0.84,3.493451,65486.0,1.3096495,0.4,-0.26760623,0.03,2024-05-15 02:05:00
500.1882,0.89,3.5494928,73690.0,1.2366563,0.45,-0.22914802,0.01,2024-05-15 02:10:00
509.8535,1.02,3.5454478,88747.0,1.0898808,0.53,-0.13667715,0.01,2024-05-15 02:15:00
509.8535,1.02,3.537994,88747.0,1.0898808,0.53,-0.14874166,0.02,2024-05-15 02:20:00
505.30466,0.85,3.494138,58140.0,1.6178627,0.43,-0.27572417,0.01,2024-05-15 02:25:00
505.69418,0.95,3.3993232,76318.0,1.2354679,0.48,-0.19382004,0.03,2024-05-15 02:30:00
509.76138,0.84,3.119391,75171.0,1.2859917,0.44,-0.22914802,0.03,2024-05-15 02:35:00
509.40814,0.97,3.2104516,80697.0,1.1953467,0.5,-0.17392519,0.04,2024-05-15 02:40:00
507.80255,0.97,3.5292773,69118.0,1.3819495,0.5,-0.20760833,0.02,2024-05-15 02:45:00
506.66153,0.79,3.3280926,75816.0,1.2510691,0.41,-0.24412516,0.05,2024-05-15 03:15:00
498.08444,0.84,3.303256,73518.0,1.2233921,0.42,-0.23657204,0.07,2024-05-15 03:20:00
528.7472,1.02,3.7286727,33411.0,3.242179,0.57,-0.38721615,0.23,2024-05-15 03:35:00
515.66864,0.99,3.4946387,49026.0,2.0438018,0.53,-0.3187588,0.26,2024-05-15 03:40:00
528.83215,1.06,3.6010692,45272.0,2.3939438,0.59,-0.3467875,0.18,2024-05-15 03:45:00
532.0389,1.16,3.9278238,50437.0,2.1896145,0.66,-0.30103,0.05,2024-05-15 03:50:00
545.9576,1.11,4.0778184,38874.0,3.0787299,0.66,-0.35654733,0.04,2024-05-15 03:55:00
525.68976,1.15,3.79,49663.0,2.1421664,0.64,-0.27572417,0.07,2024-05-15 04:00:00
521.32495,1.11,3.6781247,58116.0,1.7836859,0.6,-0.25963733,0.05,2024-05-15 04:05:00
537.3136,1.05,3.850013,43454.0,2.6207447,0.61,-0.3467875,0.12,2024-05-15 04:10:00
525.2417,1.09,3.908107,62340.0,1.7020274,0.6,-0.25181198,0.01,2024-05-15 04:35:00
521.1285,1.24,3.8697546,70763.0,1.4631815,0.67,-0.16115092,0.02,2024-05-15 04:40:00
521.1731,1.09,3.91515,53366.0,1.940687,0.59,-0.26760623,0.02,2024-05-15 04:45:00
517.31775,1.11,3.7484663,69938.0,1.4470007,0.59,-0.23657204,0.03,2024-05-15 04:55:00
517.31775,1.11,3.8303783,69938.0,1.4470007,0.59,-0.22184876,0.04,2024-05-15 05:00:00
513.27704,1.17,3.8951766,65486.0,1.5081067,0.62,-0.23657204,0.05,2024-05-15 05:05:00
523.52966,1.16,3.042384,67166.0,1.5637599,0.64,-0.20065947,0.07,2024-05-15 05:20:00
516.0304,1.11,3.583434,106680.0,0.94130486,0.59,-0.13667715,0.1,2024-05-15 05:25:00
506.09265,1.07,3.5096154,54419.0,1.7368919,0.55,-0.24412516,0.04,2024-05-15 05:35:00
538.0164,0.99,3.5866697,45964.0,2.4877336,0.58,-0.3467875,0.15,2024-05-15 05:45:00
532.6163,1.22,4.1109004,96097.0,1.1531175,0.69,-0.18045606,0.05,2024-05-15 05:50:00
536.54926,1.45,4.1829414,87362.0,1.2977986,0.83,-0.13076828,0.1,2024-05-15 05:55:00
528.6298,1.44,3.8619294,135929.0,0.7963687,0.8,0.00432137,0.05,2024-05-15 06:10:00
528.6298,1.44,3.8230486,135929.0,0.7963687,0.8,0.008600163,0.07,2024-05-15 06:15:00
535.5219,1.58,3.8675704,100218.0,1.1245872,0.91,-0.008773916,0.02,2024-05-15 06:20:00
502.7858,1.19,3.4242663,52294.0,1.7709597,0.6,-0.22914802,0.23,2024-05-15 06:25:00
524.0954,1.61,3.2768888,110826.0,0.9509069,0.88,0.037426513,0.17,2024-05-15 06:35:00
518.0183,1.53,2.9295392,109937.0,0.9244166,0.82,0.025305841,0.14,2024-05-15 06:40:00
490.5235,1.09,3.343905,67856.0,1.2638366,0.54,-0.19382004,0.06,2024-05-15 06:45:00
490.76974,1.31,3.3997207,88942.0,0.9657192,0.64,-0.09691001,0.08,2024-05-15 06:50:00
480.77747,1.15,3.5063512,85208.0,0.9455116,0.54,-0.18708667,0.13,2024-05-15 06:55:00
494.19754,1.52,3.2541974,104689.0,0.8384297,0.75,-0.0043648016,0.06,2024-05-15 07:00:00
492.2286,1.4,3.5403671,101971.0,0.85014683,0.69,-0.060480744,0.11,2024-05-15 07:05:00
495.55905,1.46,3.2580054,104416.0,0.8478522,0.72,-0.036212165,0.13,2024-05-15 07:10:00
484.38733,1.31,3.2070858,84519.0,0.9756767,0.62,-0.119186416,0.1,2024-05-15 07:15:00
493.06577,1.54,3.3816712,79007.0,1.1030685,0.75,-0.09691001,0.09,2024-05-15 07:20:00
489.8174,1.37,3.6998649,85019.0,1.0041897,0.65,-0.1426675,0.03,2024-05-15 07:25:00
496.06198,1.6,3.5164473,98603.0,0.9006759,0.79,-0.022276402,0.15,2024-05-15 07:30:00
492.04312,1.6,3.5,107320.0,0.8068269,0.78,0.02118928,0.09,2024-05-15 07:35:00
497.69604,1.71,2.866531,98859.0,0.9075875,0.85,0.0293838,0.05,2024-05-15 07:40:00
505.4713,1.77,3.279558,110069.0,0.85545546,0.91,0.064457975,0.08,2024-05-15 07:45:00
491.23706,1.4,3.3886576,84598.0,1.0183202,0.68,-0.07058106,0.08,2024-05-15 07:50:00
494.4959,1.6,2.8329842,101872.0,0.8632346,0.78,0.041392695,0.09,2024-05-15 07:55:00
491.2214,1.59,3.412023,105679.0,0.8151034,0.77,0.017033322,0.09,2024-05-15 08:00:00
500.89386,1.7,3.0107806,108815.0,0.84115267,0.85,0.13672057,0.16,2024-05-15 08:05:00
503.47107,1.63,2.9401531,124700.0,0.74582255,0.83,0.21484385,0.07,2024-05-15 08:25:00
484.5277,1.71,3.0227473,123604.0,0.66775864,0.8,0.2068259,0.03,2024-05-15 08:30:00
496.0083,1.6,2.9021544,97537.0,0.91021276,0.79,0.11394334,0.05,2024-05-15 08:40:00
502.58237,1.72,3.1755474,108709.0,0.85083985,0.87,0.13033378,0.08,2024-05-15 08:45:00
500.48233,1.65,2.9920228,101756.0,0.8972064,0.83,0.09342169,0.03,2024-05-15 08:50:00
502.97455,1.65,3.0445526,105294.0,0.8805709,0.83,0.096910015,0.04,2024-05-15 08:55:00
497.25906,1.67,3.0037642,105314.0,0.8496323,0.82,0.1105897,0.06,2024-05-15 09:00:00
495.06778,1.53,3.001833,91447.0,0.96511006,0.75,0.06069783,0.05,2024-05-15 09:10:00
486.71347,1.61,3.8639488,85532.0,0.97860754,0.76,-0.022276402,0.05,2024-05-15 09:15:00
481.5444,1.6,3.4845085,98230.0,0.8242482,0.74,0.06069783,0.14,2024-05-15 09:30:00
474.021,1.63,3.3333766,106536.0,0.7236302,0.74,0.08635984,0.07,2024-05-15 09:35:00
471.6387,1.56,3.3736036,97944.0,0.77486044,0.69,0.05690485,0.05,2024-05-15 09:40:00
480.55603,1.66,3.4675786,104697.0,0.76840496,0.77,0.07188199,0.09,2024-05-15 09:45:00
497.04358,1.72,3.1456163,110259.0,0.810433,0.85,0.07918126,0.04,2024-05-15 09:50:00
484.24344,1.7,3.458685,107585.0,0.76578516,0.8,0.07918126,0.08,2024-05-15 09:55:00
481.63315,1.72,3.5620499,116066.0,0.6979853,0.8,0.13672057,0.15,2024-05-15 10:00:00
472.03906,1.55,3.3013635,92976.0,0.81842273,0.7,0.045322984,0.06,2024-05-15 10:05:00
495.0295,1.68,3.583546,109278.0,0.80743784,0.82,0.09342169,0.01,2024-05-15 10:15:00
486.62506,1.6,3.5710084,98097.0,0.85277784,0.76,0.05690485,0.02,2024-05-15 10:20:00
486.7421,1.77,3.535548,110570.0,0.75714564,0.84,0.13672057,0.02,2024-05-15 10:25:00
487.4323,1.75,3.5635235,109492.0,0.76798034,0.83,0.12057395,0.05,2024-05-15 10:30:00
484.45935,1.69,3.5013855,106265.0,0.77637416,0.79,0.09342169,0.03,2024-05-15 10:35:00
486.83847,1.82,3.3738406,115566.0,0.7248602,0.86,0.14612804,0.02,2024-05-15 10:40:00
488.57434,1.85,3.2280335,118195.0,0.7166338,0.88,0.17026173,0.03,2024-05-15 10:45:00
488.3556,1.7,3.4198246,102695.0,0.8236479,0.81,0.117271274,0.05,2024-05-15 10:50:00
486.44904,1.65,3.3604314,105568.0,0.7915351,0.78,0.08278538,0.1,2024-05-15 10:55:00
487.5572,1.6,3.7251713,103821.0,0.8105757,0.76,0.041392695,0.02,2024-05-15 11:00:00
478.29752,1.55,3.6303167,99726.0,0.7949633,0.71,0.037426513,0.04,2024-05-15 11:10:00
483.41708,1.65,3.6718524,96317.0,0.85083765,0.77,0.053078443,0.03,2024-05-15 11:15:00
483.56003,1.61,3.678872,96692.0,0.8483181,0.75,0.033423774,0.01,2024-05-15 11:20:00
478.60468,1.54,2.6833932,99442.0,0.79882854,0.71,0.045322984,0.08,2024-05-15 11:25:00
469.42197,1.52,3.0173829,98896.0,0.7562291,0.67,0.025305841,0.03,2024-05-15 11:30:00
486.83755,1.63,3.2844026,95011.0,0.8816739,0.77,0.037426513,0.09,2024-05-15 11:35:00
481.43924,1.6,2.888131,108092.0,0.74853706,0.75,0.08278538,0.05,2024-05-15 11:40:00
471.26718,1.52,2.7709022,110397.0,0.6857704,0.68,0.07918126,0.04,2024-05-15 11:45:00
472.99097,1.47,2.9154415,105355.0,0.7268034,0.67,0.05690485,0.03,2024-05-15 11:50:00
460.44162,1.41,3.092216,105234.0,0.6692088,0.6,0.033423774,0.03,2024-05-15 11:55:00
466.08044,1.4,2.9523213,86445.0,0.846124,0.61,-0.0043648016,0.03,2024-05-15 12:00:00
462.21732,1.36,3.0037644,90556.0,0.7870536,0.58,-0.0043648016,0.05,2024-05-15 12:05:00
479.12558,1.53,3.084088,99461.0,0.8013851,0.71,0.07918126,0.01,2024-05-15 12:10:00
464.01794,1.4,3.136399,92967.0,0.77597743,0.6,0.0293838,0.02,2024-05-15 12:15:00
464.41406,1.4,3.169022,119717.0,0.6041932,0.6,0.07554698,0.02,2024-05-15 12:20:00
466.02432,1.51,3.1625464,109994.0,0.66472524,0.66,0.08990512,0.02,2024-05-15 12:25:00
471.65512,1.61,3.1587813,96810.0,0.7840219,0.71,0.096910015,0.01,2024-05-15 12:30:00
468.10876,1.52,3.0973053,99855.0,0.7424631,0.67,0.07918126,0.02,2024-05-15 12:35:00
461.2965,1.39,2.9474905,114994.0,0.6159569,0.59,0.06818584,0.01,2024-05-15 12:40:00
475.90997,1.66,3.0676863,103695.0,0.7527176,0.75,0.1105897,0.01,2024-05-15 12:45:00
469.95926,1.31,2.8801734,89211.0,0.84131813,0.58,-0.013228253,0.03,2024-05-15 12:50:00
453.0123,1.22,3.1941197,133979.0,0.49967644,0.5,0.0293838,0.04,2024-05-15 12:55:00
462.6984,1.44,3.1573565,102585.0,0.69701797,0.62,0.053078443,0.02,2024-05-15 13:00:00
454.7155,1.3,3.0329194,133960.0,0.5056197,0.54,0.064457975,0.02,2024-05-15 13:05:00
465.30185,1.58,2.957854,104281.0,0.69776374,0.68,0.10037054,0.04,2024-05-15 13:10:00
465.09344,1.46,3.1783957,99433.0,0.7307644,0.63,0.05690485,0.02,2024-05-15 13:15:00
452.25516,1.2,3.2375607,137078.0,0.48584342,0.49,0.041392695,0.03,2024-05-15 13:20:00
462.07846,1.74,3.253598,93918.0,0.7581698,0.74,0.13033378,0.01,2024-05-15 13:25:00
458.1037,1.33,3.1611707,88056.0,0.78718466,0.56,0.0,0.02,2024-05-15 13:30:00
451.44223,1.41,3.0977087,97332.0,0.6804186,0.57,0.033423774,0.01,2024-05-15 13:40:00
451.11816,1.43,3.1337037,116422.0,0.5675785,0.59,0.07554698,0.02,2024-05-15 13:45:00
465.3636,1.53,3.0138679,94622.0,0.769309,0.67,0.06069783,0.01,2024-05-15 13:50:00
462.10376,1.53,3.2017963,94763.0,0.75153714,0.66,0.06069783,0.01,2024-05-15 13:55:00
460.81238,1.57,3.228467,88448.0,0.79821134,0.67,0.064457975,0.04,2024-05-15 14:00:00
470.02808,1.71,3.202327,102197.0,0.7347482,0.76,0.12385166,0.01,2024-05-15 14:05:00
461.3046,1.52,3.3875508,108177.0,0.65480834,0.65,0.08278538,0.01,2024-05-15 14:10:00
459.64023,1.54,3.3819816,99491.0,0.7040099,0.65,0.06818584,0.01,2024-05-15 14:15:00
451.3758,1.44,3.4208915,106211.0,0.62325156,0.59,0.045322984,0.03,2024-05-15 14:20:00
455.02237,1.39,3.4667852,107231.0,0.6329811,0.58,0.02118928,0.01,2024-05-15 14:25:00
458.43027,1.49,3.4033217,74962.0,0.9267399,0.63,0.025305841,0.04,2024-05-15 14:35:00
456.3267,1.46,3.4414675,105905.0,0.646643,0.61,0.049218025,0.05,2024-05-15 14:40:00
454.34186,1.47,3.4517388,89194.0,0.75744665,0.61,0.00432137,0.01,2024-05-15 14:45:00
472.33258,1.53,3.5238614,77539.0,0.9832608,0.68,-0.0043648016,0.01,2024-05-15 14:50:00
461.4277,1.5,3.6438715,84173.0,0.8422425,0.64,0.0,0.01,2024-05-15 15:30:00
456.40204,1.4,3.5940504,85695.0,0.7995557,0.59,-0.031517047,0.01,2024-05-15 15:35:00
457.45953,1.51,3.655147,84497.0,0.81675506,0.63,-0.0043648016,0.02,2024-05-15 15:40:00
462.8848,1.6,3.6182318,106214.0,0.67404777,0.69,0.06818584,0.01,2024-05-15 15:45:00
458.90875,1.37,3.473514,82382.0,0.84601295,0.57,-0.0409586,0.01,2024-05-15 15:50:00
459.46417,1.56,3.5257623,96243.0,0.7269013,0.66,0.064457975,0.03,2024-05-15 15:55:00
435.19577,1.52,3.5093303,77643.0,0.76098883,0.57,0.02118928,0.02,2024-05-15 16:00:00
453.62195,1.37,3.4647512,81642.0,0.8234367,0.57,-0.008773916,0.02,2024-05-15 16:05:00
457.39844,1.5,3.3152678,82752.0,0.83363146,0.63,0.012837212,0.01,2024-05-15 16:10:00
452.42865,1.41,3.3357909,79648.0,0.8371587,0.58,-0.022276402,0.01,2024-05-15 16:15:00
454.63,1.53,3.35936,91067.0,0.74333376,0.63,0.037426513,0.01,2024-05-15 16:20:00
459.46634,1.47,3.3185086,76218.0,0.9178958,0.62,-0.008773916,0.02,2024-05-15 16:25:00
454.54578,1.51,3.5105696,79282.0,0.8533354,0.62,-0.0043648016,0.01,2024-05-15 16:30:00
446.59662,1.37,3.4632356,93165.0,0.68736786,0.55,-0.008773916,0.01,2024-05-15 16:35:00
450.95648,1.61,3.4900718,85462.0,0.77233064,0.66,0.049218025,0.01,2024-05-15 16:40:00
452.82147,1.52,3.4570796,85347.0,0.7833714,0.62,0.0293838,0.01,2024-05-15 16:45:00
453.15622,1.5,3.4696686,78402.0,0.8547279,0.62,0.012837212,0.01,2024-05-15 16:50:00
454.82153,1.48,3.3324316,78654.0,0.86177415,0.61,0.0,0.01,2024-05-15 16:55:00
452.61417,1.56,3.4542437,79847.0,0.8361387,0.64,0.033423774,0.01,2024-05-15 17:00:00
446.4787,1.42,3.4960263,90675.0,0.70566297,0.57,0.017033322,0.03,2024-05-15 17:10:00
450.96082,1.55,3.5171154,101700.0,0.64903533,0.63,0.07188199,0.03,2024-05-15 17:15:00
448.74188,1.48,3.4263098,88007.0,0.7385901,0.6,0.02118928,0.01,2024-05-15 17:20:00
448.86862,1.47,3.423288,87695.0,0.74186957,0.6,0.02118928,0.01,2024-05-15 17:25:00
449.4237,1.48,3.4762766,81391.0,0.802411,0.6,0.017033322,0.02,2024-05-15 17:30:00
447.86804,1.42,3.432987,73419.0,0.87998843,0.57,-0.013228253,0.01,2024-05-15 17:35:00
449.07944,1.44,3.616407,75816.0,0.8593625,0.58,-0.031517047,0.01,2024-05-15 17:40:00
444.94785,1.48,3.5065796,84173.0,0.752088,0.59,0.017033322,0.01,2024-05-15 18:05:00
441.03436,1.36,3.510641,97831.0,0.62953717,0.53,0.00432137,0.02,2024-05-15 18:10:00
442.40732,1.36,3.5040832,86574.0,0.7183112,0.53,-0.013228253,0.01,2024-05-15 18:15:00
447.13553,1.51,3.4866745,89716.0,0.71647745,0.6,0.0293838,0.03,2024-05-15 18:20:00
444.04453,1.39,3.5442066,79342.0,0.79284966,0.55,-0.026872149,0.01,2024-05-15 18:25:00
442.67178,1.35,3.5272367,81870.0,0.76099753,0.53,-0.031517047,0.01,2024-05-15 18:30:00
448.35507,1.46,3.5524356,88747.0,0.73046786,0.59,0.012837212,0.01,2024-05-15 18:35:00
449.32346,1.49,3.5967069,83043.0,0.78590244,0.6,0.0,0.02,2024-05-15 18:45:00
444.70312,1.38,3.5621343,79517.0,0.7947632,0.55,-0.031517047,0.02,2024-05-15 18:50:00
442.3618,1.33,3.5687113,79730.0,0.7797208,0.52,-0.05061,0.02,2024-05-15 18:55:00
438.8454,1.2,3.5850384,78652.0,0.77101225,0.46,-0.10237289,0.01,2024-05-15 19:00:00
437.78207,1.17,3.5387003,75816.0,0.79383534,0.45,-0.10237289,0.02,2024-05-15 19:05:00
437.7836,1.09,3.5635517,86445.0,0.69623536,0.42,-0.119186416,0.02,2024-05-15 19:10:00
441.05634,1.36,3.5346003,80447.0,0.7656943,0.53,-0.031517047,0.01,2024-05-15 19:15:00
447.4631,1.73,3.5202842,88747.0,0.72595346,0.69,0.09342169,0.02,2024-05-15 19:25:00
449.1472,1.49,3.3883033,77741.0,0.8384769,0.6,0.00432137,0.02,2024-05-15 19:30:00
446.77618,1.58,3.5461247,81602.0,0.7857505,0.63,0.008600163,0.47,2024-05-15 19:35:00
445.70227,2.38,4.4074144,97762.0,0.65097123,0.95,0.00432137,0.24,2024-05-15 19:40:00
445.54834,2.5,5.158944,105001.0,0.6054404,1.0,-0.08092192,0.48,2024-05-15 19:45:00
449.97476,2.91,5.167224,111450.0,0.58823365,1.19,0.00432137,0.54,2024-05-15 19:50:00
452.16782,2.33,4.3769054,99536.0,0.6686869,0.96,0.017033322,0.37,2024-05-15 19:55:00
460.49588,2.82,4.9798193,112970.0,0.62361115,1.2,0.017033322,0.44,2024-05-15 20:00:00
455.45068,2.8,5.31655,111751.0,0.6091604,1.17,-0.026872149,0.39,2024-05-15 20:05:00
447.30002,2.78,5.6932764,129645.0,0.49637952,1.12,-0.07058106,0.27,2024-05-15 20:10:00
444.18414,2.26,4.8183293,102430.0,0.6147405,0.89,-0.09691001,0.48,2024-05-15 20:15:00
447.214,2.32,5.0021996,91460.0,0.70319927,0.93,-0.10237289,0.82,2024-05-15 20:20:00
443.75327,2.38,5.216829,99677.0,0.62981355,0.94,-0.10237289,0.43,2024-05-15 20:25:00
438.59607,2.63,5.3550725,117453.0,0.51539314,1.02,-0.08618615,0.25,2024-05-15 20:30:00
442.6313,2.6,5.2528853,107287.0,0.5805468,1.03,-0.12493874,0.44,2024-05-15 20:35:00
441.65527,2.22,5.11269,91258.0,0.67784286,0.87,-0.18045606,0.69,2024-05-15 20:40:00
447.5448,3.64,6.056955,155706.0,0.41400343,1.46,0.017033322,0.22,2024-05-15 20:45:00
442.79956,3.11,5.6547413,131251.0,0.4751115,1.23,-0.060480744,0.34,2024-05-15 20:50:00
443.9247,3.2,5.995715,123583.0,0.508593,1.26,-0.036212165,0.35,2024-05-15 20:55:00
444.13306,3.28,6.212254,139264.0,0.4519856,1.3,-0.06550154,0.32,2024-05-15 21:00:00
438.8674,3.11,6.23199,126650.0,0.4788877,1.2,-0.12493874,0.15,2024-05-15 21:05:00
439.76205,3.27,6.417367,152959.0,0.39904058,1.27,-0.05061,0.06,2024-05-15 21:10:00
438.05374,3.11,6.268756,147413.0,0.40906686,1.19,-0.07058106,0.11,2024-05-15 21:15:00
443.0172,3.12,6.640662,145189.0,0.43015882,1.23,-0.09691001,0.03,2024-05-15 21:20:00
439.88504,3.24,6.602795,133964.0,0.456018,1.25,-0.09691001,0.04,2024-05-15 21:25:00
440.35443,3.38,6.540107,126652.0,0.4839494,1.32,-0.08618615,0.05,2024-05-15 21:30:00
430.25226,3.28,6.158904,148922.0,0.38289216,1.22,-0.036212165,0.09,2024-05-15 21:35:00
433.32233,3.18,6.1054482,147984.0,0.39394286,1.2,-0.036212165,0.03,2024-05-15 21:40:00
429.5549,3.31,6.237636,134197.0,0.4227655,1.22,-0.036212165,0.05,2024-05-15 21:45:00
435.88165,3.54,6.1811166,139842.0,0.42459214,1.34,-0.013228253,0.09,2024-05-15 21:50:00
432.79337,3.56,6.206988,129326.0,0.44906673,1.34,-0.017728778,0.07,2024-05-15 21:55:00
426.51938,3.12,6.156176,130937.0,0.42383045,1.14,-0.07058106,0.05,2024-05-15 22:00:00
428.40347,3.29,6.166863,126096.0,0.44618216,1.21,-0.05061,0.03,2024-05-15 22:05:00
422.05658,2.92,6.2159796,171044.0,0.31399754,1.04,-0.05551733,0.1,2024-05-15 22:10:00
428.38358,2.68,6.1661496,134156.0,0.41931525,0.99,-0.16115092,0.12,2024-05-15 22:30:00
423.066,2.36,6.0616336,100526.0,0.53825164,0.85,-0.24412516,0.06,2024-05-15 22:35:00
435.31992,3.4,5.919814,112587.0,0.5252643,1.29,-0.060480744,0.05,2024-05-15 22:40:00
429.79266,3.21,5.8853207,137294.0,0.41394144,1.19,-0.05551733,0.03,2024-05-15 22:45:00
433.204,3.94,6.1183167,119267.0,0.48838073,1.48,0.008600163,0.05,2024-05-15 22:50:00
421.3154,2.69,6.189709,99582.0,0.5363854,0.96,-0.19382004,0.08,2024-05-15 22:55:00
423.4516,3.19,6.0539737,130611.0,0.415447,1.14,-0.0409586,0.03,2024-05-15 23:00:00
420.74063,2.67,6.1356907,99894.0,0.5324425,0.95,-0.18708667,0.02,2024-05-15 23:05:00
424.5735,3.4,5.9446363,119280.0,0.4586748,1.23,-0.031517047,0.09,2024-05-15 23:10:00
427.72406,3.09,6.020814,123648.0,0.4527731,1.13,-0.060480744,0.04,2024-05-15 23:15:00
426.28653,2.88,6.057598,115077.0,0.48142412,1.05,-0.11350928,0.08,2024-05-15 23:20:00
419.88443,2.62,5.9641347,93079.0,0.5678145,0.93,-0.18045606,0.14,2024-05-15 23:25:00
419.78372,3.4,5.795886,152462.0,0.34639552,1.2,0.05690485,0.11,2024-05-15 23:30:00
426.10596,3.34,5.8053164,108252.0,0.51110196,1.21,-0.013228253,0.01,2024-05-15 23:35:00
414.65115,2.71,5.8018017,117661.0,0.4319858,0.93,-0.08618615,0.03,2024-05-15 23:50:00
424.5021,3.22,5.8312345,98116.0,0.55732095,1.17,-0.05061,0.01,2024-05-15 23:55:00
420.37042,3.08,5.8319383,109278.0,0.4853883,1.09,-0.05551733,0.03,2024-05-16 00:00:00
419.41418,2.84,5.732765,97949.0,0.53770393,1.0,-0.09691001,0.13,2024-05-16 00:25:00
427.22827,3.39,5.6805105,97079.0,0.5746116,1.24,-0.026872149,0.07,2024-05-16 00:30:00
426.85742,3.45,5.6410465,101424.0,0.54851055,1.26,0.0,0.05,2024-05-16 00:35:00
424.1365,3.22,5.592298,113562.0,0.4802278,1.17,0.0,0.05,2024-05-16 00:40:00
420.4281,3.03,5.4511743,104196.0,0.5092799,1.07,-0.031517047,0.05,2024-05-16 00:45:00
429.7486,3.3,5.3704376,117118.0,0.4850965,1.22,0.033423774,0.06,2024-05-16 00:50:00
425.62262,3.16,5.243243,126095.0,0.43723124,1.14,0.041392695,0.04,2024-05-16 00:55:00
413.03745,2.58,5.4391546,109870.0,0.45703676,0.88,-0.08092192,0.05,2024-05-16 01:00:00
421.85223,3.02,5.5034623,112684.0,0.47590154,1.08,-0.013228253,0.05,2024-05-16 01:05:00
413.06396,2.53,5.4909744,89838.0,0.5590581,0.87,-0.119186416,0.03,2024-05-16 01:10:00
414.8945,2.97,5.4664154,103636.0,0.49134275,1.02,-0.031517047,0.05,2024-05-16 01:15:00
417.634,3.09,5.3415914,96234.0,0.5400875,1.08,-0.017728778,0.1,2024-05-16 01:20:00
421.9363,3.05,5.30099,124754.0,0.43012467,1.09,0.025305841,0.17,2024-05-16 01:25:00
419.5432,3.17,5.0579543,113138.0,0.46596217,1.11,0.064457975,0.04,2024-05-16 01:30:00
417.53833,3.26,5.0841026,104798.0,0.4955985,1.14,0.06818584,0.01,2024-05-16 01:35:00
406.58865,2.54,5.1841493,105799.0,0.4519329,0.85,-0.05061,0.02,2024-05-16 01:40:00
417.93887,3.12,5.1631193,92739.0,0.5617161,1.1,0.025305841,0.06,2024-05-16 01:45:00
418.19202,2.75,5.0945554,101705.0,0.51316327,0.96,0.0,0.09,2024-05-16 01:50:00
417.87085,2.98,5.0419245,121044.0,0.430146,1.04,0.07554698,0.06,2024-05-16 01:55:00
422.2885,3.06,4.995808,107659.0,0.49971974,1.09,0.049218025,0.04,2024-05-16 02:00:00
423.4098,3.24,4.971549,116538.0,0.4654728,1.16,0.12057395,0.1,2024-05-16 02:05:00
427.59317,3.41,4.9417505,121160.0,0.46163073,1.25,0.13033378,0.22,2024-05-16 02:10:00
417.86844,3.03,5.1842937,99562.0,0.52294713,1.06,0.025305841,0.04,2024-05-16 02:15:00
417.1753,3.29,5.1817565,117243.0,0.44179425,1.15,0.08990512,0.05,2024-05-16 02:20:00
405.55338,2.58,5.1050076,73690.0,0.6437247,0.85,-0.119186416,0.03,2024-05-16 02:25:00
411.91373,3.01,4.8315835,104699.0,0.47555923,1.02,0.045322984,0.1,2024-05-16 02:30:00
418.61737,3.43,4.9388056,99672.0,0.5252901,1.2,0.10720996,0.02,2024-05-16 02:35:00
426.74234,3.87,4.571619,111874.0,0.49685764,1.41,0.17609127,0.03,2024-05-16 02:40:00
431.85724,4.23,4.6576176,113955.0,0.50621605,1.58,0.22271647,0.04,2024-05-16 02:45:00
437.10117,3.89,4.8779197,138812.0,0.43147922,1.49,0.24054927,0.03,2024-05-16 02:50:00
435.66116,4.02,4.856233,119267.0,0.49705586,1.53,0.23044895,0.12,2024-05-16 02:55:00
430.62646,3.89,4.877028,126907.0,0.45053145,1.44,0.22530928,0.04,2024-05-16 03:00:00
426.5211,3.48,4.493061,109507.0,0.5067784,1.27,0.15533602,0.14,2024-05-16 03:10:00
428.81805,3.69,4.678226,125250.0,0.4505506,1.36,0.22530928,0.17,2024-05-16 03:15:00
419.82166,2.99,4.3845525,85532.0,0.61762863,1.05,0.012837212,0.22,2024-05-16 03:20:00
419.82166,2.99,4.048679,85532.0,0.61762863,1.05,0.05690485,0.19,2024-05-16 03:25:00
421.29605,3.18,4.8629827,81043.0,0.6589921,1.13,0.045322984,0.11,2024-05-16 03:35:00
425.60458,3.34,5.0904717,87567.0,0.6295226,1.21,0.06069783,0.02,2024-05-16 03:50:00
425.9089,3.62,5.0848894,87486.0,0.6315091,1.31,0.09342169,0.07,2024-05-16 03:55:00
419.99078,3.12,5.081004,75501.0,0.7005641,1.11,0.0,0.14,2024-05-16 04:00:00
417.40417,3.04,4.9309125,77128.0,0.67272323,1.06,0.012837212,0.03,2024-05-16 04:05:00
420.3471,3.19,4.8695173,88569.0,0.5987773,1.13,0.053078443,0.01,2024-05-16 04:10:00
417.56985,2.85,5.076475,74214.0,0.70000184,1.0,-0.036212165,0.06,2024-05-16 04:15:00
418.8607,2.89,5.0810823,72354.0,0.7249288,1.02,-0.0409586,0.06,2024-05-16 04:20:00
417.05328,2.99,5.198163,62676.0,0.8256771,1.04,-0.05551733,0.03,2024-05-16 04:25:00
418.49893,3.26,5.263582,67628.0,0.7735052,1.14,-0.017728778,0.03,2024-05-16 04:30:00
419.6365,3.2,5.30447,81932.0,0.64388186,1.13,-0.008773916,0.04,2024-05-16 04:35:00
418.27945,3.13,5.1946416,70069.0,0.7453404,1.09,-0.0409586,0.03,2024-05-16 04:40:00
411.88065,3.11,4.916391,82824.0,0.60101086,1.05,0.00432137,0.08,2024-05-16 04:45:00
419.07434,3.21,4.85338,91526.0,0.57398814,1.13,0.08635984,0.09,2024-05-16 04:50:00
417.07242,3.31,5.040605,93208.0,0.55529064,1.15,0.07554698,0.14,2024-05-16 04:55:00
410.99033,3.14,5.0913754,82824.0,0.59697586,1.06,0.02118928,0.04,2024-05-16 05:00:00
406.48505,2.77,5.2349405,84366.0,0.566296,0.92,-0.05061,0.03,2024-05-16 05:05:00
405.3667,2.85,5.236115,91549.0,0.5174075,0.94,-0.031517047,0.08,2024-05-16 05:10:00
399.48456,1.94,5.449128,42524.0,1.0643651,0.62,-0.3187588,0.79,2024-05-16 05:15:00
419.06583,4.62,6.094022,58629.0,0.8959987,1.67,-0.08618615,0.89,2024-05-16 05:20:00
436.87787,5.23,8.64295,68395.0,0.8743225,2.0,-0.25181198,0.88,2024-05-16 05:25:00
416.95825,3.91,6.819457,54734.0,0.94481385,1.39,-0.26760623,0.39,2024-05-16 05:30:00
421.759,3.98,7.896588,63360.0,0.84579563,1.44,-0.32790217,1.31,2024-05-16 05:35:00
417.9674,3.85,7.7445593,73120.0,0.7125829,1.36,-0.29242983,0.92,2024-05-16 05:40:00
437.89197,5.17,7.408772,65301.0,0.92238206,1.99,-0.24412516,1.56,2024-05-16 05:45:00
419.71024,3.92,6.291534,61720.0,0.855207,1.39,-0.07572073,0.64,2024-05-16 05:50:00
402.2482,2.59,5.690079,52806.0,0.8757137,0.84,-0.25963733,0.5,2024-05-16 05:55:00
430.8801,4.96,8.482341,72271.0,0.79257935,1.85,-0.25181198,2.31,2024-05-16 06:00:00
434.01498,6.34,5.477089,71323.0,0.82144356,2.4,-0.32790217,3.66,2024-05-16 06:10:00
457.0142,18.85,5.7357388,153156.0,0.449244,7.88,0.21748395,2.97,2024-05-16 06:15:00
449.77847,13.68,9.832329,122014.0,0.53657496,5.54,-0.08092192,1.07,2024-05-16 06:20:00
454.66202,10.82,7.6225123,108745.0,0.622631,4.75,-0.13667715,0.66,2024-05-16 06:25:00
464.17892,14.09,7.0007,77515.0,0.93166786,6.28,-0.06550154,0.61,2024-05-16 06:30:00
438.10202,8.4,5.6975784,58978.0,1.0227958,3.27,-0.29242983,0.34,2024-05-16 06:35:00
459.06342,11.88,5.133634,91599.0,0.76168287,5.09,-0.09691001,0.4,2024-05-16 06:40:00
452.94733,11.85,5.5920835,96260.0,0.69516164,4.92,-0.09151498,0.74,2024-05-16 06:45:00
423.9283,7.18,5.9606123,61025.0,0.8922956,2.59,-0.36653155,0.63,2024-05-16 06:50:00
438.94916,12.48,5.935857,100775.0,0.60219604,4.96,-0.0409586,0.78,2024-05-16 06:55:00
446.29498,13.8,4.870185,109671.0,0.58268887,5.71,-0.07058106,0.8,2024-05-16 07:00:00
474.75488,18.43,9.765757,133894.0,0.57855344,8.33,0.008600163,0.47,2024-05-16 07:05:00
481.45773,19.4,6.447852,135086.0,0.59902984,9.07,0.041392695,0.52,2024-05-16 07:10:00
465.27432,20.03,4.1509156,209647.0,0.34701234,8.73,0.22010809,0.18,2024-05-16 07:15:00
441.2915,20.13,4.697457,171230.0,0.36033466,7.84,0.15228835,0.53,2024-05-16 07:20:00
463.97092,23.47,8.015934,155637.0,0.46337017,10.15,0.21484385,0.25,2024-05-16 07:25:00
469.24298,24.23,9.007341,196506.0,0.38013747,10.67,0.30319607,0.15,2024-05-16 07:30:00
454.93884,20.75,9.622505,141373.0,0.47983995,8.64,0.17026173,0.17,2024-05-16 07:35:00
460.21616,20.64,10.9155855,116883.0,0.6015949,8.76,0.096910015,0.15,2024-05-16 07:40:00
447.24484,25.17,11.513318,121068.0,0.53134125,10.05,0.19589968,0.26,2024-05-16 07:45:00
430.54996,20.87,11.930877,163227.0,0.35008907,7.74,0.1492191,0.38,2024-05-16 07:50:00
455.01355,21.41,12.117483,117320.0,0.5785128,8.88,0.10037054,0.17,2024-05-16 07:55:00
431.82788,20.62,12.003141,134214.0,0.42971402,7.69,0.16136801,0.17,2024-05-16 08:00:00
436.12155,21.05,11.933198,138812.0,0.42847595,8.01,0.17026173,0.44,2024-05-16 08:05:00
453.43835,20.67,12.159519,133644.0,0.50239706,8.5,0.16136801,0.15,2024-05-16 08:10:00
455.21384,20.58,11.657825,166875.0,0.4072759,8.55,0.23044895,0.3,2024-05-16 08:15:00
448.6414,19.08,11.45075,151314.0,0.4292781,7.69,0.19312459,0.29,2024-05-16 08:20:00
448.62442,20.18,12.22304,123836.0,0.5244689,8.14,0.13672057,0.37,2024-05-16 08:30:00
456.54575,20.17,10.971062,119083.0,0.57594377,8.39,0.14612804,0.47,2024-05-16 08:40:00
457.2454,19.21,11.012329,143385.0,0.48061404,8.08,0.18752073,0.35,2024-05-16 08:45:00
467.2018,24.0,9.839416,176608.0,0.41726542,10.49,0.41161972,0.54,2024-05-16 08:50:00
461.17487,21.55,9.502847,149880.0,0.47219914,9.18,0.29446626,0.36,2024-05-16 08:55:00
462.63312,21.54,11.334611,149334.0,0.4786063,9.22,0.24054927,0.28,2024-05-16 09:00:00
461.9166,20.85,10.784902,159662.0,0.44549215,8.91,0.26717174,0.25,2024-05-16 09:05:00
453.8475,20.52,10.553753,147642.0,0.4560432,8.45,0.3138672,0.63,2024-05-16 09:10:00
452.99213,20.08,9.627035,151302.0,0.44240576,8.25,0.30749604,0.28,2024-05-16 09:15:00
460.39514,20.63,9.5056505,169481.0,0.41539392,8.77,0.35410845,0.4,2024-05-16 09:20:00
466.11804,21.46,10.053661,160660.0,0.45538136,9.32,0.35218254,0.26,2024-05-16 09:25:00
466.64038,18.16,10.472918,142723.0,0.5144026,7.91,0.24551268,0.3,2024-05-16 09:30:00
465.6651,22.03,9.262208,148840.0,0.49005967,9.56,0.2922561,0.34,2024-05-16 09:35:00
470.09338,18.58,9.716116,140920.0,0.53307927,8.2,0.2068259,0.14,2024-05-16 09:40:00
457.67072,17.51,10.87402,137655.0,0.502071,7.34,0.10037054,0.35,2024-05-16 09:45:00
440.1502,16.32,11.352643,118195.0,0.5178283,6.32,0.041392695,0.13,2024-05-16 09:50:00
461.33383,16.95,11.641762,133076.0,0.53239644,7.22,0.049218025,0.33,2024-05-16 09:55:00
462.92218,17.81,5.8989744,156388.0,0.45790794,7.64,0.37106785,1.52,2024-05-16 10:00:00
462.79153,19.31,10.155895,150649.0,0.47493455,8.29,0.22530928,0.21,2024-05-16 10:05:00
469.47876,25.28,6.5588264,144741.0,0.5168971,11.09,0.38021126,0.81,2024-05-16 10:10:00
463.10977,28.06,7.7469673,118549.0,0.60482734,12.08,0.59549624,1.55,2024-05-16 10:15:00
460.86816,26.89,7.708612,121817.0,0.5797778,11.46,0.60959446,2.09,2024-05-16 10:20:00
461.58463,43.51,3.4462442,77066.0,0.92088795,18.54,1.2016703,1.19,2024-05-16 10:25:00
457.73822,34.93,4.1864305,59874.0,1.1548303,14.66,0.8555192,0.83,2024-05-16 10:30:00
465.32062,39.25,2.8598251,83470.0,0.8718417,17.0,1.1095786,2.0,2024-05-16 10:35:00
447.8987,18.43,1.9399484,112698.0,0.5734054,7.41,0.8615344,1.27,2024-05-16 10:40:00
455.71255,36.27,1.420704,63137.0,1.0801307,15.07,1.2227166,0.52,2024-05-16 10:45:00
454.9888,36.03,2.5873926,69021.0,0.9831735,14.92,1.0948204,0.65,2024-05-16 10:50:00
451.4732,35.07,2.1903882,59677.0,1.1099862,14.3,1.1105897,0.68,2024-05-16 10:55:00
452.4924,34.66,3.4846232,64673.0,1.0314547,14.2,1.1989319,0.14,2024-05-16 11:00:00
449.90176,34.7,3.5266132,63350.0,1.0343416,14.05,1.155943,0.18,2024-05-16 11:05:00
448.28198,32.42,3.3844497,59125.0,1.0958805,13.01,1.0413927,0.42,2024-05-16 11:10:00
454.2754,32.33,4.240071,64143.0,1.0527874,13.35,0.9813655,0.39,2024-05-16 11:15:00
458.28793,31.37,3.5066793,56031.0,1.2386563,13.17,1.0382227,0.89,2024-05-16 11:20:00
460.6926,35.48,2.7687,85988.0,0.82038283,15.06,1.0220158,0.98,2024-05-16 11:25:00
453.6494,32.69,3.3266501,53791.0,1.2500174,13.46,0.9881128,0.39,2024-05-16 11:30:00
451.064,33.62,2.7915227,56189.0,1.1755668,13.68,1.0051805,0.36,2024-05-16 11:35:00
455.4071,33.1,2.376994,57021.0,1.1934905,13.73,1.0595634,0.34,2024-05-16 11:40:00
458.4492,35.1,2.6481123,69351.0,1.0018485,14.77,1.1883659,0.13,2024-05-16 11:45:00
460.59723,34.35,1.1456876,69025.0,1.0213346,14.59,1.3163898,0.28,2024-05-16 11:50:00
458.01956,35.33,2.1697927,67883.0,1.0205309,14.85,1.2440296,0.15,2024-05-16 11:55:00
458.84625,32.73,3.5739336,57021.0,1.2217726,13.79,1.2268577,0.05,2024-05-16 12:00:00
459.3622,31.36,3.634364,55544.0,1.2586572,13.23,1.2172207,0.13,2024-05-16 12:05:00
457.89417,32.3,2.9998167,57812.0,1.1972891,13.55,1.1894904,0.67,2024-05-16 12:10:00
445.1917,19.1,2.9760544,51372.0,1.2343994,7.74,0.8627275,1.16,2024-05-16 12:15:00
450.80115,24.73,2.8391018,54937.0,1.200178,10.19,0.81557775,0.84,2024-05-16 12:20:00
457.7236,32.44,3.1983435,55510.0,1.2454953,13.59,1.1105897,1.03,2024-05-16 12:25:00
457.5952,32.45,2.8943565,56742.0,1.2173892,13.59,1.1423895,0.6,2024-05-16 12:30:00
457.79327,29.24,1.3121357,55090.0,1.2555856,12.29,1.1525941,0.89,2024-05-16 12:35:00
454.58182,21.93,5.070789,55801.0,1.2127172,9.18,0.7234557,2.07,2024-05-16 12:40:00
452.1423,17.69,9.18539,58254.0,1.1423547,7.28,0.22271647,0.82,2024-05-16 12:45:00
442.47952,12.22,9.825563,52251.0,1.190765,4.79,-0.026872149,0.04,2024-05-16 12:50:00
442.35095,11.99,9.894549,51940.0,1.1968118,4.69,-0.0409586,0.04,2024-05-16 12:55:00
442.9323,12.47,9.678213,53366.0,1.1696037,4.89,-0.017728778,0.11,2024-05-16 13:00:00
441.3077,11.72,9.642743,44432.0,1.3887999,4.56,-0.045757502,0.02,2024-05-16 13:05:00
440.9124,12.02,9.613975,48112.0,1.279,4.67,-0.017728778,0.02,2024-05-16 13:15:00
440.9124,12.02,9.546241,48112.0,1.279,4.67,-0.017728778,0.04,2024-05-16 13:20:00
439.74792,12.31,9.530289,46421.0,1.3147227,4.76,-0.0043648016,0.02,2024-05-16 13:25:00
438.0447,12.29,9.133811,48853.0,1.2342721,4.71,0.033423774,0.13,2024-05-16 14:20:00
438.011,12.28,8.921569,50449.0,1.1949382,4.71,0.05690485,0.07,2024-05-16 14:25:00
439.70584,12.15,9.046397,50048.0,1.2190809,4.7,0.037426513,0.05,2024-05-16 14:30:00
439.84607,11.22,9.343137,48478.0,1.2598116,4.34,-0.031517047,0.06,2024-05-16 14:35:00
440.01517,10.65,9.15472,52786.0,1.1583804,4.12,-0.045757502,0.16,2024-05-16 14:40:00
439.98538,8.4,9.672688,51283.0,1.1920791,3.26,-0.19382004,0.09,2024-05-16 14:45:00
439.5389,9.93,9.575181,49487.0,1.2314441,3.84,-0.10790541,0.08,2024-05-16 14:50:00
439.35892,10.86,8.825587,71466.0,0.8516334,4.2,0.02118928,0.07,2024-05-16 14:55:00
434.88666,7.68,8.957841,74831.0,0.7878407,2.91,-0.10237289,0.08,2024-05-16 15:00:00
439.46375,11.69,8.770666,60644.0,1.004354,4.54,0.053078443,0.17,2024-05-16 15:05:00
429.7589,11.52,8.654357,61404.0,0.92531085,4.33,0.041392695,0.29,2024-05-16 15:10:00
407.31253,8.11,7.9874024,81043.0,0.5932597,2.69,0.012837212,0.54,2024-05-16 15:15:00
428.5167,6.43,9.470929,116066.0,0.4851385,2.36,-0.1426675,0.04,2024-05-16 15:20:00
428.86017,5.67,9.9465275,70079.0,0.8055011,2.08,-0.32790217,0.03,2024-05-16 15:25:00
426.8399,6.74,9.0853615,71781.0,0.7749268,2.46,-0.21467017,0.19,2024-05-16 15:30:00
422.32065,8.37,8.339364,90612.0,0.59387356,2.99,-0.013228253,0.11,2024-05-16 15:45:00
421.5914,7.23,7.3034854,101205.0,0.52886057,2.57,-0.013228253,0.08,2024-05-16 15:55:00
420.77576,7.77,7.422944,97562.0,0.54531115,2.75,0.037426513,0.25,2024-05-16 16:00:00
424.9655,9.13,6.8234444,99726.0,0.5501889,3.3,0.15836251,0.12,2024-05-16 16:05:00
411.5916,8.72,7.2714577,112270.0,0.44241077,2.96,0.19589968,0.19,2024-05-16 16:20:00
405.97205,8.37,7.423651,88062.0,0.5403998,2.77,0.12057395,0.35,2024-05-16 16:25:00
397.61847,7.25,7.9831886,59271.0,0.75257945,2.29,-0.060480744,0.02,2024-05-16 16:30:00
420.26498,7.55,7.8362303,109278.0,0.48500943,2.67,0.06069783,0.06,2024-05-16 16:40:00
403.93024,5.37,8.355375,89211.0,0.52513194,1.75,-0.15490197,0.13,2024-05-16 16:50:00
403.93024,5.37,8.291255,89211.0,0.52513194,1.75,-0.16115092,0.14,2024-05-16 16:55:00
408.61545,4.56,8.353616,103194.0,0.47056934,1.52,-0.20760833,0.17,2024-05-16 17:05:00
408.70035,6.14,8.129194,75556.0,0.64311713,2.05,-0.12493874,0.1,2024-05-16 17:15:00
400.69568,6.13,8.200341,65088.0,0.7019664,1.97,-0.13667715,0.1,2024-05-16 17:25:00
401.45593,6.66,8.214189,66686.0,0.68920004,2.15,-0.09691001,0.11,2024-05-16 17:30:00
404.75403,6.66,8.163143,82145.0,0.5739317,2.18,-0.06550154,0.08,2024-05-16 17:35:00
402.14346,6.4,8.160668,62340.0,0.7411848,2.07,-0.12493874,0.06,2024-05-16 17:40:00
407.04214,5.72,8.444572,87161.0,0.5504786,1.9,-0.15490197,0.14,2024-05-16 17:45:00
408.80893,5.23,8.512637,83388.0,0.58319604,1.75,-0.20760833,0.03,2024-05-16 17:50:00
407.52872,5.31,8.487644,87690.0,0.54919636,1.76,-0.18708667,0.03,2024-05-16 17:55:00
408.05798,5.8,8.245211,75978.0,0.63642114,1.93,-0.14874166,0.18,2024-05-16 18:00:00
402.74762,6.32,7.976597,77510.0,0.598915,2.05,-0.08618615,0.11,2024-05-16 18:05:00
404.21344,4.93,8.216362,82377.0,0.56993926,1.61,-0.18708667,0.09,2024-05-16 18:10:00
397.79565,6.51,8.065414,80751.0,0.5531578,2.06,-0.08618615,0.16,2024-05-16 18:15:00
396.8531,6.39,7.902841,75688.0,0.5858179,2.01,-0.07572073,0.04,2024-05-16 18:20:00
411.11893,6.13,7.728473,90496.0,0.54689825,2.08,-0.045757502,0.2,2024-05-16 18:25:00
397.08975,6.06,7.035353,175013.0,0.25381973,1.91,0.1818436,0.45,2024-05-16 18:30:00
401.59393,7.49,6.170008,128847.0,0.35708392,2.43,0.24551268,0.28,2024-05-16 18:40:00
405.54517,6.46,6.129804,132417.0,0.3582099,2.12,0.19589968,0.47,2024-05-16 18:45:00
404.5704,7.65,6.133751,102152.0,0.46087277,2.5,0.17609127,0.41,2024-05-16 18:50:00
407.9373,8.3,5.7844014,102695.0,0.47041723,2.76,0.18469143,0.69,2024-05-16 18:55:00
411.75284,9.05,6.039379,113225.0,0.43921438,3.07,0.25767857,0.23,2024-05-16 19:00:00
411.95572,4.85,5.2861137,121426.0,0.41017887,1.65,-0.013228253,0.24,2024-05-16 19:05:00
401.82498,5.81,4.43831,103707.0,0.44444096,1.86,0.0293838,0.36,2024-05-16 19:10:00
409.17972,8.1,4.609675,95595.0,0.5101626,2.72,0.1818436,0.16,2024-05-16 19:15:00
393.4133,6.84,5.5249343,89164.0,0.48398373,2.12,0.08635984,0.1,2024-05-16 19:20:00
395.86807,7.6,6.5924654,108252.0,0.4064376,2.38,0.1492191,0.18,2024-05-16 19:25:00
403.4284,7.71,7.1766987,79037.0,0.59044003,2.51,0.07554698,0.3,2024-05-16 19:30:00
394.67136,8.02,7.091269,117003.0,0.37251145,2.5,0.2068259,0.56,2024-05-16 19:35:00
407.85342,7.36,8.322914,144077.0,0.3350888,2.45,0.08990512,0.07,2024-05-16 20:00:00
396.8141,7.33,6.826382,67520.0,0.6564843,2.31,-0.008773916,0.11,2024-05-16 20:20:00
396.80157,7.63,6.713702,87234.0,0.50807565,2.41,0.08635984,0.08,2024-05-16 20:25:00
397.83624,6.11,7.0987744,109620.0,0.40761018,1.94,0.017033322,0.07,2024-05-16 20:30:00
390.49976,7.52,7.557546,72877.0,0.5786024,2.3,0.041392695,0.02,2024-05-16 20:35:00
391.54233,7.55,7.4957986,70350.0,0.6043816,2.32,0.049218025,0.04,2024-05-16 20:40:00
391.54233,7.55,7.366987,70350.0,0.6043816,2.32,0.053078443,0.04,2024-05-16 20:45:00
387.88208,8.18,7.2701445,79282.0,0.52083826,2.46,0.12710482,0.01,2024-05-16 20:50:00
389.3973,7.85,7.318709,76245.0,0.54819757,2.38,0.096910015,0.02,2024-05-16 20:55:00
390.43326,8.1,7.328158,77973.0,0.5405006,2.47,0.11394334,0.02,2024-05-16 21:00:00
390.23734,7.84,7.335625,82683.0,0.5089155,2.38,0.10720996,0.02,2024-05-16 21:15:00
389.1141,7.71,7.4786425,71359.0,0.5844079,2.33,0.053078443,0.17,2024-05-16 21:20:00
385.25406,7.75,7.6072073,64412.0,0.6276528,2.3,0.0293838,0.04,2024-05-16 21:35:00
383.481,7.43,7.493417,65890.0,0.6048258,2.19,0.025305841,0.01,2024-05-16 21:40:00
381.9982,7.66,7.507929,68363.0,0.5759583,2.23,0.045322984,0.04,2024-05-16 21:45:00
383.08063,7.43,7.4527044,67290.0,0.5903195,2.18,0.025305841,0.12,2024-05-16 21:50:00
383.2643,7.49,7.598217,68488.0,0.58085966,2.21,0.0293838,0.09,2024-05-16 21:55:00
385.88852,6.44,7.9003286,71339.0,0.56961834,1.92,-0.06550154,0.02,2024-05-16 22:00:00
384.6784,6.9,7.7510777,68613.0,0.5864869,2.04,-0.026872149,0.02,2024-05-16 22:05:00
385.73624,6.67,7.783707,67649.0,0.5999513,1.98,-0.045757502,0.07,2024-05-16 22:10:00
385.46933,7.13,7.56963,66284.0,0.61098826,2.12,0.017033322,0.18,2024-05-16 22:15:00
386.1562,7.17,7.452664,68476.0,0.59471655,2.14,0.02118928,0.03,2024-05-16 22:20:00
384.74155,7.27,7.5048122,67088.0,0.60012513,2.15,0.0293838,0.05,2024-05-16 22:30:00
384.36542,7.01,7.575579,66820.0,0.60070014,2.07,0.0,0.08,2024-05-16 22:35:00
385.5474,6.72,7.6331515,65884.0,0.61508536,2.0,-0.031517047,0.09,2024-05-16 22:40:00
386.7006,7.2,7.7179074,74372.0,0.5499758,2.16,0.008600163,0.15,2024-05-16 22:45:00
387.43503,7.22,7.603611,67898.0,0.6059842,2.17,0.008600163,0.03,2024-05-16 22:50:00
387.8122,7.31,7.7354965,68709.0,0.6006483,2.2,0.00432137,0.02,2024-05-16 22:55:00
387.40417,6.26,7.8241677,62652.0,0.656562,1.88,-0.09151498,0.03,2024-05-16 23:00:00
388.22195,6.82,7.568593,68039.0,0.6085603,2.05,-0.013228253,0.05,2024-05-16 23:05:00
388.46185,6.57,7.526128,69758.0,0.5947066,1.98,-0.017728778,0.09,2024-05-16 23:10:00
388.72073,7.38,7.446825,79138.0,0.525306,2.23,0.06818584,0.15,2024-05-16 23:15:00
388.23117,8.63,6.3816066,77973.0,0.5310671,2.6,0.23804612,0.13,2024-05-16 23:20:00
380.5614,9.69,6.250208,82377.0,0.47240177,2.81,0.34830487,0.25,2024-05-16 23:25:00
381.1339,9.26,6.960467,83273.0,0.46951076,2.69,0.23044895,0.07,2024-05-16 23:30:00
381.79736,9.55,6.900413,76245.0,0.51557255,2.78,0.25767857,0.35,2024-05-16 23:55:00
379.46124,10.1,7.2899723,78408.0,0.49186176,2.91,0.2068259,0.03,2024-05-17 00:05:00
379.77893,9.59,7.2395997,74112.0,0.5217305,2.77,0.17026173,0.05,2024-05-17 00:10:00
377.20123,8.89,7.5483174,84212.0,0.44952443,2.53,0.1398791,0.04,2024-05-17 00:20:00
377.11188,8.97,6.9298267,83273.0,0.45425823,2.55,0.17318627,0.24,2024-05-17 00:25:00
385.09192,8.52,7.180508,81728.0,0.4940221,2.53,0.14612804,0.29,2024-05-17 00:30:00
377.59625,8.88,7.3251004,89211.0,0.42571995,2.53,0.17026173,0.05,2024-05-17 00:35:00
376.60825,8.65,7.3809686,81719.0,0.46097484,2.45,0.1430148,0.07,2024-05-17 00:40:00
377.37985,8.91,7.758621,85988.0,0.4408893,2.54,0.1105897,0.21,2024-05-17 00:45:00
379.61664,7.16,8.332983,58517.0,0.65989506,2.07,-0.11350928,0.27,2024-05-17 00:50:00
379.6533,7.41,8.659411,59271.0,0.6516962,2.14,-0.10790541,0.04,2024-05-17 00:55:00
379.09314,7.54,8.805884,57021.0,0.67430496,2.17,-0.13076828,0.03,2024-05-17 01:05:00
382.77853,7.81,8.467177,69118.0,0.5732972,2.29,-0.045757502,0.11,2024-05-17 01:15:00
372.26044,9.16,8.359509,54646.0,0.66487986,2.54,0.00432137,0.16,2024-05-17 01:25:00
372.55945,9.71,8.39719,50945.0,0.7149662,2.7,0.012837212,0.12,2024-05-17 01:30:00
377.7532,7.07,8.752279,55297.0,0.68770576,2.02,-0.15490197,0.05,2024-05-17 01:35:00
375.09784,9.46,8.137481,68736.0,0.5412314,2.66,0.06818584,0.19,2024-05-17 01:40:00
376.6762,9.3,8.381343,58683.0,0.642291,2.64,0.012837212,0.06,2024-05-17 01:45:00
378.6869,8.92,8.679315,60557.0,0.6328159,2.56,-0.031517047,0.09,2024-05-17 01:50:00
379.76102,9.11,8.557506,61960.0,0.6239642,2.63,-0.008773916,0.06,2024-05-17 01:55:00
377.4092,8.83,8.058665,78049.0,0.4858533,2.51,0.064457975,0.11,2024-05-17 02:00:00
377.03937,8.51,8.095091,81487.0,0.46393663,2.42,0.041392695,0.07,2024-05-17 02:05:00
380.2739,9.11,8.14183,71559.0,0.5425396,2.64,0.05690485,0.15,2024-05-17 02:10:00
381.9598,9.27,8.200061,72847.0,0.5403368,2.7,0.037426513,0.14,2024-05-17 02:15:00
378.10577,8.01,8.394694,80601.0,0.47317848,2.29,-0.013228253,0.04,2024-05-17 02:25:00
378.28363,7.82,8.484297,78074.0,0.48920944,2.24,-0.031517047,0.02,2024-05-17 02:30:00
385.52817,7.7,8.724099,70524.0,0.57452774,2.28,-0.10790541,0.3,2024-05-17 02:35:00
381.73474,8.27,8.6077,83093.0,0.47284073,2.41,-0.008773916,0.16,2024-05-17 02:40:00
383.67368,8.44,8.676975,81932.0,0.48716423,2.48,0.00432137,0.24,2024-05-17 02:45:00
383.72913,9.03,8.337056,92507.0,0.43166786,2.66,0.09342169,0.27,2024-05-17 02:50:00
382.38083,8.54,9.567116,77148.0,0.51196575,2.5,-0.07058106,0.41,2024-05-17 02:55:00
385.55075,8.48,8.9234295,72010.0,0.5627743,2.52,-0.017728778,0.48,2024-05-17 03:05:00
385.4943,9.62,8.629056,89211.0,0.4540573,2.86,0.08278538,0.17,2024-05-17 03:10:00
380.30746,8.76,8.556757,96362.0,0.40300387,2.54,0.049218025,0.32,2024-05-17 03:15:00
386.7055,8.37,9.093179,70573.0,0.57960445,2.5,-0.08092192,0.34,2024-05-17 03:25:00
388.56693,7.75,9.74135,45048.0,0.92169416,2.34,-0.25181198,0.2,2024-05-17 03:30:00
385.31476,7.27,10.144698,41847.0,0.9665737,2.16,-0.30103,0.03,2024-05-17 03:35:00
377.1292,8.76,8.701322,84173.0,0.44946542,2.49,-0.031517047,0.56,2024-05-17 03:40:00
365.52014,8.68,6.751474,63510.0,0.54045063,2.32,-0.05061,0.31,2024-05-17 03:45:00
396.23285,7.12,8.712072,94077.0,0.4690203,2.24,-0.05551733,0.27,2024-05-17 04:15:00
403.69818,6.5,8.172178,73522.0,0.6360521,2.11,-0.119186416,0.21,2024-05-17 04:20:00
410.77246,5.73,8.311636,52650.0,0.93755704,1.93,-0.19382004,0.12,2024-05-17 04:25:00
405.17392,8.22,8.296439,71330.0,0.66308767,2.7,0.00432137,0.33,2024-05-17 04:40:00
402.35168,8.34,8.510329,93918.0,0.49277005,2.7,0.037426513,0.1,2024-05-17 04:45:00
408.7676,11.2,8.135343,103361.0,0.47035393,3.74,0.21218762,0.2,2024-05-17 04:55:00
416.20453,13.09,4.772735,128408.0,0.40046564,4.54,0.5774918,0.46,2024-05-17 05:05:00
401.7883,11.47,6.4203815,104705.0,0.44007978,3.72,0.33041382,0.83,2024-05-17 05:10:00
402.34488,11.24,8.255265,106054.0,0.43635827,3.64,0.17609127,0.28,2024-05-17 05:15:00
401.07507,11.34,7.881878,104790.0,0.43729743,3.65,0.23299614,0.06,2024-05-17 05:20:00
398.5936,11.0,8.176833,106768.0,0.42098343,3.5,0.21484385,0.21,2024-05-17 05:25:00
396.1337,11.13,7.2653904,106258.0,0.41493025,3.49,0.22788674,0.31,2024-05-17 05:30:00
393.12042,12.01,8.2197695,100916.0,0.42663196,3.71,0.22530928,0.1,2024-05-17 05:35:00
387.5453,11.26,8.262542,103138.0,0.3992862,3.38,0.18752073,0.1,2024-05-17 05:40:00
390.84607,10.6,8.601505,94721.0,0.44639862,3.23,0.12385166,0.19,2024-05-17 05:45:00
392.26093,9.64,8.905515,101970.0,0.41935512,2.96,0.064457975,0.05,2024-05-17 05:55:00
392.38687,9.84,8.899016,101884.0,0.42012876,3.03,0.07188199,0.04,2024-05-17 06:00:00
391.6352,9.96,9.14841,97571.0,0.43608913,3.05,0.049218025,0.13,2024-05-17 06:05:00
391.62885,10.08,9.249049,96701.0,0.43999028,3.09,0.041392695,0.02,2024-05-17 06:10:00
391.5073,10.17,9.228023,96076.0,0.4424248,3.12,0.049218025,0.06,2024-05-17 06:15:00
391.05978,10.17,9.302328,96317.0,0.43974942,3.11,0.041392695,0.1,2024-05-17 06:20:00
394.85483,9.34,9.692069,95578.0,0.45667484,2.9,-0.026872149,0.16,2024-05-17 06:25:00
397.4437,9.28,9.5402565,93706.0,0.47537112,2.92,-0.031517047,0.18,2024-05-17 06:30:00
392.24487,9.68,9.468221,92343.0,0.46301502,2.98,-0.0043648016,0.18,2024-05-17 06:35:00
389.608,8.89,10.01479,80720.0,0.518679,2.7,-0.11350928,0.14,2024-05-17 06:40:00
388.9847,8.57,10.330034,76538.0,0.5442997,2.6,-0.16115092,0.08,2024-05-17 06:45:00
389.74997,8.54,10.26887,76513.0,0.54781896,2.59,-0.16115092,0.07,2024-05-17 06:50:00
387.0291,8.82,10.243363,74962.0,0.5470916,2.64,-0.14874166,0.03,2024-05-17 06:55:00
388.14487,8.39,10.309345,77973.0,0.5306996,2.53,-0.1674911,0.06,2024-05-17 07:05:00
385.64636,7.95,10.339942,76675.0,0.52894264,2.36,-0.19382004,0.06,2024-05-17 07:10:00
388.97693,7.74,10.277042,76271.0,0.5461711,2.34,-0.20760833,0.03,2024-05-17 07:15:00
393.2226,7.13,10.307458,57938.0,0.7437059,2.2,-0.27572417,0.03,2024-05-17 07:20:00
384.37302,8.88,9.837266,85998.0,0.46676967,2.62,-0.09151498,0.07,2024-05-17 07:30:00
383.47372,8.69,9.882292,81487.0,0.48903045,2.56,-0.119186416,0.05,2024-05-17 07:35:00
383.47372,8.69,9.80354,81487.0,0.48903045,2.56,-0.10790541,0.05,2024-05-17 07:40:00
384.17313,8.53,9.903363,81043.0,0.49450675,2.52,-0.119186416,0.02,2024-05-17 07:45:00
383.61057,8.07,9.982289,80382.0,0.49630392,2.38,-0.15490197,0.02,2024-05-17 07:55:00
380.703,8.75,9.862302,85532.0,0.45550358,2.54,-0.09151498,0.09,2024-05-17 08:05:00
378.77557,9.51,9.953039,74220.0,0.51669866,2.73,-0.09151498,0.05,2024-05-17 08:15:00
379.6047,9.92,9.835746,78743.0,0.4903459,2.86,-0.05551733,0.02,2024-05-17 08:20:00
380.61026,9.53,9.819903,76388.0,0.5096428,2.76,-0.07572073,0.02,2024-05-17 08:25:00
378.77203,9.32,9.755957,72434.0,0.5294235,2.68,-0.09151498,0.05,2024-05-17 08:30:00
371.47513,8.48,9.864512,146299.0,0.24672048,2.34,-0.05061,0.07,2024-05-17 08:35:00
380.60284,6.54,9.398691,65164.0,0.59738857,1.9,-0.22914802,0.23,2024-05-17 09:00:00
381.0958,6.29,9.160382,72026.0,0.54265684,1.83,-0.20760833,0.12,2024-05-17 09:05:00
380.9405,6.59,9.316383,65486.0,0.59609437,1.91,-0.21467017,0.02,2024-05-17 09:10:00
385.4867,7.58,8.896589,70447.0,0.574963,2.25,-0.10790541,0.14,2024-05-17 09:20:00
390.1577,8.02,8.500006,51986.0,0.8089088,2.44,-0.11350928,0.17,2024-05-17 09:25:00
393.0095,8.92,8.5094185,49923.0,0.8616505,2.75,-0.05551733,0.1,2024-05-17 09:30:00
386.6875,7.64,8.650838,45593.0,0.8970344,2.29,-0.15490197,0.1,2024-05-17 09:35:00
392.61136,7.99,8.868827,47252.0,0.9074892,2.46,-0.1426675,0.15,2024-05-17 09:40:00
393.15646,9.12,8.667889,50181.0,0.85821885,2.82,-0.0409586,0.12,2024-05-17 09:50:00
391.54816,8.73,8.4669,49141.0,0.86526984,2.68,-0.045757502,0.01,2024-05-17 09:55:00
392.3926,6.37,8.986434,48112.0,0.88972276,1.96,-0.24412516,0.2,2024-05-17 10:00:00
391.2821,7.53,8.8164,48112.0,0.88190764,2.31,-0.13667715,0.28,2024-05-17 10:05:00
386.75885,9.62,8.398268,48652.0,0.84111625,2.88,0.0293838,0.37,2024-05-17 10:10:00
391.47235,8.55,8.022026,64967.0,0.6540952,2.62,0.025305841,0.1,2024-05-17 10:15:00
391.02393,7.33,8.030206,72152.0,0.5868618,2.23,-0.026872149,0.05,2024-05-17 10:20:00
384.07632,8.16,8.007122,56063.0,0.71428365,2.41,-0.013228253,0.06,2024-05-17 10:25:00
384.86612,8.89,7.8121257,59884.0,0.67299753,2.63,0.06069783,0.16,2024-05-17 10:30:00
382.04367,8.84,7.7050176,63059.0,0.62463444,2.58,0.07188199,0.1,2024-05-17 10:35:00
383.14542,9.01,7.5516024,69215.0,0.5742037,2.64,0.1105897,0.13,2024-05-17 10:40:00
384.8173,8.34,7.9126544,50460.0,0.7983722,2.47,-0.0043648016,0.2,2024-05-17 10:45:00
382.99844,8.27,8.082333,43778.0,0.9067583,2.43,-0.0409586,0.01,2024-05-17 10:55:00
382.99844,8.27,8.045905,43778.0,0.9067583,2.43,-0.0409586,0.04,2024-05-17 11:00:00
382.7801,8.4,8.05601,42807.0,0.9256818,2.46,-0.045757502,0.08,2024-05-17 11:10:00
383.41525,8.32,8.028456,41018.0,0.97105443,2.45,-0.0409586,0.06,2024-05-17 11:25:00
382.61502,7.98,7.632863,45311.0,0.8733529,2.34,-0.017728778,0.08,2024-05-17 11:30:00
381.91122,8.09,7.537407,42159.0,0.9332844,2.36,0.0,0.09,2024-05-17 11:35:00
386.2959,7.33,7.370543,61565.0,0.662222,2.19,0.0293838,0.03,2024-05-17 11:40:00
386.49872,7.64,7.2908506,54879.0,0.7441164,2.28,0.033423774,0.07,2024-05-17 11:45:00
383.82706,6.91,7.6517777,29282.0,1.3647985,2.04,-0.14874166,0.25,2024-05-17 11:50:00
381.49414,7.05,7.9757442,32886.0,1.1923835,2.05,-0.13667715,0.05,2024-05-17 11:55:00
384.9424,6.58,8.035801,32939.0,1.2242831,1.95,-0.17392519,0.06,2024-05-17 12:00:00
385.06586,7.76,7.798359,30724.0,1.3138565,2.3,-0.07058106,0.16,2024-05-17 12:05:00
383.47998,8.45,7.5061707,60413.0,0.65965337,2.49,0.07554698,0.72,2024-05-17 12:20:00
383.79126,1.7,8.312268,95321.0,0.4191357,0.5,-0.65757734,0.05,2024-05-17 12:35:00
390.65106,1.94,8.22684,56386.0,0.7487265,0.59,-0.69897,0.24,2024-05-17 12:40:00
399.078,6.15,7.029452,76045.0,0.5933042,1.96,0.00432137,0.07,2024-05-17 12:45:00
408.1907,6.11,7.177228,77539.0,0.62424034,2.04,0.00432137,0.03,2024-05-17 12:50:00
404.84952,6.29,7.288971,65486.0,0.7204632,2.06,-0.031517047,0.1,2024-05-17 13:00:00
402.54837,6.8,7.128324,70456.0,0.65786356,2.2,0.041392695,0.05,2024-05-17 13:05:00
404.36298,6.53,6.931277,70658.0,0.6652322,2.14,0.049218025,0.05,2024-05-17 13:10:00
405.64426,6.69,6.876932,71158.0,0.6670953,2.2,0.06818584,0.11,2024-05-17 13:15:00
401.65775,6.85,6.7551537,74714.0,0.6161089,2.21,0.10037054,0.03,2024-05-17 13:20:00
397.74136,7.04,7.2374167,66452.0,0.6718996,2.23,0.008600163,0.87,2024-05-17 13:25:00
473.72278,10.27,14.116986,154290.0,0.4986829,4.61,-0.22184876,0.06,2024-05-17 13:35:00
473.72278,10.27,13.760702,154290.0,0.4986829,4.61,-0.19382004,0.15,2024-05-17 13:40:00
460.69202,10.42,11.468988,129693.0,0.5439214,4.42,-0.1674911,0.36,2024-05-17 13:45:00
476.34644,10.53,13.276365,123058.0,0.63609135,4.78,-0.21467017,0.27,2024-05-17 13:50:00
474.31827,11.52,13.080798,137648.0,0.5611652,5.19,-0.13076828,0.05,2024-05-17 13:55:00
474.69354,11.31,13.590426,134183.0,0.5770751,5.1,-0.17392519,0.18,2024-05-17 14:00:00
474.6969,11.69,14.127612,135496.0,0.5714958,5.27,-0.19382004,0.18,2024-05-17 14:05:00
474.75906,12.23,13.976443,142069.0,0.545277,5.51,-0.16115092,0.16,2024-05-17 14:10:00
472.09943,7.58,15.7856455,131379.0,0.57942253,3.38,-0.4685211,0.48,2024-05-17 14:30:00
467.18307,8.88,15.215312,137317.0,0.53659207,3.88,-0.37675074,0.35,2024-05-17 14:35:00
469.94232,8.92,15.469784,123789.0,0.6062445,3.94,-0.40893543,0.36,2024-05-17 14:40:00
467.6677,7.61,16.482363,136503.0,0.54153687,3.33,-0.5086383,0.14,2024-05-17 14:45:00
465.9432,5.6,17.130404,134784.0,0.54217243,2.43,-0.67778075,0.15,2024-05-17 14:50:00
463.563,8.45,15.52249,119805.0,0.60031176,3.63,-0.4436975,0.12,2024-05-17 15:00:00
466.6852,11.22,12.507037,152724.0,0.48086128,4.89,-0.060480744,1.36,2024-05-17 15:05:00
462.74887,12.37,10.942321,173144.0,0.41311213,5.3,0.033423774,0.76,2024-05-17 15:10:00
460.08908,10.27,12.461092,176155.0,0.3988294,4.35,-0.07058106,0.81,2024-05-17 15:15:00
461.57162,9.49,12.30732,171230.0,0.41443053,4.04,-0.14874166,0.38,2024-05-17 15:20:00
459.6302,11.75,12.374078,182897.0,0.38293627,4.97,-0.045757502,1.36,2024-05-17 15:25:00
456.85196,15.1,11.502496,116596.0,0.5894578,6.3,0.064457975,0.17,2024-05-17 15:35:00
467.0243,11.16,12.181108,101939.0,0.7220523,4.87,-0.19382004,0.5,2024-05-17 15:50:00
466.69385,12.94,12.802476,108374.0,0.67768365,5.63,-0.119186416,0.12,2024-05-17 15:55:00
461.75412,11.21,13.063253,103695.0,0.68518543,4.78,-0.20065947,0.31,2024-05-17 16:00:00
459.1592,11.11,13.515007,93442.0,0.7471449,4.69,-0.25181198,0.04,2024-05-17 16:05:00
457.47202,12.49,13.509127,101700.0,0.678655,5.23,-0.18045606,0.07,2024-05-17 16:10:00
456.1257,12.52,12.8068495,100061.0,0.68347174,5.21,-0.1426675,0.2,2024-05-17 16:15:00
457.81708,15.44,12.335356,100063.0,0.6913785,6.48,-0.031517047,0.19,2024-05-17 16:20:00
457.43442,13.98,13.625939,73226.0,0.9423097,5.85,-0.22914802,0.55,2024-05-17 16:25:00
452.33945,10.85,14.789134,61308.0,1.0869235,4.44,-0.40893543,0.31,2024-05-17 16:30:00
451.0798,11.04,14.521123,66248.0,0.9971792,4.5,-0.37675074,0.06,2024-05-17 16:35:00
452.01007,10.29,14.353428,63510.0,1.0468612,4.2,-0.40893543,0.09,2024-05-17 16:40:00
452.02722,9.92,13.66299,58059.0,1.1452836,4.07,-0.43179828,0.52,2024-05-17 16:45:00
452.91452,9.05,14.939566,49318.0,1.3565267,3.72,-0.52287877,0.03,2024-05-17 16:50:00
455.23944,9.97,14.9242115,40885.0,1.6626159,4.14,-0.5086383,0.04,2024-05-17 16:55:00
456.87497,11.28,14.558648,35983.0,1.9103242,4.71,-0.455932,0.1,2024-05-17 17:00:00
463.08234,11.69,14.792952,30773.0,2.3295894,5.02,-0.455932,0.07,2024-05-17 17:05:00
460.858,12.37,14.621854,31226.0,2.2616396,5.26,-0.4202164,0.21,2024-05-17 17:10:00
466.80698,11.53,14.624916,51928.0,1.4153967,5.03,-0.4202164,0.23,2024-05-17 17:15:00
464.71564,12.36,14.747158,43040.0,1.6839801,5.34,-0.40893543,0.13,2024-05-17 17:20:00
466.3345,13.66,14.702782,47526.0,1.5416274,5.94,-0.35654733,0.1,2024-05-17 17:25:00
464.83536,14.53,14.490317,51386.0,1.4116035,6.28,-0.30103,0.19,2024-05-17 17:30:00
467.98376,15.27,14.151149,53298.0,1.3898654,6.69,-0.25181198,0.13,2024-05-17 17:35:00
461.8995,11.24,14.365587,39960.0,1.7797791,4.8,-0.4202164,0.06,2024-05-17 17:40:00
461.54245,12.78,13.684038,44491.0,1.5946815,5.45,-0.3187588,0.26,2024-05-17 17:45:00
460.39606,12.07,13.446937,54621.0,1.2889148,5.12,-0.29242983,0.32,2024-05-17 17:50:00
461.28113,11.22,13.891498,44104.0,1.6058404,4.77,-0.37675074,0.07,2024-05-17 17:55:00
461.59454,11.33,13.6056385,43911.0,1.6163126,4.83,-0.35654733,0.06,2024-05-17 18:00:00
459.34464,11.92,13.515347,42086.0,1.6609446,5.03,-0.3372422,0.02,2024-05-17 18:05:00
458.97757,12.42,13.528969,44685.0,1.5604517,5.23,-0.3187588,0.03,2024-05-17 18:10:00
458.77588,11.89,13.645456,41850.0,1.6638815,5.0,-0.3467875,0.08,2024-05-17 18:15:00
459.5173,7.92,14.071749,62575.0,1.1184074,3.34,-0.5086383,0.22,2024-05-17 18:20:00
459.47928,6.19,14.1658,57825.0,1.2099668,2.62,-0.63827217,0.06,2024-05-17 18:25:00
455.69748,6.24,13.689978,61657.0,1.1059442,2.6,-0.5850267,0.19,2024-05-17 18:30:00
453.2102,6.84,13.601188,74326.0,0.9019353,2.81,-0.5086383,0.06,2024-05-17 18:35:00
446.51028,7.18,13.632543,76706.0,0.8343557,2.86,-0.48148608,0.07,2024-05-17 18:40:00
451.44928,6.42,13.714886,67565.0,0.9802372,2.62,-0.552842,0.02,2024-05-17 18:45:00
451.51868,6.51,13.684842,68166.0,0.9720596,2.66,-0.552842,0.03,2024-05-17 18:50:00
450.9202,6.55,13.389687,78572.0,0.8398461,2.67,-0.49485007,0.05,2024-05-17 19:15:00
449.13342,6.67,13.109531,77539.0,0.84058094,2.69,-0.5086383,0.19,2024-05-17 19:20:00
464.7342,7.07,12.01082,121969.0,0.59431094,3.05,-0.3187588,0.05,2024-05-17 19:35:00
462.1967,6.89,10.817231,118195.0,0.6029233,2.94,-0.32790217,0.18,2024-05-17 19:40:00
460.1922,6.71,12.628701,99235.0,0.7084681,2.84,-0.40893543,0.04,2024-05-17 20:20:00
464.54935,4.32,12.352352,18954.0,3.819658,1.86,-0.79588,0.05,2024-05-17 20:25:00
456.70337,5.36,11.03048,45226.0,1.5181279,2.22,-0.5850267,0.23,2024-05-17 20:30:00
437.90234,6.24,11.699385,74999.0,0.8031694,2.41,-0.4685211,0.12,2024-05-17 20:35:00
435.19345,6.9,11.156003,84951.0,0.6955124,2.62,-0.38721615,0.17,2024-05-17 20:40:00
442.95007,7.13,12.153987,104196.0,0.59911,2.8,-0.36653155,0.12,2024-05-17 20:45:00
442.95007,7.13,12.588197,104196.0,0.59911,2.8,-0.37675074,0.1,2024-05-17 20:50:00
445.78348,7.53,11.096364,97888.0,0.6505021,3.0,-0.26760623,0.3,2024-05-17 21:10:00
445.83707,6.51,10.968322,95254.0,0.66874015,2.59,-0.30980393,0.01,2024-05-17 21:15:00
478.8418,5.47,10.893507,107231.0,0.74194676,2.51,-0.3467875,0.08,2024-05-17 21:20:00
478.8418,5.47,10.859664,107231.0,0.74194676,2.51,-0.36653155,0.11,2024-05-17 21:25:00
450.80905,5.94,10.839672,87958.0,0.7496507,2.42,-0.35654733,0.05,2024-05-17 21:30:00
444.2509,6.47,10.976037,96317.0,0.65406233,2.55,-0.3187588,0.03,2024-05-17 21:45:00
439.7404,6.67,10.264994,111491.0,0.54737586,2.58,-0.26760623,0.03,2024-05-17 21:50:00
441.23355,7.21,10.332536,105580.0,0.5841531,2.8,-0.22914802,0.11,2024-05-17 21:55:00
440.49554,7.1,9.966319,104223.0,0.5886831,2.75,-0.24412516,0.11,2024-05-17 22:00:00
442.04117,7.63,10.413078,103194.0,0.6010716,2.98,-0.17392519,0.12,2024-05-17 22:05:00
441.90768,6.48,10.134239,115007.0,0.5388255,2.53,-0.21467017,0.04,2024-05-17 22:10:00
438.48254,6.24,9.172513,99034.0,0.61075705,2.41,-0.27572417,0.08,2024-05-17 22:15:00
452.98398,6.42,9.241526,140673.0,0.47580647,2.65,-0.18708667,0.09,2024-05-17 22:20:00
450.4596,6.38,9.786772,125930.0,0.522344,2.6,-0.20760833,0.01,2024-05-17 22:25:00
459.83682,6.15,10.167856,148599.0,0.4719813,2.6,-0.18708667,0.07,2024-05-17 22:30:00
459.2511,6.32,10.624279,165270.0,0.42269146,2.67,-0.1674911,0.18,2024-05-17 22:35:00
456.4437,5.86,10.878612,149804.0,0.45751378,2.44,-0.24412516,0.06,2024-05-17 22:40:00
461.1905,5.19,10.51818,165485.0,0.42771658,2.21,-0.27572417,0.21,2024-05-17 22:50:00
465.77612,3.87,10.871986,163864.0,0.44545865,1.68,-0.40893543,0.11,2024-05-17 22:55:00
460.97803,4.03,11.1770525,143417.0,0.49282315,1.71,-0.4436975,0.13,2024-05-17 23:00:00
466.6927,3.27,11.712887,124718.0,0.5888702,1.42,-0.60206,0.02,2024-05-17 23:05:00
469.33777,3.22,11.6761,119142.0,0.6273714,1.42,-0.60206,0.03,2024-05-17 23:10:00
468.57318,3.61,11.670548,146207.0,0.5086478,1.59,-0.53760207,0.03,2024-05-17 23:30:00
469.78516,3.83,11.595526,149479.0,0.50153065,1.69,-0.49485007,0.15,2024-05-17 23:35:00
476.6714,4.31,11.335735,178380.0,0.43974918,1.96,-0.38721615,0.06,2024-05-17 23:40:00
466.25772,3.26,11.274063,124151.0,0.5898449,1.42,-0.56863624,0.15,2024-05-17 23:45:00
460.4345,2.77,11.30077,92757.0,0.75918925,1.18,-0.69897,0.07,2024-05-18 00:20:00
457.80905,3.08,11.350639,105203.0,0.65756327,1.29,-0.6197888,0.06,2024-05-18 00:25:00
452.75427,2.85,11.122666,78844.0,0.84759164,1.17,-0.7212464,0.07,2024-05-18 00:30:00
452.75427,2.85,11.184208,78844.0,0.84759164,1.17,-0.7212464,0.06,2024-05-18 00:35:00
452.66846,2.75,11.600112,77973.0,0.8565541,1.13,-0.7695511,0.05,2024-05-18 00:55:00
457.9951,2.92,11.649764,83273.0,0.8317843,1.23,-0.7212464,0.02,2024-05-18 01:05:00
449.78424,3.08,11.564246,75748.0,0.8643433,1.24,-0.7212464,0.04,2024-05-18 01:10:00
447.61987,3.18,11.816099,74537.0,0.865295,1.27,-0.69897,0.17,2024-05-18 01:15:00
441.38272,2.92,12.016597,73512.0,0.8398604,1.14,-0.7695511,0.01,2024-05-18 01:20:00
442.12057,2.96,12.035547,70342.0,0.8822849,1.16,-0.7695511,0.03,2024-05-18 01:25:00
444.03848,2.95,12.013717,72146.0,0.8718932,1.17,-0.7695511,0.02,2024-05-18 01:30:00
441.90945,3.05,11.993473,73268.0,0.84579176,1.19,-0.7447275,0.05,2024-05-18 01:35:00
436.1096,3.17,11.829475,51548.0,1.153731,1.21,-0.7695511,0.01,2024-05-18 01:40:00
436.9558,3.2,11.810986,67710.0,0.8836583,1.22,-0.7447275,0.02,2024-05-18 01:45:00
437.51135,3.27,11.795504,69844.0,0.86005425,1.25,-0.7212464,0.01,2024-05-18 01:50:00
428.87973,2.83,11.766448,38725.0,1.4578884,1.04,-0.853872,0.03,2024-05-18 01:55:00
430.62787,2.96,11.672386,50368.0,1.1351688,1.1,-0.79588,0.03,2024-05-18 02:00:00
430.4083,2.78,11.6030035,40390.0,1.4133568,1.03,-0.853872,0.04,2024-05-18 02:05:00
432.9597,2.52,11.654703,36019.0,1.614301,0.94,-0.88605666,0.05,2024-05-18 02:10:00
422.20923,3.18,11.644029,50070.0,1.0738544,1.13,-0.7695511,0.04,2024-05-18 02:20:00
417.9461,3.08,11.553043,43454.0,1.1988723,1.08,-0.7695511,0.05,2024-05-18 02:35:00
418.60843,3.17,11.631462,46300.0,1.1307391,1.11,-0.7695511,0.05,2024-05-18 02:40:00
417.54486,2.87,11.5705185,36321.0,1.4300337,1.0,-0.82390875,0.09,2024-05-18 02:45:00
421.29327,3.2,11.337195,55453.0,0.96307874,1.14,-0.7212464,0.07,2024-05-18 02:50:00
422.46466,3.11,11.391703,52622.0,1.0237013,1.11,-0.7447275,0.06,2024-05-18 02:55:00
432.0557,2.9,11.470352,45694.0,1.2642448,1.08,-0.79588,0.05,2024-05-18 03:00:00
429.9985,2.93,11.482326,55351.0,1.0282823,1.08,-0.7695511,0.07,2024-05-18 03:05:00
423.1262,3.84,11.687951,33416.0,1.6199497,1.37,-0.7212464,0.03,2024-05-18 03:10:00
421.22934,4.11,11.651894,31508.0,1.6941847,1.46,-0.69897,0.01,2024-05-18 03:15:00
423.00302,4.09,11.644231,35394.0,1.5280331,1.46,-0.69897,0.02,2024-05-18 03:20:00
425.7016,4.04,11.401531,37021.0,1.4900875,1.46,-0.67778075,0.07,2024-05-18 03:25:00
427.6145,4.38,11.2968,37812.0,1.4794209,1.6,-0.6197888,0.01,2024-05-18 03:35:00
420.43124,3.66,11.081272,32237.0,1.6461259,1.3,-0.7212464,0.03,2024-05-18 03:40:00
417.7039,3.54,11.323899,31450.0,1.6534777,1.24,-0.7447275,0.06,2024-05-18 03:45:00
414.8609,3.64,11.314173,31450.0,1.6186953,1.25,-0.7212464,0.02,2024-05-18 03:55:00
414.65994,3.56,11.263649,32430.0,1.5674139,1.23,-0.7447275,0.03,2024-05-18 04:00:00
415.5347,3.58,11.276742,32733.0,1.563126,1.24,-0.7447275,0.04,2024-05-18 04:05:00
418.25403,3.69,10.932182,33377.0,1.5644116,1.29,-0.69897,0.06,2024-05-18 04:15:00
416.4471,3.66,10.853893,36474.0,1.4124129,1.27,-0.67778075,0.02,2024-05-18 04:20:00
412.0921,3.69,10.902592,32044.0,1.5559143,1.25,-0.67778075,0.03,2024-05-18 04:25:00
409.41025,3.74,10.620856,36168.0,1.3507679,1.25,-0.63827217,0.01,2024-05-18 04:50:00
411.18817,3.68,10.657964,42166.0,1.17436,1.24,-0.63827217,0.06,2024-05-18 04:55:00
432.1838,3.38,10.71594,44607.0,1.2962483,1.26,-0.67778075,0.08,2024-05-18 05:00:00
408.29446,3.56,10.912717,60796.0,0.79678416,1.19,-0.6197888,0.16,2024-05-18 05:30:00
408.29446,3.56,10.685565,60796.0,0.79678416,1.19,-0.60206,0.06,2024-05-18 05:35:00
407.45035,3.89,10.696654,62728.0,0.7672842,1.29,-0.56863624,0.04,2024-05-18 05:40:00
412.17865,3.22,10.612324,57058.0,0.87437916,1.09,-0.65757734,0.04,2024-05-18 05:45:00
403.63025,3.77,10.506441,50551.0,0.9245977,1.23,-0.60206,0.05,2024-05-18 05:50:00
410.76978,3.74,10.475691,43515.0,1.1343532,1.26,-0.6197888,0.06,2024-05-18 05:55:00
406.92056,4.37,10.51402,56886.0,0.8426618,1.45,-0.52287877,0.05,2024-05-18 06:00:00
419.28342,3.91,10.547483,52294.0,1.0061665,1.37,-0.5850267,0.03,2024-05-18 06:05:00
416.05136,4.2,10.495356,43614.0,1.1776977,1.45,-0.56863624,0.02,2024-05-18 06:10:00
414.2538,3.88,10.496361,48170.0,1.0520327,1.34,-0.5850267,0.04,2024-05-18 06:15:00
417.6748,3.79,10.53619,49833.0,1.0432965,1.32,-0.60206,0.04,2024-05-18 06:20:00
419.95392,3.95,10.553266,46086.0,1.1473948,1.4,-0.5850267,0.04,2024-05-18 06:25:00
418.21805,3.99,10.522443,43083.0,1.2116469,1.39,-0.5850267,0.03,2024-05-18 06:30:00
415.13577,4.23,10.239009,46755.0,1.0910712,1.46,-0.53760207,0.12,2024-05-18 06:35:00
411.88867,4.73,10.157678,38504.0,1.2928824,1.6,-0.5086383,0.04,2024-05-18 06:40:00
409.97403,4.58,10.1921,34032.0,1.4417108,1.54,-0.53760207,0.06,2024-05-18 06:45:00
406.68658,4.55,10.1966715,32279.0,1.482385,1.51,-0.53760207,0.04,2024-05-18 06:50:00
406.3215,4.66,10.21165,38676.0,1.2337449,1.54,-0.52287877,0.06,2024-05-18 06:55:00
404.61926,4.73,10.18028,42486.0,1.1085243,1.55,-0.5086383,0.09,2024-05-18 07:00:00
404.34555,5.12,9.9514675,43356.0,1.0839945,1.67,-0.4436975,0.15,2024-05-18 07:05:00
405.8903,4.99,9.825075,54088.0,0.8792867,1.64,-0.39794,0.12,2024-05-18 07:10:00
404.22794,4.77,9.72091,50530.0,0.9292524,1.56,-0.43179828,0.08,2024-05-18 07:30:00
404.81726,4.84,9.874173,46086.0,1.0234898,1.59,-0.4436975,0.06,2024-05-18 07:35:00
410.05527,5.31,9.177124,34848.0,1.4088207,1.79,-0.39794,0.06,2024-05-18 08:45:00
402.04456,5.33,9.09811,64297.0,0.71807534,1.72,-0.32790217,0.14,2024-05-18 08:50:00
413.76993,6.11,9.277656,45421.0,1.1116525,2.09,-0.30103,0.09,2024-05-18 09:10:00
403.8871,4.27,9.026605,40813.0,1.1474769,1.39,-0.455932,0.13,2024-05-18 09:15:00
409.38016,3.92,8.228135,28824.0,1.6945392,1.32,-0.4436975,0.16,2024-05-18 09:25:00
406.60904,4.28,8.280531,32002.0,1.4943287,1.42,-0.40893543,0.08,2024-05-18 09:30:00
402.4218,4.09,7.9968996,27379.0,1.6912633,1.32,-0.4202164,0.13,2024-05-18 09:35:00
399.12564,4.25,7.942298,28944.0,1.5593765,1.35,-0.39794,0.13,2024-05-18 09:40:00
397.77618,4.38,8.007858,32935.0,1.3560419,1.39,-0.38721615,0.12,2024-05-18 09:45:00
402.83023,4.04,7.932995,33428.0,1.3895999,1.31,-0.40893543,0.08,2024-05-18 09:50:00
410.926,3.76,7.9704833,26105.0,1.8931177,1.27,-0.4436975,0.02,2024-05-18 09:55:00
400.907,3.58,8.011548,18954.0,2.4145112,1.15,-0.49485007,0.06,2024-05-18 10:00:00
408.9557,4.41,7.9572983,33243.0,1.4645466,1.47,-0.3467875,0.03,2024-05-18 10:05:00
408.0618,4.55,7.972892,34558.0,1.3992537,1.52,-0.32790217,0.02,2024-05-18 10:10:00
408.1483,3.89,7.676008,28227.0,1.7142211,1.3,-0.37675074,0.04,2024-05-18 10:15:00
411.6544,3.98,7.637716,31450.0,1.5800651,1.35,-0.3467875,0.06,2024-05-18 10:20:00
411.4123,4.85,7.114675,34848.0,1.4233853,1.64,-0.20065947,0.07,2024-05-18 10:35:00
411.4123,4.85,6.9733634,34848.0,1.4233853,1.64,-0.18045606,0.03,2024-05-18 10:40:00
415.7463,3.78,6.8937144,30508.0,1.6797873,1.31,-0.30103,0.03,2024-05-18 10:50:00
415.23462,3.97,6.1586037,27745.0,1.8400021,1.37,-0.27572417,0.06,2024-05-18 11:10:00
420.92804,4.21,4.5372787,38164.0,1.3955982,1.49,-0.20065947,0.07,2024-05-18 11:15:00
424.17047,5.56,4.359977,45016.0,1.211774,2.0,-0.045757502,0.1,2024-05-18 11:20:00
418.00607,6.44,4.836838,36829.0,1.4151638,2.25,0.053078443,0.11,2024-05-18 11:25:00
406.2729,7.45,5.552693,33454.0,1.425795,2.46,0.08635984,0.1,2024-05-18 11:30:00
402.6361,6.82,6.171264,45421.0,1.0211554,2.21,0.064457975,0.1,2024-05-18 11:35:00
403.86246,6.21,6.4276357,54331.0,0.8618117,2.03,0.037426513,0.09,2024-05-18 11:40:00
412.59644,5.05,5.985474,35725.0,1.4009213,1.72,-0.013228253,0.22,2024-05-18 12:15:00
414.17096,5.03,6.1957483,38420.0,1.3181902,1.73,-0.08092192,0.28,2024-05-18 12:30:00
410.14496,7.28,5.9397893,22570.0,2.1766958,2.44,0.049218025,0.14,2024-05-18 12:35:00
411.66068,8.1,6.0567813,17484.0,2.842337,2.74,0.08990512,0.09,2024-05-18 12:40:00
414.08823,7.03,5.8874187,23183.0,2.1832108,2.41,0.10720996,0.05,2024-05-18 12:50:00
413.66882,7.38,5.7954636,22437.0,2.248695,2.53,0.1398791,0.09,2024-05-18 12:55:00
412.47357,7.61,5.755771,20931.0,2.3888745,2.59,0.117271274,0.16,2024-05-18 13:00:00
415.02975,6.87,5.4428854,30901.0,1.649542,2.37,0.20412001,0.1,2024-05-18 13:05:00
412.8536,6.23,5.7005963,25730.0,1.9488959,2.12,0.08635984,0.01,2024-05-18 13:10:00
409.2434,5.64,4.8338494,39340.0,1.2402804,1.89,0.22530928,0.03,2024-05-18 14:05:00
408.35153,5.5,5.019372,37518.0,1.2917097,1.84,0.17609127,0.02,2024-05-18 14:10:00
407.68555,5.46,5.0153666,33695.0,1.4309766,1.82,0.16435286,0.02,2024-05-18 14:15:00
408.44034,5.5,4.9835935,35922.0,1.3500136,1.84,0.17318627,0.04,2024-05-18 14:25:00
409.7317,5.64,4.9766455,32383.0,1.5123395,1.89,0.17897695,0.02,2024-05-18 14:30:00
409.89142,5.75,4.949687,37195.0,1.3182831,1.94,0.20139715,0.03,2024-05-18 14:35:00
409.80145,5.63,4.9298882,37812.0,1.2958862,1.89,0.19589968,0.04,2024-05-18 14:40:00
410.52063,5.96,4.933244,42807.0,1.1509386,2.01,0.23804612,0.02,2024-05-18 14:45:00
414.6735,5.82,5.0519204,38115.0,1.3337641,2.0,0.20139715,0.06,2024-05-18 14:50:00
413.35074,5.84,4.985529,33097.0,1.5207814,2.0,0.19312459,0.03,2024-05-18 14:55:00
410.17502,5.29,5.31591,28831.0,1.7043886,1.78,0.07918126,0.03,2024-05-18 15:05:00
410.26318,5.15,5.306185,28167.0,1.745735,1.74,0.07554698,0.04,2024-05-18 15:10:00
407.43118,5.0,5.163061,23818.0,2.0204532,1.66,0.07188199,0.03,2024-05-18 15:15:00
407.2885,4.99,5.2576423,26952.0,1.7835677,1.65,0.064457975,0.04,2024-05-18 15:20:00
406.23886,4.82,5.275358,27186.0,1.7540687,1.59,0.045322984,0.03,2024-05-18 15:25:00
405.3176,4.91,5.276154,25552.0,1.8530946,1.61,0.053078443,0.04,2024-05-18 15:30:00
404.01562,4.78,5.2249885,23005.0,2.0377479,1.56,0.045322984,0.02,2024-05-18 15:35:00
402.70444,5.17,5.3146405,26680.0,1.7393706,1.68,0.08278538,0.05,2024-05-18 15:40:00
403.3756,5.0,5.3713408,27363.0,1.704769,1.63,0.053078443,0.03,2024-05-18 15:45:00
403.77493,5.14,5.2277527,27707.0,1.6887972,1.68,0.07554698,0.06,2024-05-18 15:50:00
402.7637,5.35,5.2520947,24781.0,1.8735191,1.74,0.08990512,0.05,2024-05-18 15:55:00
400.47858,5.55,5.179865,27124.0,1.6816313,1.78,0.096910015,0.02,2024-05-18 16:00:00
398.92014,5.62,5.507023,30142.0,1.4949998,1.79,0.08278538,0.11,2024-05-18 16:05:00
401.50046,5.52,5.6755705,28407.0,1.6184696,1.78,0.045322984,0.03,2024-05-18 16:10:00
402.07242,5.26,5.6642213,31402.0,1.4706087,1.7,0.0293838,0.01,2024-05-18 16:15:00
407.61945,5.46,5.824483,32593.0,1.4786124,1.81,0.025305841,0.05,2024-05-18 16:20:00
406.5019,5.65,5.8002934,30539.0,1.564632,1.87,0.037426513,0.1,2024-05-18 16:25:00
405.0129,5.7,5.929325,24931.0,1.8948117,1.87,0.012837212,0.03,2024-05-18 16:30:00
410.4002,4.69,6.075533,29549.0,1.6658181,1.58,-0.08618615,0.02,2024-05-18 16:45:00
407.18045,5.08,6.0917897,30081.0,1.5967232,1.68,-0.045757502,0.04,2024-05-18 16:50:00
419.12207,4.92,5.8893123,27966.0,1.8791909,1.73,-0.05551733,0.06,2024-05-18 17:10:00
401.46057,5.46,5.9082737,25739.0,1.7856812,1.76,0.0,0.05,2024-05-18 17:25:00
400.4495,5.17,6.014499,26680.0,1.7092303,1.66,-0.031517047,0.02,2024-05-18 17:30:00
404.61325,5.92,6.3022137,24686.0,1.9077451,1.94,-0.031517047,0.07,2024-05-18 17:35:00
400.3228,6.18,6.316399,32045.0,1.4216685,1.98,-0.0043648016,0.04,2024-05-18 17:50:00
397.9526,6.18,6.330474,29379.0,1.5222754,1.96,-0.013228253,0.04,2024-05-18 17:55:00
395.45956,5.7,5.864077,36369.0,1.205876,1.78,-0.022276402,0.07,2024-05-18 18:00:00
408.84586,5.51,6.2905483,19602.0,2.4816463,1.84,-0.07572073,0.1,2024-05-18 18:10:00
407.61053,5.53,6.4093995,17898.0,2.692432,1.84,-0.08618615,0.02,2024-05-18 18:15:00
384.91925,5.43,6.096909,18528.0,2.1761177,1.61,-0.06550154,0.05,2024-05-18 18:25:00
411.85858,5.39,6.011123,23959.0,2.0772917,1.83,-0.045757502,0.02,2024-05-18 18:30:00
396.5423,5.35,6.1856685,18528.0,2.3872721,1.68,-0.05551733,0.06,2024-05-18 18:40:00
403.0729,5.26,6.2411294,17279.0,2.6933687,1.71,-0.09151498,0.04,2024-05-18 18:45:00
403.0729,5.26,6.222331,17279.0,2.6933687,1.71,-0.09151498,0.04,2024-05-18 18:50:00
403.61322,5.44,6.159488,16811.0,2.7799177,1.77,-0.06550154,0.01,2024-05-18 18:55:00
403.11115,5.42,6.151577,16663.0,2.7937624,1.76,-0.06550154,0.02,2024-05-18 19:00:00
405.8325,4.24,5.9437113,15148.0,3.138221,1.4,-0.14874166,0.02,2024-05-18 19:05:00
400.36078,5.68,5.9505124,22429.0,2.031781,1.82,0.0,0.04,2024-05-18 19:10:00
399.1617,5.63,5.9643607,21207.0,2.1288862,1.79,-0.008773916,0.06,2024-05-18 19:15:00
397.43808,5.71,5.9043546,23242.0,1.9164947,1.8,0.008600163,0.03,2024-05-18 19:20:00
410.27432,5.21,5.6515307,21216.0,2.3178864,1.75,-0.013228253,0.07,2024-05-18 19:25:00
406.04324,5.44,5.8161325,21156.0,2.250646,1.79,-0.008773916,0.03,2024-05-18 19:40:00
400.00464,5.63,5.406099,24931.0,1.8228209,1.8,0.033423774,0.05,2024-05-18 19:45:00
400.95703,5.2,5.665342,21673.0,2.1124177,1.67,-0.036212165,0.1,2024-05-18 19:50:00
401.40704,4.86,5.9445686,20040.0,2.2925432,1.57,-0.07572073,0.02,2024-05-18 19:55:00
401.60605,4.93,5.910897,17902.0,2.5703,1.59,-0.07058106,0.02,2024-05-18 20:00:00
399.32004,4.83,5.918564,17169.0,2.6328304,1.54,-0.08092192,0.01,2024-05-18 20:05:00
399.00443,4.98,5.878282,17899.0,2.5192432,1.59,-0.060480744,0.01,2024-05-18 20:10:00
398.70285,4.95,5.8830013,17654.0,2.5481997,1.57,-0.06550154,0.02,2024-05-18 20:15:00
398.77338,4.97,5.920287,16616.0,2.7088766,1.58,-0.07058106,0.03,2024-05-18 20:20:00
398.2381,5.12,5.660963,21611.0,2.074077,1.62,-0.0043648016,0.04,2024-05-18 20:30:00
399.87613,4.62,5.727242,23718.0,1.9141288,1.48,-0.05061,0.02,2024-05-18 20:50:00
398.63058,4.48,5.7665763,23479.0,1.9149259,1.42,-0.07572073,0.02,2024-05-18 20:55:00
394.80524,4.63,5.6736407,21383.0,2.0404527,1.44,-0.05061,0.1,2024-05-18 21:05:00
394.0195,4.75,5.739564,20483.0,2.1169388,1.47,-0.05551733,0.02,2024-05-18 21:10:00
394.60287,4.88,5.6776934,20040.0,2.173724,1.52,-0.05061,0.08,2024-05-18 21:15:00
400.59918,5.07,5.5448985,20931.0,2.181231,1.63,0.0,0.02,2024-05-18 21:20:00
395.807,4.82,5.6120315,21937.0,2.0046754,1.51,-0.026872149,0.03,2024-05-18 21:25:00
397.43326,4.96,5.499945,21171.0,2.1038916,1.57,0.008600163,0.01,2024-05-18 21:30:00
397.55466,5.05,5.476477,19820.0,2.2494376,1.6,0.017033322,0.01,2024-05-18 21:35:00
393.3358,5.03,5.4981174,18740.0,2.3013587,1.56,0.0,0.05,2024-05-18 21:45:00
391.8204,5.05,5.61237,19701.0,2.1629524,1.55,-0.0043648016,0.01,2024-05-18 21:50:00
392.7254,5.08,5.587173,18740.0,2.2902596,1.57,0.0,0.02,2024-05-18 21:55:00
392.43262,5.03,5.579274,18319.0,2.3374603,1.55,-0.008773916,0.02,2024-05-18 22:00:00
390.83258,4.98,5.555394,19473.0,2.1711485,1.52,-0.0043648016,0.02,2024-05-18 22:05:00
392.64447,4.56,5.6276903,18107.0,2.3688037,1.41,-0.07058106,0.06,2024-05-18 22:35:00
392.23697,4.55,5.64498,18247.0,2.3430436,1.4,-0.060480744,0.03,2024-05-18 22:40:00
395.7427,4.02,5.5761905,16175.0,2.7174234,1.26,-0.10790541,0.01,2024-05-18 22:45:00
392.0113,4.44,5.5767107,21272.0,2.0062513,1.36,-0.05061,0.02,2024-05-18 22:50:00
390.50543,4.55,5.5029993,20625.0,2.0445437,1.39,-0.031517047,0.01,2024-05-18 23:05:00
389.40726,4.52,5.5166473,20342.0,2.054894,1.37,-0.0409586,0.02,2024-05-18 23:10:00
387.80432,4.43,5.483375,20203.0,2.042634,1.33,-0.045757502,0.03,2024-05-18 23:15:00
388.51523,4.39,5.4755454,22400.0,1.8528252,1.33,-0.036212165,0.01,2024-05-18 23:20:00
387.10376,4.33,5.4878955,19447.0,2.1101305,1.3,-0.05551733,0.01,2024-05-18 23:25:00
390.63232,4.45,5.4733534,19389.0,2.1770787,1.36,-0.0409586,0.02,2024-05-18 23:30:00
393.76227,4.57,5.4399724,21260.0,2.0354278,1.42,-0.017728778,0.02,2024-05-18 23:35:00
391.6369,4.46,5.4826636,20157.0,2.1109405,1.37,-0.036212165,0.01,2024-05-18 23:40:00
389.83432,4.57,5.446623,20753.0,2.0210822,1.39,-0.022276402,0.03,2024-05-18 23:45:00
390.3341,4.55,5.4432435,20529.0,2.0513005,1.39,-0.022276402,0.01,2024-05-18 23:50:00
389.7299,4.54,5.4318504,20095.0,2.0855217,1.38,-0.022276402,0.01,2024-05-19 00:00:00
389.0286,4.5,5.4474216,20040.0,2.0795531,1.36,-0.026872149,0.01,2024-05-19 00:05:00
386.5086,4.46,5.430847,20662.0,1.976557,1.33,-0.026872149,0.01,2024-05-19 00:30:00
384.50397,4.44,5.429862,21202.0,1.8952857,1.31,-0.031517047,0.02,2024-05-19 00:35:00
395.33215,4.7,5.4312887,23005.0,1.9044789,1.47,0.0,0.01,2024-05-19 00:40:00
395.33215,4.7,5.4345655,23005.0,1.9044789,1.47,0.0,0.01,2024-05-19 00:45:00
388.40668,4.48,5.4595423,19127.0,2.167993,1.35,-0.036212165,0.01,2024-05-19 00:50:00
387.60843,4.51,5.503717,19516.0,2.1112149,1.35,-0.036212165,0.01,2024-05-19 00:55:00
389.83417,4.76,5.410989,19299.0,2.1733494,1.45,-0.017728778,0.04,2024-05-19 01:05:00
389.53986,4.88,5.429972,21890.0,1.9116023,1.48,-0.008773916,0.05,2024-05-19 01:10:00
388.98444,4.66,5.4946156,20198.0,2.0625565,1.41,-0.036212165,0.05,2024-05-19 01:15:00
377.28424,4.88,5.4037485,18528.0,2.044543,1.39,-0.036212165,0.02,2024-05-19 01:20:00
379.0824,4.8,5.385694,23252.0,1.653456,1.38,-0.0043648016,0.06,2024-05-19 01:25:00
389.62567,4.92,5.3470926,19077.0,2.1949823,1.49,-0.0043648016,0.03,2024-05-19 01:30:00
389.18878,4.9,5.4618955,26227.0,1.5910201,1.49,-0.013228253,0.04,2024-05-19 01:35:00
397.05634,5.64,5.4852076,24128.0,1.8406053,1.78,0.033423774,0.03,2024-05-19 01:40:00
398.31274,5.37,5.5740113,20931.0,2.1427088,1.71,0.00432137,0.01,2024-05-19 01:45:00
394.88492,5.08,5.503781,21636.0,2.0178602,1.58,-0.017728778,0.01,2024-05-19 01:50:00
385.92862,5.1,5.484168,22211.0,1.8301361,1.52,-0.013228253,0.02,2024-05-19 01:55:00
380.23752,5.01,5.594587,22071.0,1.758508,1.45,-0.022276402,0.01,2024-05-19 02:00:00
391.7641,5.09,5.667707,32845.0,1.296796,1.56,0.008600163,0.05,2024-05-19 02:05:00
387.89224,5.0,5.8176455,27707.0,1.4904703,1.5,-0.026872149,0.03,2024-05-19 02:10:00
384.95505,5.0,5.8898554,25580.0,1.5766526,1.48,-0.05061,0.09,2024-05-19 02:15:00
380.43665,5.05,5.8562446,22536.0,1.7250326,1.46,-0.0409586,0.09,2024-05-19 02:20:00
389.0843,4.72,6.0338793,20483.0,2.0354843,1.43,-0.10237289,0.03,2024-05-19 02:25:00
384.91705,4.93,6.0494213,28489.0,1.4152265,1.46,-0.05061,0.02,2024-05-19 02:30:00
385.72757,4.85,6.068122,25674.0,1.5807145,1.44,-0.07572073,0.01,2024-05-19 02:35:00
387.8279,4.98,6.0200167,28752.0,1.4355574,1.5,-0.045757502,0.02,2024-05-19 02:40:00
385.1208,4.96,6.1165843,26427.0,1.5281664,1.47,-0.07058106,0.03,2024-05-19 02:45:00
385.73276,5.15,6.0070796,31856.0,1.2740132,1.53,-0.031517047,0.05,2024-05-19 02:50:00
383.30887,5.6,5.8586173,28489.0,1.3969011,1.65,0.008600163,0.1,2024-05-19 02:55:00
379.61542,6.03,5.904354,30336.0,1.2729,1.74,0.053078443,0.05,2024-05-19 03:05:00
384.98743,6.19,5.8318863,28191.0,1.4310006,1.84,0.064457975,0.02,2024-05-19 03:10:00
380.31284,6.11,5.844861,29549.0,1.3142904,1.77,0.06069783,0.02,2024-05-19 03:15:00
386.06958,6.65,6.2628584,24702.0,1.6474531,1.98,0.0293838,0.3,2024-05-19 03:45:00
384.53064,6.21,6.3246584,24503.0,1.6403102,1.84,-0.017728778,0.08,2024-05-19 03:50:00
384.58984,6.11,6.4266396,25197.0,1.5958959,1.81,-0.036212165,0.06,2024-05-19 03:55:00
385.6571,5.95,6.410125,25178.0,1.6109377,1.77,-0.11350928,0.38,2024-05-19 04:05:00
385.6571,5.95,6.322436,25178.0,1.6109377,1.77,-0.06550154,0.37,2024-05-19 04:10:00
397.6464,8.4,8.234999,46757.0,0.9542077,2.66,-0.045757502,0.02,2024-05-19 05:05:00
387.77094,7.74,8.225357,45090.0,0.91497606,2.33,-0.07572073,0.1,2024-05-19 05:15:00
382.20657,6.72,7.7547536,48797.0,0.8082697,1.96,-0.08618615,0.05,2024-05-19 05:30:00
399.41577,6.5,7.2844625,39649.0,1.1409316,2.07,-0.07058106,0.04,2024-05-19 05:45:00
389.4931,6.89,7.198465,35388.0,1.1820205,2.09,-0.045757502,0.05,2024-05-19 06:45:00
389.11685,7.07,7.1410017,34838.0,1.1970743,2.14,-0.026872149,0.09,2024-05-19 06:50:00
390.67957,6.87,7.148741,35515.0,1.1889982,2.1,-0.036212165,0.04,2024-05-19 06:55:00
390.8054,6.85,7.248765,35304.0,1.197304,2.09,-0.05061,0.08,2024-05-19 07:00:00
388.9255,7.2,7.096013,36315.0,1.1466302,2.18,-0.0043648016,0.05,2024-05-19 07:05:00
380.93994,7.34,6.958915,32613.0,1.1969354,2.13,0.012837212,0.09,2024-05-19 07:20:00
380.48285,7.28,6.9843826,34486.0,1.1277049,2.11,0.00432137,0.08,2024-05-19 07:25:00
370.10718,6.47,6.9656157,34686.0,1.0287374,1.77,-0.045757502,0.08,2024-05-19 07:30:00
368.1188,6.16,7.023083,35148.0,0.9983326,1.67,-0.07572073,0.04,2024-05-19 07:35:00
370.35043,6.05,7.0915937,37136.0,0.9628351,1.66,-0.08092192,0.04,2024-05-19 07:40:00
371.2255,6.37,7.1443825,35725.0,1.0082436,1.76,-0.07058106,0.01,2024-05-19 07:45:00
357.38855,6.09,7.1769285,67910.0,0.4712467,1.57,-0.017728778,0.03,2024-05-19 07:50:00
369.75085,6.0,7.3079,33412.0,1.0647658,1.64,-0.119186416,0.04,2024-05-19 07:55:00
370.44324,6.06,7.315723,33696.0,1.0619583,1.66,-0.11350928,0.02,2024-05-19 08:00:00
372.89258,6.09,7.3778453,34848.0,1.0481359,1.69,-0.119186416,0.02,2024-05-19 08:05:00
372.6947,5.89,7.4397516,35139.0,1.0377396,1.64,-0.1426675,0.04,2024-05-19 08:10:00
374.0954,6.04,7.5018263,38116.0,0.96792567,1.69,-0.13076828,0.02,2024-05-19 08:15:00
370.49335,6.73,7.2990546,33411.0,1.071468,1.85,-0.07058106,0.03,2024-05-19 08:25:00
368.10568,6.62,7.288882,33127.0,1.0591209,1.79,-0.07572073,0.05,2024-05-19 08:30:00
369.17407,6.97,7.375744,40898.0,0.86565304,1.9,-0.045757502,0.01,2024-05-19 08:35:00
369.17407,6.97,7.407604,40898.0,0.86565304,1.9,-0.045757502,0.03,2024-05-19 08:40:00
373.6594,6.85,7.460684,44222.0,0.83125514,1.91,-0.05551733,0.03,2024-05-19 08:45:00
371.66806,6.83,7.484457,39698.0,0.9107096,1.89,-0.07058106,0.05,2024-05-19 08:50:00
370.37244,6.62,7.571242,36910.0,0.96890986,1.82,-0.09691001,0.06,2024-05-19 08:55:00
370.5388,7.17,7.70616,26262.0,1.3636615,1.97,-0.10790541,0.02,2024-05-19 09:00:00
372.3051,7.47,7.7541604,26000.0,1.3979464,2.07,-0.09691001,0.01,2024-05-19 09:05:00
372.57993,7.65,7.726066,28319.0,1.286422,2.12,-0.08092192,0.02,2024-05-19 09:10:00
372.72244,7.88,7.7334986,24687.0,1.477441,2.19,-0.07572073,0.03,2024-05-19 09:15:00
371.92737,7.86,7.722474,24443.0,1.4823028,2.17,-0.07572073,0.02,2024-05-19 09:20:00
371.205,7.99,7.655207,25055.0,1.43737,2.2,-0.060480744,0.05,2024-05-19 09:25:00
370.2873,7.86,7.657421,24809.0,1.4404801,2.15,-0.06550154,0.01,2024-05-19 09:30:00
369.00867,8.09,7.573969,25220.0,1.4018288,2.2,-0.045757502,0.03,2024-05-19 09:35:00
371.4415,7.66,7.510739,26555.0,1.3588696,2.11,-0.060480744,0.03,2024-05-19 09:40:00
378.4137,7.86,6.9781446,28363.0,1.3480743,2.25,-0.026872149,0.1,2024-05-19 09:45:00
392.2635,8.05,6.9635262,38878.0,1.0999154,2.47,0.025305841,0.06,2024-05-19 09:50:00
372.99078,8.18,7.3086867,23496.0,1.5558134,2.28,-0.022276402,0.04,2024-05-19 09:55:00
385.91022,10.19,7.3153744,22616.0,1.7970958,3.03,0.07554698,0.08,2024-05-19 10:05:00
384.8131,10.13,6.889013,23242.0,1.7332636,3.0,0.1105897,0.14,2024-05-19 10:10:00
385.18893,9.96,7.183043,25379.0,1.5921474,2.96,0.08990512,0.09,2024-05-19 10:25:00
386.31586,11.14,6.915989,25674.0,1.5882314,3.32,0.16731733,0.04,2024-05-19 10:30:00
383.6288,9.4,7.280522,17484.0,2.2820756,2.77,0.02118928,0.18,2024-05-19 10:35:00
385.41495,9.91,7.376761,19242.0,2.1037817,2.94,0.053078443,0.13,2024-05-19 10:40:00
382.17752,10.44,7.6173096,15878.0,2.4834237,3.05,0.025305841,0.03,2024-05-19 10:45:00
384.2769,10.51,7.762532,15396.0,2.6052232,3.1,0.025305841,0.14,2024-05-19 10:50:00
387.84003,10.88,7.3856416,21798.0,1.8937134,3.27,0.09342169,0.13,2024-05-19 10:55:00
389.41824,11.43,7.6302686,27482.0,1.5211527,3.46,0.14612804,0.56,2024-05-19 11:00:00
395.37683,6.64,8.714648,19728.0,2.2216113,2.08,-0.26760623,0.09,2024-05-19 11:05:00
390.4517,6.37,8.72031,18895.0,2.2307832,1.94,-0.29242983,0.04,2024-05-19 11:15:00
390.8521,6.33,8.8261595,17898.0,2.3625748,1.93,-0.30980393,0.01,2024-05-19 11:20:00
393.49237,6.15,8.83265,21316.0,2.025752,1.91,-0.30980393,0.01,2024-05-19 11:25:00
389.2991,7.55,8.436788,30350.0,1.3760961,2.29,-0.16115092,0.05,2024-05-19 11:30:00
392.61517,6.08,8.105584,41509.0,1.0330765,1.87,-0.25181198,0.17,2024-05-19 11:35:00
399.45947,5.06,8.874401,40037.0,1.1302598,1.62,-0.35654733,0.04,2024-05-19 11:40:00
404.03644,5.37,8.805016,52467.0,0.8936266,1.75,-0.30103,0.02,2024-05-19 11:45:00
399.44366,4.47,9.104883,45697.0,0.99014455,1.42,-0.40893543,0.02,2024-05-19 11:50:00
398.2648,4.98,9.034119,42338.0,1.0589126,1.58,-0.37675074,0.03,2024-05-19 11:55:00
398.2608,5.58,9.102994,39758.0,1.127593,1.77,-0.32790217,0.04,2024-05-19 12:00:00
400.8422,4.94,8.897135,33486.0,1.3659923,1.58,-0.38721615,0.06,2024-05-19 12:05:00
396.2256,4.69,8.870231,50467.0,0.8742644,1.47,-0.37675074,0.05,2024-05-19 12:10:00
396.475,5.29,9.106816,34761.0,1.2717706,1.66,-0.36653155,0.06,2024-05-19 12:15:00
391.93045,5.59,9.057577,36910.0,1.1555024,1.72,-0.3372422,0.16,2024-05-19 12:20:00
390.92633,5.75,8.911234,46153.0,0.9167413,1.76,-0.2839967,0.05,2024-05-19 12:25:00
394.64594,6.04,8.93623,25006.0,1.7426307,1.88,-0.3187588,0.04,2024-05-19 12:30:00
394.88004,6.03,8.825525,22848.0,1.9107466,1.88,-0.3187588,0.06,2024-05-19 12:35:00
390.95886,5.71,8.770029,17661.0,2.3963149,1.74,-0.3467875,0.02,2024-05-19 12:40:00
387.1162,3.67,8.940163,47432.0,0.8652346,1.1,-0.49485007,0.11,2024-05-19 12:45:00
409.92447,2.44,7.992259,19791.0,2.4781897,0.83,-0.67778075,0.26,2024-05-19 12:50:00
413.6186,3.34,7.50757,26948.0,1.8715637,1.15,-0.52287877,0.06,2024-05-19 12:55:00
402.8325,3.69,7.2826715,33594.0,1.3827574,1.21,-0.4685211,0.03,2024-05-19 13:00:00
398.3324,3.3,8.60598,16396.0,2.7357845,1.05,-0.56863624,0.03,2024-05-19 13:05:00
395.51138,3.25,8.693998,18238.0,2.4056585,1.02,-0.5850267,0.02,2024-05-19 13:10:00
395.80457,3.54,8.594388,17942.0,2.4509935,1.11,-0.552842,0.06,2024-05-19 13:20:00
402.14807,4.02,8.835644,22139.0,2.0871363,1.3,-0.49485007,0.05,2024-05-19 13:25:00
405.31177,4.81,8.438039,36910.0,1.2828002,1.58,-0.36653155,0.08,2024-05-19 13:30:00
398.0371,4.25,8.684682,19090.0,2.3442898,1.35,-0.4685211,0.06,2024-05-19 13:35:00
406.38007,6.26,8.681308,28752.0,1.6603272,2.07,-0.27572417,0.07,2024-05-19 13:45:00
402.04977,4.98,9.034445,27088.0,1.7045171,1.62,-0.40893543,0.09,2024-05-19 13:50:00
384.88953,3.54,9.034871,18740.0,2.1509826,1.05,-0.60206,0.01,2024-05-19 13:55:00
412.84082,3.48,9.257332,26780.0,1.8723023,1.18,-0.5850267,0.02,2024-05-19 14:05:00
408.07724,3.51,9.329657,24931.0,1.9397981,1.17,-0.5850267,0.01,2024-05-19 14:20:00
404.44952,2.78,9.322371,16272.0,2.8905666,0.91,-0.7212464,0.01,2024-05-19 14:50:00
396.2918,3.47,9.210402,24991.0,1.7664145,1.09,-0.5850267,0.02,2024-05-19 14:55:00
393.76648,3.51,9.354278,21944.0,1.9720486,1.09,-0.60206,0.01,2024-05-19 15:00:00
389.68237,3.53,9.35207,22086.0,1.8967968,1.07,-0.60206,0.02,2024-05-19 15:05:00
394.80118,4.0,9.443103,23437.0,1.8615695,1.24,-0.552842,0.02,2024-05-19 15:10:00
392.76892,4.12,9.476671,22856.0,1.8784684,1.27,-0.53760207,0.03,2024-05-19 15:15:00
395.257,4.0,9.455089,24596.0,1.7802329,1.25,-0.552842,0.03,2024-05-19 15:20:00
394.76218,4.51,9.440217,22303.0,1.9556197,1.41,-0.49485007,0.02,2024-05-19 15:25:00
395.3518,4.26,9.471335,19385.0,2.2604756,1.33,-0.53760207,0.06,2024-05-19 15:30:00
401.57404,3.98,9.722356,20706.0,2.2216794,1.28,-0.5850267,0.04,2024-05-19 15:40:00
388.18066,4.01,9.516007,18978.0,2.1810584,1.21,-0.56863624,0.19,2024-05-19 15:45:00
395.42487,5.23,9.313544,24043.0,1.823588,1.64,-0.4202164,0.01,2024-05-19 15:50:00
391.37146,5.39,9.290151,26902.0,1.5783406,1.65,-0.39794,0.02,2024-05-19 15:55:00
392.84833,4.87,9.418991,27210.0,1.5788788,1.51,-0.455932,0.05,2024-05-19 16:00:00
392.88684,5.07,9.309505,31348.0,1.370882,1.57,-0.4202164,0.04,2024-05-19 16:05:00
400.9704,4.85,9.28978,26754.0,1.711414,1.56,-0.4436975,0.03,2024-05-19 16:10:00
396.97037,5.53,9.317746,31175.0,1.4235826,1.74,-0.37675074,0.02,2024-05-19 16:15:00
397.10526,5.22,9.168974,45637.0,0.97348976,1.64,-0.35654733,0.02,2024-05-19 16:20:00
395.7241,4.88,9.259725,32710.0,1.3435613,1.53,-0.4202164,0.02,2024-05-19 16:25:00
400.379,4.98,9.298156,34183.0,1.3333317,1.6,-0.40893543,0.05,2024-05-19 16:30:00
398.04535,4.49,9.323921,27091.0,1.6520386,1.43,-0.48148608,0.05,2024-05-19 16:35:00
394.72137,4.15,9.442992,22419.0,1.9448755,1.3,-0.53760207,0.02,2024-05-19 16:40:00
396.2015,4.38,9.421141,24200.0,1.8228576,1.38,-0.5086383,0.01,2024-05-19 16:45:00
393.3084,5.51,9.228592,29282.0,1.4725128,1.7,-0.37675074,0.07,2024-05-19 16:50:00
393.3084,5.51,9.144621,29282.0,1.4725128,1.7,-0.36653155,0.03,2024-05-19 16:55:00
399.21622,4.71,9.1678295,30212.0,1.494985,1.5,-0.4436975,0.1,2024-05-19 17:00:00
395.31702,4.76,9.404286,24686.0,1.7745811,1.49,-0.4685211,0.03,2024-05-19 17:10:00
393.55786,5.66,9.063559,33127.0,1.3041719,1.75,-0.3372422,0.02,2024-05-19 17:30:00
397.8616,3.77,9.18963,20040.0,2.2300947,1.19,-0.56863624,0.04,2024-05-19 17:45:00
393.23,4.5,9.171461,21056.0,2.0465121,1.39,-0.48148608,0.04,2024-05-19 17:50:00
391.39462,5.41,9.159317,27607.0,1.5383179,1.66,-0.37675074,0.04,2024-05-19 18:00:00
392.7808,5.4,9.057092,26174.0,1.640495,1.67,-0.37675074,0.03,2024-05-19 18:05:00
388.8437,5.41,8.967441,28832.0,1.4432789,1.63,-0.35654733,0.01,2024-05-19 18:10:00
389.17825,5.13,9.003872,23721.0,1.7589551,1.56,-0.39794,0.02,2024-05-19 18:15:00
389.94565,5.25,9.000272,23360.0,1.7971243,1.6,-0.38721615,0.01,2024-05-19 18:20:00
389.3249,5.28,8.960239,23571.0,1.7722254,1.6,-0.37675074,0.02,2024-05-19 18:25:00
390.49524,4.84,8.998272,26008.0,1.6212428,1.48,-0.4202164,0.09,2024-05-19 18:30:00
391.64835,5.34,8.831313,32004.0,1.3296493,1.64,-0.3467875,0.03,2024-05-19 18:35:00
393.3338,5.23,8.874147,31451.0,1.3712372,1.62,-0.35654733,0.01,2024-05-19 18:40:00
393.826,5.32,8.882393,30992.0,1.3969734,1.65,-0.3467875,0.02,2024-05-19 18:45:00
392.2364,5.34,8.894425,30064.0,1.4220767,1.64,-0.3467875,0.02,2024-05-19 18:50:00
388.7037,4.82,9.039967,27279.0,1.5237359,1.46,-0.4202164,0.06,2024-05-19 18:55:00
386.4905,4.82,9.065683,30707.0,1.3297837,1.44,-0.40893543,0.08,2024-05-19 19:00:00
385.17755,5.34,8.74282,39304.0,1.0279715,1.58,-0.30980393,0.08,2024-05-19 19:05:00
381.64554,4.81,8.81009,34552.0,1.1362927,1.41,-0.37675074,0.11,2024-05-19 19:10:00
389.62152,6.71,8.4886875,40562.0,1.0323033,2.04,-0.18708667,0.29,2024-05-19 19:15:00
396.12527,7.74,8.132963,39840.0,1.1065948,2.43,-0.08618615,0.05,2024-05-19 19:20:00
397.23697,8.87,7.8192644,39406.0,1.1285856,2.8,0.00432137,0.07,2024-05-19 19:25:00
395.4117,9.46,7.536266,42620.0,1.0286247,2.96,0.07188199,0.07,2024-05-19 19:30:00
393.9523,9.64,7.4716196,40467.0,1.0709527,2.99,0.08278538,0.03,2024-05-19 19:35:00
393.79938,9.41,7.56123,43850.0,0.9871356,2.92,0.07188199,0.05,2024-05-19 19:40:00
395.34912,9.48,7.586165,49116.0,0.89214075,2.96,0.07918126,0.05,2024-05-19 19:45:00
394.02338,8.46,7.4995265,55360.0,0.7832837,2.63,0.045322984,0.12,2024-05-19 19:50:00
399.64255,8.73,6.2812977,63032.0,0.71894926,2.79,0.22530928,0.89,2024-05-19 19:55:00
399.68033,12.82,5.2704463,68488.0,0.6618698,4.1,0.4983106,0.2,2024-05-19 20:00:00
397.18063,14.92,5.667142,54316.0,0.81842196,4.71,0.5465427,0.15,2024-05-19 20:05:00
400.98688,15.11,5.487076,57074.0,0.80234486,4.86,0.57170886,0.06,2024-05-19 20:10:00
399.3466,14.19,5.8207645,53888.0,0.8390071,4.53,0.49968714,0.16,2024-05-19 20:15:00
397.51785,13.47,6.008086,52082.0,0.85578513,4.26,0.4456042,0.04,2024-05-19 20:20:00
399.7215,14.02,6.011073,56465.0,0.80305827,4.48,0.46538287,0.07,2024-05-19 20:25:00
396.72678,13.65,6.0226073,52046.0,0.85108304,4.3,0.4456042,0.04,2024-05-19 20:30:00
389.91385,13.12,6.004965,52854.0,0.79407734,4.0,0.43775058,0.03,2024-05-19 20:35:00
391.1907,13.16,6.0617733,53247.0,0.79627943,4.03,0.4313638,0.09,2024-05-19 20:40:00
397.16638,14.1,5.8474607,54596.0,0.81413376,4.44,0.4899585,0.05,2024-05-19 20:45:00
400.2581,14.05,5.722211,53800.0,0.84636503,4.5,0.50515,0.1,2024-05-19 20:50:00
400.42508,14.66,5.76772,51942.0,0.87777925,4.7,0.518514,0.04,2024-05-19 20:55:00
401.1122,14.83,5.6043196,54715.0,0.837752,4.78,0.56348115,0.1,2024-05-19 21:00:00
401.6158,14.86,5.4835114,54554.0,0.8435127,4.79,0.5797836,0.13,2024-05-19 21:05:00
406.75717,16.78,4.4728737,50530.0,0.94747216,5.55,0.83122975,0.29,2024-05-19 21:10:00
408.17313,16.98,3.9745314,52388.0,0.92380875,5.66,0.9074114,0.2,2024-05-19 21:15:00
409.32483,18.5,2.4585767,54418.0,0.8971821,6.2,1.4173057,0.34,2024-05-19 21:20:00
409.1081,17.23,3.7881525,54906.0,0.887743,5.78,1.0958666,1.13,2024-05-19 21:25:00
405.34622,14.0,4.7802615,53838.0,0.87968874,4.6,0.65705585,0.51,2024-05-19 21:30:00
409.15265,16.64,4.2707963,55912.0,0.87206596,5.57,0.84633714,0.01,2024-05-19 21:35:00
406.8468,14.99,5.2264714,51232.0,0.9351308,4.96,0.6222141,0.04,2024-05-19 21:55:00
405.72345,13.54,5.711366,49773.0,0.954293,4.46,0.4941546,0.31,2024-05-19 22:00:00
405.30853,13.36,5.560027,48955.0,0.96715295,4.39,0.4927604,0.28,2024-05-19 22:05:00
406.62646,14.3,5.049921,49487.0,0.96647394,4.73,0.5352942,0.61,2024-05-19 22:10:00
402.65152,11.46,6.177143,44432.0,1.0440093,3.72,0.31175387,0.16,2024-05-19 22:20:00
401.70874,13.33,4.3413477,54331.0,0.8475852,4.3,0.6424645,0.42,2024-05-19 22:25:00
399.51822,12.6,4.8218875,60179.0,0.7523045,4.02,0.5854607,0.19,2024-05-19 22:30:00
397.06848,12.61,5.047703,58814.0,0.7551661,3.97,0.56229293,0.14,2024-05-19 22:35:00
398.7913,12.31,5.498445,52868.0,0.85149795,3.92,0.4329693,0.15,2024-05-19 22:40:00
404.0082,12.28,5.6973243,49905.0,0.9392989,4.01,0.35218254,0.08,2024-05-19 22:45:00
415.54538,7.14,7.380569,70951.0,0.7212004,2.43,0.045322984,0.54,2024-05-19 22:50:00
414.22577,7.55,7.4574933,72217.0,0.70157635,2.59,0.049218025,0.26,2024-05-19 22:55:00
415.59814,6.2,8.131703,70543.0,0.7256585,2.14,-0.11350928,0.09,2024-05-19 23:00:00
412.5571,6.73,8.015965,73268.0,0.6828774,2.29,-0.05061,0.08,2024-05-19 23:20:00
412.6406,6.05,8.063554,71856.0,0.696735,2.06,-0.10790541,0.1,2024-05-19 23:35:00
416.82498,5.29,8.352688,66688.0,0.77468204,1.84,-0.21467017,0.02,2024-05-19 23:40:00
416.82736,5.77,8.073692,68798.0,0.7509362,2.01,-0.1426675,0.12,2024-05-19 23:45:00
413.3452,6.84,7.724157,67661.0,0.7438732,2.34,-0.05061,0.11,2024-05-19 23:50:00
401.31726,6.74,7.464623,64892.0,0.7074922,2.18,-0.05061,0.08,2024-05-19 23:55:00
396.7587,6.38,7.2936893,64902.0,0.6826687,2.01,-0.08618615,0.12,2024-05-20 00:00:00
