V,Np,B,Tp,Texp/Tp,Pdyn,logBeta,B_rms,Time
306.0572,5.0,3.2854073,25905.0,0.7623863,0.93,0.47129175,0.07,2020-07-10 00:00:00
305.7434,4.8,3.3727288,23617.0,0.83357966,0.9,0.4313638,0.08,2020-07-10 00:05:00
306.02133,4.96,3.2884343,25066.0,0.7876174,0.93,0.46389303,0.02,2020-07-10 00:10:00
307.5845,5.01,3.1990469,27191.0,0.7376722,0.95,0.4899585,0.06,2020-07-10 00:15:00
305.2895,5.02,3.1703944,28829.0,0.6797257,0.94,0.5065051,0.05,2020-07-10 00:20:00
302.6178,4.88,3.03193,25426.0,0.74989706,0.9,0.50515,0.08,2020-07-10 00:25:00
303.76202,5.21,3.0048127,26885.0,0.71758264,0.96,0.5526682,0.03,2020-07-10 00:30:00
301.9712,5.09,3.0537517,30450.0,0.6220147,0.93,0.5526682,0.04,2020-07-10 00:35:00
300.76538,5.06,2.7901433,31791.0,0.5884023,0.92,0.59106463,0.08,2020-07-10 00:40:00
292.90997,5.11,2.3379693,37001.0,0.46557018,0.88,0.7032914,0.1,2020-07-10 00:45:00
295.121,5.13,2.4339678,36746.0,0.47990534,0.9,0.7387806,0.08,2020-07-10 00:50:00
294.9416,5.13,2.6130633,36564.0,0.48138186,0.89,0.673942,0.06,2020-07-10 00:55:00
295.68665,5.14,3.0044801,35387.0,0.5013149,0.9,0.5728716,0.06,2020-07-10 01:00:00
300.80942,5.09,2.9930918,31727.0,0.589858,0.92,0.5728716,0.02,2020-07-10 01:05:00
301.58417,5.09,3.05,30628.0,0.61593574,0.93,0.55022836,0.02,2020-07-10 01:15:00
301.6349,5.31,3.01181,33056.0,0.57099336,0.97,0.59659714,0.01,2020-07-10 01:20:00
301.71698,5.42,3.1848075,34270.0,0.55123293,0.99,0.60422605,0.16,2020-07-10 01:25:00
300.4491,5.55,2.8096976,33393.0,0.55834234,1.0,0.6222141,0.07,2020-07-10 01:55:00
299.88745,5.21,2.928822,31122.0,0.5956058,0.94,0.5820634,0.07,2020-07-10 02:00:00
299.42487,5.15,3.0421374,28584.0,0.64538115,0.93,0.4983106,0.13,2020-07-10 02:05:00
298.46796,5.24,3.3793936,27296.0,0.66913366,0.94,0.4578819,0.07,2020-07-10 02:10:00
297.65875,5.22,3.2437325,27803.0,0.65140295,0.92,0.46686766,0.11,2020-07-10 02:15:00
295.98807,5.43,3.218167,27722.0,0.64195895,0.95,0.5010593,0.07,2020-07-10 02:20:00
296.3249,5.41,3.237916,31603.0,0.5651206,0.95,0.51587385,0.09,2020-07-10 02:25:00
296.8857,5.48,3.347387,29180.0,0.6156592,0.97,0.48429987,0.13,2020-07-10 02:30:00
296.6907,5.47,3.3549664,29680.0,0.6040508,0.96,0.48144266,0.06,2020-07-10 02:35:00
295.13153,5.12,3.2208848,28298.0,0.623244,0.89,0.46982205,0.06,2020-07-10 02:40:00
297.89273,5.48,2.684958,27528.0,0.6595217,0.97,0.54530716,0.17,2020-07-10 02:45:00
299.01242,4.95,2.9851298,33127.0,0.5544899,0.89,0.51587385,0.21,2020-07-10 02:50:00
297.53613,5.59,3.0894983,33582.0,0.53861415,0.99,0.5854607,0.09,2020-07-10 02:55:00
302.18704,5.55,2.9093127,35033.0,0.54184693,1.01,0.6364879,0.08,2020-07-10 03:00:00
306.02603,6.1,2.9242775,44180.0,0.4468846,1.14,0.68304706,0.08,2020-07-10 03:05:00
301.75436,6.16,2.7190256,36636.0,0.51583254,1.12,0.69897,0.11,2020-07-10 03:10:00
304.32373,6.04,2.7135954,38189.0,0.5080908,1.12,0.69196516,0.06,2020-07-10 03:15:00
306.00806,6.52,2.1562235,40626.0,0.48588952,1.22,0.7839036,0.2,2020-07-10 03:20:00
305.2185,6.11,2.5503922,37511.0,0.52202374,1.14,0.6963564,0.13,2020-07-10 03:25:00
304.0066,6.76,2.0842505,41240.0,0.46897686,1.25,0.9143432,0.15,2020-07-10 03:30:00
306.3008,6.93,2.2827616,39018.0,0.50742215,1.3,0.8481891,0.09,2020-07-10 03:35:00
305.20096,7.08,2.2924442,38024.0,0.51488864,1.32,0.8597386,0.09,2020-07-10 03:40:00
306.7029,7.5,2.7936537,39039.0,0.50922465,1.41,0.77524626,0.11,2020-07-10 03:45:00
300.81097,5.83,2.835789,33411.0,0.56013656,1.06,0.65705585,0.05,2020-07-10 03:50:00
308.3209,7.51,2.7168179,37511.0,0.53871965,1.43,0.83442074,0.09,2020-07-10 03:55:00
308.4351,7.53,2.7304761,36837.0,0.5492093,1.44,0.8567289,0.11,2020-07-10 04:00:00
306.25626,7.37,3.0128725,36094.0,0.5482804,1.38,0.7419391,0.02,2020-07-10 04:05:00
305.95987,7.38,3.07602,36024.0,0.5476924,1.38,0.7299743,0.06,2020-07-10 04:10:00
305.85236,7.31,3.1542668,35796.0,0.5505783,1.37,0.69983774,0.04,2020-07-10 04:15:00
305.12286,7.34,3.1967797,35050.0,0.55813223,1.37,0.6812413,0.06,2020-07-10 04:20:00
305.6231,7.4,2.8825336,38380.0,0.5123124,1.38,0.7831887,0.12,2020-07-10 04:25:00
305.42725,7.48,3.014465,39256.0,0.4998816,1.4,0.7737865,0.39,2020-07-10 04:30:00
307.64996,7.38,3.316459,38139.0,0.526268,1.4,0.65513843,0.02,2020-07-10 04:35:00
306.22433,7.38,3.3543108,38706.0,0.51111484,1.38,0.6493349,0.05,2020-07-10 04:40:00
305.3334,7.26,3.264353,36869.0,0.5317364,1.36,0.6702459,0.07,2020-07-10 04:45:00
305.04303,7.31,3.2680576,34848.0,0.56091034,1.36,0.6748612,0.05,2020-07-10 04:50:00
306.83136,7.32,3.3401346,44760.0,0.44471732,1.38,0.66370094,0.07,2020-07-10 04:55:00
305.80518,7.03,3.1691957,40898.0,0.48166266,1.31,0.6910815,0.05,2020-07-10 05:00:00
306.0121,6.97,3.2093925,39649.0,0.49788284,1.31,0.61489725,0.14,2020-07-10 05:05:00
313.2277,6.72,3.2924762,31242.0,0.67940545,1.32,0.5774918,0.04,2020-07-10 05:10:00
315.45026,6.98,3.251369,31276.0,0.69377065,1.39,0.6053051,0.03,2020-07-10 05:15:00
314.84122,7.13,3.4338608,28172.0,0.7655906,1.41,0.5820634,0.08,2020-07-10 05:20:00
314.94635,7.25,3.540819,26060.0,0.82849777,1.44,0.5670264,0.03,2020-07-10 05:25:00
318.05276,7.06,3.520469,27587.0,0.8069204,1.43,0.55022836,0.07,2020-07-10 05:30:00
318.02646,7.19,3.716248,26281.0,0.84680104,1.45,0.51587385,0.08,2020-07-10 05:35:00
318.63766,7.24,3.7690582,25053.0,0.8936334,1.47,0.50379074,0.04,2020-07-10 05:40:00
318.96024,7.07,3.7456508,28144.0,0.797997,1.44,0.51719594,0.01,2020-07-10 05:45:00
318.2556,7.32,3.6473687,27448.0,0.81261796,1.48,0.5575072,0.08,2020-07-10 05:50:00
318.52603,7.48,3.429592,29549.0,0.75683737,1.52,0.61804813,0.03,2020-07-10 05:55:00
318.1313,7.05,3.4440672,34270.0,0.6500621,1.43,0.5774918,0.09,2020-07-10 06:00:00
312.7321,6.41,3.4383426,29549.0,0.71479946,1.25,0.5587086,0.06,2020-07-10 06:05:00
311.61862,6.8,3.553449,29371.0,0.7111908,1.32,0.53019977,0.11,2020-07-10 06:10:00
307.8147,6.93,3.6557624,30086.0,0.6682447,1.31,0.5538831,0.08,2020-07-10 06:15:00
315.00485,7.45,3.3484623,34617.0,0.6240615,1.48,0.61700034,0.05,2020-07-10 06:20:00
318.71637,7.23,3.7742946,25429.0,0.881097,1.47,0.4927604,0.21,2020-07-10 06:25:00
320.93893,7.23,4.064997,24981.0,0.91651255,1.49,0.43456894,0.02,2020-07-10 06:30:00
320.4663,6.89,4.3135366,22980.0,0.99175817,1.42,0.363612,0.05,2020-07-10 06:35:00
320.95276,6.96,4.315391,23894.0,0.9583354,1.43,0.37106785,0.06,2020-07-10 06:40:00
321.1445,7.01,4.404021,24580.0,0.9333229,1.45,0.35793486,0.05,2020-07-10 06:45:00
323.253,7.42,4.1110096,28753.0,0.8142881,1.56,0.45331836,0.36,2020-07-10 06:50:00
320.47778,7.02,3.6258104,23233.0,0.9810676,1.44,0.50920254,0.27,2020-07-10 06:55:00
323.09192,7.39,4.04758,31120.0,0.75118667,1.54,0.45636603,0.1,2020-07-10 07:00:00
322.95233,7.58,3.8077028,30528.0,0.7647241,1.58,0.49554437,0.08,2020-07-10 07:05:00
319.1086,7.35,3.507264,27271.0,0.82473564,1.5,0.50379074,0.08,2020-07-10 07:10:00
322.715,7.66,3.7106333,32936.0,0.7071936,1.6,0.54282546,0.09,2020-07-10 07:15:00
322.97495,8.05,3.5953443,32736.0,0.71329993,1.68,0.59769523,0.06,2020-07-10 07:20:00
321.85748,7.75,3.6074507,31236.0,0.7395314,1.6,0.587711,0.04,2020-07-10 07:25:00
321.25925,8.08,3.286746,33649.0,0.6825345,1.67,0.6972294,0.18,2020-07-10 07:30:00
321.19156,8.24,3.357067,35937.0,0.63866055,1.7,0.6901961,0.16,2020-07-10 07:35:00
321.99844,7.89,3.5184515,35431.0,0.6528607,1.64,0.6314438,0.07,2020-07-10 07:40:00
322.82666,8.02,3.2128801,32564.0,0.7160432,1.67,0.7176705,0.05,2020-07-10 07:45:00
320.892,8.29,3.2653022,36247.0,0.63136184,1.71,0.70415056,0.28,2020-07-10 07:50:00
320.75513,7.78,3.641552,35188.0,0.64949983,1.6,0.5987905,0.13,2020-07-10 07:55:00
321.27884,7.81,3.5261736,34270.0,0.67029375,1.61,0.6324573,0.15,2020-07-10 08:00:00
319.24695,7.91,3.4576435,34558.0,0.6517082,1.61,0.66558105,0.1,2020-07-10 08:05:00
318.23407,7.87,3.1433263,34997.0,0.6371987,1.59,0.71600336,0.19,2020-07-10 08:10:00
314.26852,7.14,3.6811547,28127.0,0.7624818,1.41,0.4983106,0.15,2020-07-10 08:15:00
313.42258,7.02,3.8162808,27265.0,0.78001565,1.38,0.47275648,0.13,2020-07-10 08:20:00
316.01425,6.93,3.6839244,26087.0,0.8364075,1.38,0.519828,0.27,2020-07-10 08:25:00
323.13052,7.38,3.9756885,27829.0,0.8403328,1.54,0.50242716,0.19,2020-07-10 08:30:00
323.1002,7.45,3.6818066,27468.0,0.85112816,1.56,0.55022836,0.04,2020-07-10 08:35:00
316.99545,7.14,3.3974106,29011.0,0.75939995,1.44,0.51454777,0.06,2020-07-10 08:40:00
312.59875,6.95,3.6193507,32668.0,0.64569575,1.36,0.5289167,0.09,2020-07-10 08:45:00
314.76465,6.22,4.250094,21488.0,1.0029737,1.23,0.3324385,0.23,2020-07-10 08:50:00
318.44635,6.49,4.267318,22576.0,0.98982906,1.32,0.35410845,0.15,2020-07-10 08:55:00
321.29272,7.18,3.5718625,30526.0,0.7526063,1.48,0.52113813,0.3,2020-07-10 09:00:00
312.7363,6.38,3.454649,29335.0,0.7200442,1.25,0.4502491,0.22,2020-07-10 09:05:00
312.8124,6.4,3.88955,33440.0,0.63213235,1.25,0.4409091,0.02,2020-07-10 09:10:00
315.17032,6.81,4.0711794,26140.0,0.827792,1.35,0.42160395,0.04,2020-07-10 09:15:00
312.4936,6.63,4.1193933,25485.0,0.82682014,1.29,0.3944517,0.06,2020-07-10 09:20:00
325.9982,7.07,2.3140657,52981.0,0.4537054,1.5,0.9068735,1.16,2020-07-10 09:25:00
327.61377,6.87,2.2505777,50108.0,0.48715872,1.48,0.9571282,0.27,2020-07-10 09:30:00
328.5154,7.05,1.5519665,52253.0,0.47117478,1.52,0.8350561,0.36,2020-07-10 09:35:00
332.69485,6.61,3.2400773,46359.0,0.55239606,1.46,0.6063814,0.08,2020-07-10 09:40:00
336.44034,6.0,3.7541177,45948.0,0.5771031,1.36,0.46239802,0.12,2020-07-10 09:45:00
335.5178,5.4,3.5747728,42816.0,0.61404705,1.22,0.376577,0.16,2020-07-10 09:50:00
327.52332,5.02,4.3058333,49967.0,0.48811367,1.08,0.2855573,0.11,2020-07-10 09:55:00
328.2582,4.98,4.3618803,48061.0,0.5110243,1.07,0.25285304,0.27,2020-07-10 10:00:00
328.4625,4.67,3.9819343,43027.0,0.5719187,1.01,0.18752073,0.36,2020-07-10 10:05:00
325.58212,6.06,4.1765656,53728.0,0.4456222,1.29,0.3944517,0.03,2020-07-10 10:10:00
327.23465,6.57,4.1089535,54854.0,0.44340828,1.41,0.4578819,0.06,2020-07-10 10:15:00
324.7377,5.89,3.8895502,59926.0,0.39631575,1.24,0.42160395,0.17,2020-07-10 10:20:00
323.94962,5.71,3.8581212,51205.0,0.46031934,1.2,0.45178646,0.07,2020-07-10 10:25:00
322.21997,5.4,4.1895823,49588.0,0.46747375,1.12,0.363612,0.13,2020-07-10 10:35:00
322.6006,5.65,3.8349185,51177.0,0.45462674,1.18,0.4456042,0.15,2020-07-10 10:40:00
321.5279,5.33,3.6867871,51782.0,0.44468054,1.1,0.40823996,0.1,2020-07-10 10:45:00
321.4921,4.95,4.0189676,49553.0,0.46452215,1.02,0.35602587,0.15,2020-07-10 10:50:00
322.74625,5.09,4.1851406,51522.0,0.45221746,1.06,0.32428244,0.1,2020-07-10 10:55:00
324.18442,4.76,4.3032312,51806.0,0.45600653,1.0,0.2787536,0.11,2020-07-10 11:00:00
319.79144,5.17,4.2235293,55304.0,0.40940124,1.06,0.33645976,0.11,2020-07-10 11:05:00
319.92627,4.75,4.147011,50916.0,0.44526786,0.97,0.30535138,0.12,2020-07-10 11:10:00
313.48215,4.98,4.2889276,52294.0,0.40692458,0.98,0.29666522,0.06,2020-07-10 11:15:00
320.6453,5.06,4.171271,57515.0,0.39694428,1.04,0.3384565,0.05,2020-07-10 11:20:00
322.65402,4.78,4.220154,54370.0,0.4281485,1.0,0.28330123,0.2,2020-07-10 11:25:00
323.7426,5.01,4.1765175,55742.0,0.422012,1.05,0.33041382,0.07,2020-07-10 11:30:00
326.40356,5.01,4.5793667,53366.0,0.45217806,1.07,0.2787536,0.11,2020-07-10 11:35:00
327.38968,4.96,4.549879,48610.0,0.5011028,1.07,0.24303806,0.15,2020-07-10 11:40:00
325.24655,5.0,4.4357862,51874.0,0.46006963,1.06,0.2787536,0.13,2020-07-10 11:45:00
323.52002,4.96,4.192863,51386.0,0.456807,1.04,0.30535138,0.07,2020-07-10 11:50:00
326.77078,5.3,4.1022553,47616.0,0.5085591,1.13,0.35793486,0.07,2020-07-10 11:55:00
331.6112,5.2,3.7477193,53473.0,0.4740667,1.14,0.44715804,0.58,2020-07-10 12:00:00
335.63266,5.78,2.8801389,62474.0,0.42128035,1.3,0.69983774,0.14,2020-07-10 12:05:00
334.8214,5.56,2.7762203,58031.0,0.4501308,1.25,0.7817554,0.43,2020-07-10 12:10:00
332.1789,5.88,1.9658332,63119.0,0.40376273,1.3,1.1458178,0.11,2020-07-10 12:15:00
331.84326,5.68,2.3336236,64697.0,0.3926771,1.25,0.9726656,0.24,2020-07-10 12:20:00
331.79294,5.67,2.209819,64553.0,0.3933672,1.25,0.95327634,0.33,2020-07-10 12:25:00
331.87744,5.65,2.2372754,62659.0,0.40557903,1.25,0.8981765,0.27,2020-07-10 12:30:00
329.69543,5.34,2.6318624,58019.0,0.4291118,1.16,0.76863813,0.09,2020-07-10 12:35:00
331.16498,5.14,3.087167,55200.0,0.45731384,1.12,0.60206,0.17,2020-07-10 12:40:00
332.64175,4.96,3.3537142,52066.0,0.4916032,1.1,0.5276299,0.07,2020-07-10 12:45:00
330.39627,5.11,2.7624807,52838.0,0.47431317,1.12,0.6424645,0.15,2020-07-10 12:50:00
326.39584,5.2,2.0965447,55797.0,0.43244547,1.11,0.79726756,0.22,2020-07-10 12:55:00
325.9435,4.76,2.9308362,51155.0,0.46965528,1.01,0.59659714,0.04,2020-07-10 13:00:00
329.3188,4.83,2.8664265,46024.0,0.5390277,1.05,0.6232493,0.05,2020-07-10 13:05:00
330.01456,4.85,2.8589683,41588.0,0.6004553,1.06,0.6159501,0.12,2020-07-10 13:10:00
328.91324,4.87,2.7618835,45008.0,0.5490852,1.05,0.6608655,0.1,2020-07-10 13:15:00
330.21494,4.61,3.0412004,39214.0,0.63801104,1.01,0.53907615,0.09,2020-07-10 13:20:00
329.1281,4.41,3.3667493,41788.0,0.5925988,0.96,0.40483373,0.12,2020-07-10 13:25:00
327.52878,4.39,3.5174282,44598.0,0.54690444,0.94,0.38738984,0.08,2020-07-10 13:30:00
331.9061,4.56,3.4502463,44177.0,0.57541275,1.01,0.43616268,0.04,2020-07-10 13:35:00
334.30347,4.73,3.2710242,45642.0,0.5695622,1.06,0.50920254,0.13,2020-07-10 13:40:00
332.5053,4.32,3.567338,43601.0,0.5862971,0.96,0.38381538,0.07,2020-07-10 13:45:00
332.32916,4.17,3.8055353,38453.0,0.6636935,0.92,0.30319607,0.15,2020-07-10 13:50:00
329.81348,4.93,2.5399606,52016.0,0.4791679,1.07,0.8633229,0.72,2020-07-10 13:55:00
331.02054,4.82,2.6266708,50618.0,0.4980337,1.05,0.7737865,0.61,2020-07-10 14:00:00
332.00983,4.32,3.3100755,46336.0,0.54913557,0.95,0.44715804,0.2,2020-07-10 14:05:00
331.50665,5.01,2.5493922,64297.0,0.3938736,1.1,0.83122975,0.16,2020-07-10 14:10:00
332.40308,4.86,2.219482,59293.0,0.43071997,1.08,0.85248,0.1,2020-07-10 14:15:00
332.3612,5.11,2.0855215,53008.0,0.48160034,1.13,0.96189547,0.14,2020-07-10 14:20:00
332.3612,5.11,2.1683404,53008.0,0.48160034,1.13,0.897077,0.03,2020-07-10 14:25:00
331.60617,5.23,1.9014205,53674.0,0.472269,1.15,0.98227125,0.11,2020-07-10 14:30:00
331.61703,5.37,1.192015,52920.0,0.4790467,1.18,1.2337574,0.32,2020-07-10 14:35:00
330.9081,5.42,1.0555568,53604.0,0.46979365,1.19,1.2164298,0.04,2020-07-10 14:40:00
330.11203,5.51,1.605148,48454.0,0.5158439,1.2,1.1504495,0.07,2020-07-10 14:45:00
328.73206,5.52,1.4462365,51585.0,0.47825673,1.19,1.3364598,0.07,2020-07-10 14:55:00
326.8124,5.62,1.9234085,50181.0,0.4827556,1.2,0.96801573,0.12,2020-07-10 15:15:00
325.5117,5.5,1.5453156,45753.0,0.52294433,1.17,1.109241,0.08,2020-07-10 15:30:00
327.92618,5.48,1.6771703,45929.0,0.53306377,1.18,1.122216,0.15,2020-07-10 15:35:00
328.20673,5.64,1.627114,45791.0,0.53609544,1.21,1.1423895,0.17,2020-07-10 15:40:00
328.1141,5.61,1.4288807,45421.0,0.5399879,1.21,1.2591159,0.2,2020-07-10 15:45:00
327.8295,5.66,1.5063865,47094.0,0.5194,1.22,1.1804127,0.14,2020-07-10 15:50:00
324.20984,5.28,1.5357409,43778.0,0.5397607,1.11,1.158664,0.02,2020-07-10 16:00:00
322.1116,6.2,1.6461774,49141.0,0.47123238,1.29,1.2027607,0.04,2020-07-10 16:05:00
333.045,5.05,1.6786304,43320.0,0.59308696,1.12,1.0232525,0.13,2020-07-10 16:20:00
333.6005,5.29,1.9828515,44958.0,0.5744509,1.18,0.88986176,0.22,2020-07-10 16:25:00
333.59143,5.14,2.5432851,43703.0,0.59089726,1.14,0.7535831,0.11,2020-07-10 16:30:00
334.14615,5.06,2.7329655,44326.0,0.5856133,1.13,0.68394715,0.07,2020-07-10 16:35:00
334.34836,5.07,2.7525444,42654.0,0.6097159,1.13,0.6748612,0.05,2020-07-10 16:40:00
336.9328,4.98,2.7563925,40668.0,0.65500516,1.13,0.67117286,0.16,2020-07-10 16:45:00
333.92926,4.9,2.9130225,40168.0,0.64492834,1.09,0.60097295,0.08,2020-07-10 16:50:00
335.01254,4.69,3.0339084,38333.0,0.68264914,1.06,0.54777473,0.05,2020-07-10 16:55:00
340.51205,4.59,2.4721043,37674.0,0.7307048,1.07,0.53147894,0.04,2020-07-10 17:00:00
348.01392,4.66,3.072849,39169.0,0.7521474,1.13,0.5289167,0.03,2020-07-10 17:05:00
347.92673,4.71,3.1017575,39459.0,0.7460374,1.14,0.5237465,0.1,2020-07-10 17:10:00
355.50577,4.62,3.1933057,38788.0,0.81160265,1.17,0.4941546,0.01,2020-07-10 17:15:00
353.80502,4.63,3.1903133,38650.0,0.8024317,1.16,0.4969297,0.03,2020-07-10 17:20:00
351.2039,4.61,3.2138138,37396.0,0.81050605,1.14,0.48144266,0.03,2020-07-10 17:25:00
349.20416,4.5,3.1810377,37485.0,0.7943355,1.1,0.4871384,0.02,2020-07-10 17:30:00
352.01038,4.56,3.1635582,39707.0,0.76880354,1.13,0.49968714,0.04,2020-07-10 17:35:00
355.02164,4.53,3.1448052,40086.0,0.7819982,1.14,0.5065051,0.02,2020-07-10 17:40:00
357.60373,4.27,2.787741,37268.0,0.8603193,1.09,0.4756712,0.03,2020-07-10 17:45:00
353.11206,4.56,2.9186983,39943.0,0.7717317,1.14,0.50242716,0.06,2020-07-10 17:50:00
346.1282,4.48,3.0778077,38420.0,0.75395006,1.07,0.47856653,0.01,2020-07-10 17:55:00
347.2443,4.54,3.2010937,36762.0,0.7958904,1.1,0.48144266,0.02,2020-07-10 18:00:00
346.54376,4.58,3.1881185,36495.0,0.796689,1.1,0.48855072,0.01,2020-07-10 18:05:00
346.5447,4.51,3.2193944,35748.0,0.81334364,1.08,0.47129175,0.01,2020-07-10 18:10:00
343.71066,4.56,3.3100758,35860.0,0.79033965,1.08,0.45178646,0.05,2020-07-10 18:15:00
343.61,4.61,3.2953453,36623.0,0.7731683,1.09,0.46389303,0.03,2020-07-10 18:20:00
344.4319,4.6,3.3263946,34688.0,0.8223916,1.09,0.44715804,0.01,2020-07-10 18:25:00
344.8366,4.52,3.3046331,34785.0,0.8231018,1.07,0.44715804,0.02,2020-07-10 18:30:00
345.84027,4.57,3.3141515,35318.0,0.81804794,1.09,0.45331836,0.02,2020-07-10 18:35:00
343.0472,4.45,3.3360605,33783.0,0.83389944,1.05,0.42813483,0.02,2020-07-10 18:40:00
343.9493,4.31,3.3766997,32422.0,0.8760375,1.02,0.40312052,0.02,2020-07-10 18:45:00
346.05124,3.96,3.3985586,30940.0,0.93557584,0.95,0.3598355,0.01,2020-07-10 18:50:00
342.0499,4.53,3.3335116,32797.0,0.8512195,1.06,0.43456894,0.04,2020-07-10 18:55:00
341.93564,4.41,3.4101906,32452.0,0.85937476,1.03,0.4065402,0.04,2020-07-10 19:00:00
341.73492,4.47,3.3736033,32845.0,0.84754145,1.04,0.41664052,0.01,2020-07-10 19:05:00
341.4459,4.59,3.348268,33842.0,0.8204086,1.07,0.4424798,0.02,2020-07-10 19:10:00
343.8691,4.6,3.2206364,34732.0,0.8171793,1.09,0.4756712,0.01,2020-07-10 19:15:00
341.63083,4.67,3.155218,34994.0,0.7947393,1.09,0.49554437,0.03,2020-07-10 19:20:00
340.4388,4.85,3.1155577,37068.0,0.7421533,1.12,0.53402615,0.01,2020-07-10 19:25:00
339.6416,4.97,3.1081505,36786.0,0.7424046,1.15,0.5465427,0.01,2020-07-10 19:30:00
339.82053,4.93,3.0968854,39032.0,0.7008328,1.14,0.5526682,0.01,2020-07-10 19:35:00
340.3151,4.82,3.129904,37210.0,0.7384852,1.12,0.5289167,0.01,2020-07-10 19:40:00
340.42297,4.69,3.1416078,32818.0,0.83814234,1.09,0.48000696,0.08,2020-07-10 19:45:00
341.12927,4.51,3.3843317,30844.0,0.8975556,1.05,0.41497335,0.02,2020-07-10 19:50:00
340.44516,4.49,3.3869603,30944.0,0.8890816,1.04,0.41329977,0.01,2020-07-10 19:55:00
339.06046,4.58,3.339985,30265.0,0.8975677,1.05,0.43456894,0.09,2020-07-10 20:00:00
337.86026,4.77,3.2209005,31315.0,0.8579489,1.09,0.48287362,0.02,2020-07-10 20:05:00
336.5491,4.94,3.1902037,30262.0,0.8771207,1.12,0.5065051,0.02,2020-07-10 20:10:00
335.94943,4.84,3.2345788,30524.0,0.8647778,1.09,0.48429987,0.01,2020-07-10 20:15:00
336.0443,4.77,3.273255,30290.0,0.8722248,1.08,0.46834734,0.04,2020-07-10 20:20:00
335.85986,4.81,3.3577523,29990.0,0.8794455,1.09,0.4424798,0.04,2020-07-10 20:25:00
335.45367,4.7,3.409604,27899.0,0.9418046,1.06,0.41830128,0.03,2020-07-10 20:30:00
335.33487,4.65,3.4513764,28378.0,0.9248871,1.04,0.4065402,0.03,2020-07-10 20:35:00
335.46606,4.65,3.4348507,26987.0,0.97374374,1.05,0.39794004,0.04,2020-07-10 20:40:00
335.64233,4.49,3.4817955,29032.0,0.9066352,1.01,0.37839794,0.05,2020-07-10 20:45:00
333.01953,4.61,3.4157867,27253.0,0.94251686,1.02,0.39794004,0.03,2020-07-10 20:50:00
333.5186,4.59,3.4318945,27570.0,0.93603295,1.02,0.39269698,0.04,2020-07-10 20:55:00
333.72293,4.69,3.4160063,26262.0,0.98452824,1.05,0.40993312,0.02,2020-07-10 21:00:00
333.3221,4.68,3.402793,27423.0,0.93932587,1.04,0.41497335,0.06,2020-07-10 21:05:00
331.90695,4.78,3.324846,26756.0,0.950075,1.06,0.44404483,0.01,2020-07-10 21:10:00
329.80908,4.77,3.3163986,27077.0,0.9204625,1.04,0.44404483,0.03,2020-07-10 21:20:00
330.20572,4.82,3.3223786,27537.0,0.90847933,1.05,0.45178646,0.01,2020-07-10 21:25:00
329.814,4.74,3.4256387,27459.0,0.9076995,1.03,0.4199558,0.04,2020-07-10 21:35:00
330.0255,4.64,3.4929786,26808.0,0.93159926,1.01,0.38738984,0.01,2020-07-10 21:45:00
328.43158,4.86,2.2524877,32778.0,0.75052595,1.05,0.5575072,0.25,2020-07-10 21:50:00
332.41882,4.73,2.274577,31699.0,0.8057808,1.05,0.4913617,0.21,2020-07-10 21:55:00
333.61334,4.11,2.627965,29764.0,0.86780196,0.92,0.4899585,0.11,2020-07-10 22:00:00
328.30014,4.74,3.1790092,38478.0,0.63854957,1.02,0.4969297,0.06,2020-07-10 22:05:00
330.00748,4.54,2.779892,42670.0,0.58519024,0.99,0.52113813,0.08,2020-07-10 22:10:00
337.0275,4.2,3.2022803,38049.0,0.7007033,0.95,0.4456042,0.05,2020-07-10 22:15:00
331.6137,4.29,3.2041378,39941.0,0.6346952,0.94,0.45484486,0.03,2020-07-10 22:20:00
330.81754,4.18,3.2738051,42817.0,0.58764905,0.92,0.42813483,0.04,2020-07-10 22:25:00
336.99533,4.25,3.3090632,38185.0,0.69800025,0.96,0.41497335,0.03,2020-07-10 22:30:00
334.3503,4.28,3.3147852,38062.0,0.68328774,0.96,0.4199558,0.05,2020-07-10 22:35:00
334.4171,4.28,3.2992423,37304.0,0.69760555,0.96,0.41830128,0.03,2020-07-10 22:40:00
336.78387,4.21,3.3753223,39230.0,0.6780809,0.96,0.40993312,0.02,2020-07-10 22:45:00
335.7535,4.22,3.350373,38500.0,0.6843786,0.95,0.42160395,0.02,2020-07-10 22:50:00
334.911,4.53,3.303256,40898.0,0.6392319,1.02,0.47421628,0.04,2020-07-10 22:55:00
330.9209,4.39,3.34003,50181.0,0.5019002,0.96,0.4578819,0.02,2020-07-10 23:00:00
327.20596,4.38,3.3117518,42166.0,0.57667524,0.94,0.45178646,0.02,2020-07-10 23:05:00
326.00284,4.3,3.3337815,41848.0,0.5744321,0.92,0.43933272,0.02,2020-07-10 23:10:00
324.80093,4.22,3.3445628,41530.0,0.57221323,0.89,0.4297523,0.02,2020-07-10 23:15:00
326.40817,4.0,3.3930223,42421.0,0.5688691,0.85,0.38738984,0.01,2020-07-10 23:20:00
323.23288,4.05,3.2647972,49171.0,0.47606698,0.85,0.4199558,0.09,2020-07-10 23:25:00
321.03735,3.77,3.4664679,53764.0,0.4262567,0.78,0.37106785,0.02,2020-07-10 23:30:00
323.44165,3.66,3.525067,52294.0,0.4485369,0.77,0.3443923,0.02,2020-07-10 23:35:00
322.83136,3.82,3.711186,49487.0,0.47120023,0.8,0.2922561,0.11,2020-07-10 23:40:00
324.85596,3.95,3.756887,50189.0,0.4737403,0.84,0.31175387,0.04,2020-07-10 23:45:00
325.22934,3.93,3.6810324,50753.0,0.47015402,0.83,0.3324385,0.08,2020-07-10 23:50:00
332.71793,3.9,3.1965451,44961.0,0.569695,0.86,0.28330123,0.25,2020-07-10 23:55:00
339.7587,3.8,4.1987376,48772.0,0.5605555,0.87,0.18469143,0.02,2020-07-11 00:00:00
339.18826,3.81,4.4735894,40240.0,0.6758643,0.88,0.1105897,0.11,2020-07-11 00:05:00
338.008,4.02,4.372711,40846.0,0.65865105,0.92,0.1430148,0.06,2020-07-11 00:10:00
337.88672,3.99,4.335505,42768.0,0.6283488,0.91,0.1492191,0.03,2020-07-11 00:15:00
338.01755,4.07,4.3255754,43297.0,0.62142,0.93,0.16731733,0.04,2020-07-11 00:20:00
337.43594,3.92,4.336911,40000.0,0.66904426,0.89,0.14612804,0.02,2020-07-11 00:25:00
335.0011,3.48,4.3971467,34041.0,0.76863813,0.78,0.08278538,0.01,2020-07-11 00:30:00
332.40195,3.49,4.4241834,34558.0,0.7390015,0.77,0.07918126,0.01,2020-07-11 00:35:00
332.40195,3.56,4.450775,35725.0,0.71486115,0.79,0.08278538,0.06,2020-07-11 00:45:00
334.69516,3.37,4.594225,33867.0,0.7703927,0.76,0.033423774,0.01,2020-07-11 00:55:00
330.12817,3.58,4.4608746,33260.0,0.7516088,0.78,0.064457975,0.05,2020-07-11 01:00:00
328.75967,3.45,4.498455,29574.0,0.8344264,0.75,0.045322984,0.02,2020-07-11 01:05:00
328.47952,3.45,4.5848227,28624.0,0.8598352,0.74,0.0293838,0.02,2020-07-11 01:10:00
326.0719,3.14,4.5930057,26263.0,0.9159156,0.67,-0.022276402,0.02,2020-07-11 01:15:00
326.77292,3.34,4.5830665,28971.0,0.83587205,0.71,0.017033322,0.01,2020-07-11 01:20:00
325.98077,3.38,4.578919,30734.0,0.78199285,0.72,0.0293838,0.01,2020-07-11 01:25:00
327.09616,3.21,4.553515,30734.0,0.79035246,0.69,0.008600163,0.03,2020-07-11 01:30:00
328.8588,3.4,4.511618,37221.0,0.66361725,0.74,0.06069783,0.06,2020-07-11 01:35:00
326.94012,2.77,4.5108423,31467.0,0.77079594,0.59,-0.045757502,0.01,2020-07-11 01:40:00
324.2947,2.75,4.6035314,29288.0,0.8074605,0.58,-0.07058106,0.04,2020-07-11 01:45:00
324.4524,2.65,4.562401,30037.0,0.78851813,0.56,-0.10237289,0.02,2020-07-11 01:50:00
324.6415,2.8,4.4560184,35456.0,0.669216,0.59,-0.017728778,0.02,2020-07-11 01:55:00
325.36295,2.88,4.258474,30340.0,0.7874837,0.61,0.012837212,0.03,2020-07-11 02:00:00
327.56122,3.66,4.2265944,36464.0,0.66910815,0.79,0.14612804,0.01,2020-07-11 02:05:00
324.77768,2.51,4.380913,23744.0,1.0006198,0.53,-0.08092192,0.04,2020-07-11 02:10:00
327.5103,3.23,4.3264074,31927.0,0.76382244,0.69,0.05690485,0.07,2020-07-11 02:15:00
324.82455,2.98,3.9918165,28958.0,0.82082313,0.63,0.025305841,0.08,2020-07-11 02:20:00
320.0153,2.52,4.3870034,25826.0,0.87860674,0.52,-0.07572073,0.01,2020-07-11 02:30:00
320.53094,2.56,4.3680887,25464.0,0.8955746,0.53,-0.06550154,0.01,2020-07-11 02:35:00
323.33682,3.15,4.21859,29376.0,0.7976623,0.66,0.06818584,0.09,2020-07-11 02:45:00
331.12097,3.6,3.7188303,24488.0,1.0304346,0.79,0.16136801,0.02,2020-07-11 02:50:00
331.96307,3.68,3.7642927,24672.0,1.0308686,0.81,0.16136801,0.08,2020-07-11 02:55:00
333.4801,3.53,3.9168353,27154.0,0.95003176,0.79,0.15533602,0.05,2020-07-11 03:00:00
323.85965,2.89,3.841172,30096.0,0.7825054,0.61,0.06069783,0.06,2020-07-11 03:05:00
320.25888,3.04,4.1392756,34640.0,0.65660244,0.62,0.07918126,0.01,2020-07-11 03:10:00
321.64236,3.08,4.0975237,33982.0,0.67835844,0.64,0.08278538,0.05,2020-07-11 03:20:00
328.0868,3.62,3.9270601,28370.0,0.8643086,0.78,0.15533602,0.05,2020-07-11 03:25:00
327.55594,3.42,3.8271008,31253.0,0.7806336,0.74,0.12057395,0.08,2020-07-11 03:30:00
333.39157,5.0,3.7804365,38420.0,0.67089653,1.11,0.38738984,0.13,2020-07-11 03:35:00
344.8129,4.22,3.8158748,29316.0,0.9764453,1.0,0.2624511,0.07,2020-07-11 03:40:00
342.50122,4.26,3.7071555,26025.0,1.0771288,1.0,0.2855573,0.03,2020-07-11 03:45:00
344.78256,4.11,3.50772,32326.0,0.8852823,0.98,0.2855573,0.07,2020-07-11 03:50:00
343.19894,4.26,3.5938976,29441.0,0.9582021,1.0,0.29446626,0.01,2020-07-11 03:55:00
346.0969,3.61,3.678016,22500.0,1.2870492,0.86,0.20412001,0.05,2020-07-11 04:00:00
341.01654,4.13,3.8490129,26202.0,1.055482,0.96,0.24797328,0.04,2020-07-11 04:05:00
346.0249,4.1,3.7612896,23702.0,1.220988,0.98,0.26007143,0.04,2020-07-11 04:10:00
346.33887,3.86,3.6898375,23050.0,1.2590752,0.92,0.23552847,0.02,2020-07-11 04:15:00
343.22073,3.91,3.736817,23463.0,1.2025746,0.92,0.23804612,0.02,2020-07-11 04:20:00
333.99515,3.65,3.7809787,27799.0,0.9324578,0.81,0.19589968,0.05,2020-07-11 04:25:00
327.53757,3.41,3.985549,30734.0,0.7936773,0.73,0.1492191,0.01,2020-07-11 04:30:00
325.63678,3.04,3.9983623,27443.0,0.8728967,0.65,0.09342169,0.01,2020-07-11 04:35:00
325.2335,3.19,3.947518,30621.0,0.7792912,0.67,0.13033378,0.04,2020-07-11 04:40:00
322.95728,3.21,4.048765,34252.0,0.6816131,0.67,0.12385166,0.03,2020-07-11 04:45:00
321.56396,2.85,4.002924,29670.0,0.7763562,0.59,0.06818584,0.03,2020-07-11 04:50:00
321.21823,2.46,3.9821856,24901.0,0.9219502,0.51,-0.008773916,0.06,2020-07-11 04:55:00
326.16385,3.11,4.038267,31100.0,0.77414185,0.66,0.10037054,0.03,2020-07-11 05:00:00
323.18924,3.11,3.9106777,31928.0,0.73286307,0.65,0.13353892,0.04,2020-07-11 05:05:00
319.4587,2.36,3.8947527,24511.0,0.92074066,0.48,0.0,0.03,2020-07-11 05:10:00
315.791,2.15,3.772148,23882.0,0.9116242,0.43,-0.022276402,0.04,2020-07-11 05:15:00
313.45566,2.44,3.6935349,32081.0,0.66313744,0.48,0.08635984,0.02,2020-07-11 05:20:00
310.81586,2.34,3.6563506,24295.0,0.8529051,0.45,0.049218025,0.01,2020-07-11 05:25:00
311.4999,2.61,3.6362894,26400.0,0.7902887,0.51,0.10380372,0.01,2020-07-11 05:30:00
315.13556,2.6,3.6767921,29016.0,0.74548715,0.52,0.096910015,0.03,2020-07-11 05:35:00
321.67017,3.46,3.6807337,42717.0,0.5397893,0.72,0.26007143,0.01,2020-07-11 05:40:00
321.76392,3.47,3.5484505,42940.0,0.5374733,0.71,0.26717174,0.02,2020-07-11 05:45:00
325.08762,3.49,3.543924,26032.0,0.9153877,0.74,0.25285304,0.05,2020-07-11 05:50:00
320.53662,2.31,3.5551653,19485.0,1.1704477,0.48,0.053078443,0.02,2020-07-11 05:55:00
323.1278,3.42,3.5809636,35053.0,0.667133,0.71,0.2624511,0.02,2020-07-11 06:00:00
319.86862,2.57,3.4435737,17908.0,1.2652746,0.53,0.12385166,0.07,2020-07-11 06:15:00
333.20093,3.55,3.18804,21113.0,1.2186801,0.79,0.29003462,0.05,2020-07-11 06:20:00
336.42493,3.79,3.0704558,24208.0,1.0952145,0.86,0.3673559,0.06,2020-07-11 06:25:00
325.7885,3.04,3.2274137,25718.0,0.932797,0.65,0.24551268,0.07,2020-07-11 06:30:00
323.1615,3.05,2.771173,24459.0,0.95640045,0.64,0.23044895,0.1,2020-07-11 06:35:00
327.4504,3.83,3.2984996,22725.0,1.0725052,0.82,0.33645976,0.06,2020-07-11 06:40:00
327.9547,3.84,3.3154187,18390.0,1.3316866,0.83,0.32633585,0.04,2020-07-11 06:45:00
327.93088,3.9,3.244349,20178.0,1.2134094,0.84,0.35602587,0.02,2020-07-11 06:50:00
327.54218,3.92,3.2142496,20320.0,1.2004895,0.84,0.3673559,0.03,2020-07-11 06:55:00
324.93945,4.1,3.044109,21956.0,1.0837846,0.87,0.43775058,0.04,2020-07-11 07:00:00
324.6316,3.88,3.1428332,21613.0,1.0977405,0.82,0.3856063,0.04,2020-07-11 07:05:00
323.93143,4.14,2.9291978,20123.0,1.171124,0.87,0.48144266,0.22,2020-07-11 07:10:00
323.62357,4.3,2.8700697,20094.0,1.1693482,0.9,0.5250448,0.31,2020-07-11 07:15:00
323.9482,3.71,3.2506924,18928.0,1.2452627,0.78,0.33041382,0.02,2020-07-11 07:20:00
325.56934,3.66,3.2234764,17691.0,1.3532002,0.78,0.33041382,0.05,2020-07-11 07:25:00
329.53845,3.66,3.225973,18740.0,1.3265612,0.79,0.32837963,0.01,2020-07-11 07:30:00
328.7172,3.99,3.0449464,18318.0,1.3466212,0.86,0.42488167,0.13,2020-07-11 07:35:00
326.92792,4.26,2.7108116,22770.0,1.0650775,0.91,0.5646661,0.02,2020-07-11 07:40:00
326.2243,4.25,2.7164867,22536.0,1.0689434,0.91,0.56110144,0.04,2020-07-11 07:45:00
324.91605,3.9,2.7891934,21068.0,1.129212,0.82,0.4941546,0.02,2020-07-11 07:50:00
324.7094,4.0,2.8114233,21669.0,1.0957209,0.85,0.4983106,0.02,2020-07-11 07:55:00
324.1178,2.99,2.752635,16331.0,1.4456412,0.63,0.37106785,0.03,2020-07-11 08:00:00
325.63358,4.13,2.6882524,24692.0,0.97011864,0.88,0.56110144,0.02,2020-07-11 08:05:00
325.0724,4.4,2.7923288,21890.0,1.0884374,0.93,0.5526682,0.09,2020-07-11 08:10:00
323.71707,2.6,2.9487963,13073.0,1.7989765,0.55,0.23804612,0.02,2020-07-11 08:15:00
324.61703,3.67,2.9211128,23718.0,1.0001751,0.77,0.4265113,0.04,2020-07-11 08:20:00
325.5004,3.19,2.9321835,18140.0,1.3188361,0.68,0.35602587,0.05,2020-07-11 08:25:00
326.80103,3.55,2.9146526,18905.0,1.2812761,0.76,0.39269698,0.02,2020-07-11 08:30:00
326.00208,3.25,2.9047546,16775.0,1.4330049,0.69,0.35793486,0.02,2020-07-11 08:35:00
326.1187,2.58,2.9041524,14275.0,1.6858455,0.55,0.24797328,0.02,2020-07-11 08:40:00
322.53888,2.17,2.861905,12809.0,1.8153317,0.45,0.16136801,0.04,2020-07-11 08:45:00
325.51776,2.86,2.786557,19051.0,1.2559791,0.61,0.3324385,0.04,2020-07-11 08:50:00
326.80884,3.14,2.8483152,21751.0,1.113711,0.67,0.376577,0.05,2020-07-11 08:55:00
327.00162,3.42,2.8963597,26320.0,0.9220686,0.73,0.42160395,0.04,2020-07-11 09:00:00
321.48737,2.33,2.9107044,13722.0,1.6774093,0.48,0.20951504,0.04,2020-07-11 09:05:00
324.0167,2.94,3.0321774,18699.0,1.2613429,0.62,0.29666522,0.08,2020-07-11 09:10:00
321.05847,2.44,2.923611,13674.0,1.6763165,0.5,0.22010809,0.05,2020-07-11 09:15:00
321.32483,2.18,2.730751,12896.0,1.7820415,0.45,0.23552847,0.01,2020-07-11 09:20:00
323.90524,3.03,2.791666,19356.0,1.2172248,0.64,0.38201708,0.04,2020-07-11 09:25:00
321.5215,2.34,2.9329336,12483.0,1.8445108,0.49,0.20139715,0.01,2020-07-11 09:30:00
324.20804,3.2,2.9788253,20582.0,1.1480534,0.67,0.35410845,0.03,2020-07-11 09:35:00
321.032,2.51,2.8991377,15844.0,1.4463567,0.52,0.2552725,0.04,2020-07-11 09:40:00
321.02774,2.53,2.8825858,18360.0,1.2481005,0.52,0.27415785,0.01,2020-07-11 09:45:00
323.10745,2.87,2.638295,28650.0,0.8160707,0.6,0.45939252,0.09,2020-07-11 09:50:00
328.99048,3.97,2.577227,48624.0,0.50862324,0.86,0.6444386,0.06,2020-07-11 09:55:00
327.88846,3.88,2.6463938,48141.0,0.5083882,0.84,0.61489725,0.05,2020-07-11 10:00:00
327.69073,3.91,2.659267,47006.0,0.51968694,0.84,0.60422605,0.03,2020-07-11 10:05:00
319.41385,2.76,2.9205823,25303.0,0.89153093,0.56,0.3344538,0.11,2020-07-11 10:10:00
315.3101,2.23,2.9453185,14396.0,1.5051657,0.44,0.18469143,0.02,2020-07-11 10:15:00
315.50742,2.42,2.934246,15483.0,1.4022223,0.48,0.22530928,0.01,2020-07-11 10:20:00
315.80383,2.68,2.8962562,16955.0,1.284233,0.54,0.28330123,0.02,2020-07-11 10:25:00
316.5158,2.19,2.892663,14457.0,1.5167289,0.44,0.1903317,0.02,2020-07-11 10:30:00
317.51828,2.14,2.8466296,14302.0,1.5483333,0.43,0.19589968,0.02,2020-07-11 10:35:00
316.81165,2.46,2.9463537,15083.0,1.4580133,0.49,0.22788674,0.04,2020-07-11 10:40:00
315.7115,2.32,2.9524567,13800.0,1.5764023,0.47,0.19312459,0.02,2020-07-11 10:45:00
315.41476,2.7,2.956163,16066.0,1.350104,0.54,0.26717174,0.01,2020-07-11 10:50:00
315.8095,2.34,2.9449277,15359.0,1.4177605,0.47,0.20951504,0.01,2020-07-11 11:00:00
315.90228,2.49,2.9479823,16358.0,1.3323944,0.5,0.23552847,0.01,2020-07-11 11:05:00
316.5128,2.91,3.022416,17061.0,1.2851942,0.58,0.28330123,0.02,2020-07-11 11:15:00
316.51083,2.38,3.0326555,14754.0,1.486124,0.48,0.18752073,0.02,2020-07-11 11:20:00
317.102,2.5,3.034304,14692.0,1.5010897,0.5,0.2068259,0.01,2020-07-11 11:25:00
317.2142,2.98,3.0341554,16974.0,1.3007139,0.6,0.29446626,0.02,2020-07-11 11:35:00
317.4159,2.5,3.0987096,16738.0,1.3216658,0.5,0.20412001,0.03,2020-07-11 11:40:00
317.11502,2.71,3.0290098,15567.0,1.4168969,0.55,0.24797328,0.02,2020-07-11 11:45:00
316.22134,2.7,3.0417266,16325.0,1.3392899,0.54,0.24303806,0.01,2020-07-11 11:55:00
314.81848,2.16,3.025905,11456.0,1.8822776,0.42,0.13353892,0.01,2020-07-11 12:00:00
315.82034,2.8,3.073337,18714.0,1.1637124,0.56,0.25767857,0.03,2020-07-11 12:05:00
313.2262,2.06,3.0683708,11740.0,1.807979,0.41,0.10380372,0.01,2020-07-11 12:10:00
313.81863,2.14,3.0912132,12123.0,1.761189,0.42,0.117271274,0.01,2020-07-11 12:15:00
315.11176,2.12,3.058333,12593.0,1.7173009,0.42,0.12057395,0.03,2020-07-11 12:20:00
314.82074,2.02,2.9852135,12733.0,1.6935409,0.4,0.117271274,0.03,2020-07-11 12:25:00
315.11752,1.97,2.95804,12720.0,1.7002515,0.39,0.12057395,0.03,2020-07-11 12:35:00
316.92783,2.9,2.9773476,17342.0,1.2695378,0.58,0.2922561,0.03,2020-07-11 12:40:00
317.32285,2.94,2.9312284,17888.0,1.2355692,0.59,0.31175387,0.03,2020-07-11 12:45:00
318.94968,3.16,2.9578876,22578.0,0.99461925,0.64,0.35410845,0.06,2020-07-11 12:50:00
316.23853,2.5,2.915167,14949.0,1.4628142,0.5,0.23299614,0.05,2020-07-11 12:55:00
317.6174,2.87,2.8566763,17288.0,1.282149,0.58,0.31175387,0.07,2020-07-11 13:00:00
316.51254,2.67,2.9349108,16763.0,1.3080384,0.54,0.27415785,0.11,2020-07-11 13:05:00
317.12424,3.01,3.0216882,19509.0,1.1307003,0.6,0.30535138,0.05,2020-07-11 13:10:00
314.1083,2.31,3.0831153,12113.0,1.7677132,0.46,0.15228835,0.01,2020-07-11 13:15:00
314.6901,2.57,2.6347485,15682.0,1.3732948,0.51,0.34044415,0.01,2020-07-11 13:25:00
314.45325,2.89,2.655372,17076.0,1.2582333,0.57,0.35218254,0.03,2020-07-11 13:30:00
314.1766,2.85,2.7429547,17551.0,1.2208308,0.56,0.346353,0.03,2020-07-11 13:35:00
313.30746,2.95,2.723307,18378.0,1.155883,0.58,0.37106785,0.01,2020-07-11 13:40:00
311.31943,2.84,2.4587193,17484.0,1.1911472,0.55,0.376577,0.03,2020-07-11 13:45:00
311.51447,2.71,2.5489213,16873.0,1.2366891,0.53,0.3384565,0.02,2020-07-11 13:50:00
317.5144,3.3,2.465644,24434.0,0.9062545,0.66,0.42488167,0.02,2020-07-11 13:55:00
320.80762,3.53,2.3920913,25646.0,0.89161074,0.73,0.45484486,0.03,2020-07-11 14:00:00
321.60638,3.69,2.410892,31110.0,0.7407248,0.76,0.50379074,0.04,2020-07-11 14:05:00
320.95636,3.7,2.596151,37302.0,0.61388844,0.76,0.5403295,0.05,2020-07-11 14:10:00
318.3161,3.65,2.520397,26073.0,0.85597897,0.74,0.4969297,0.05,2020-07-11 14:15:00
324.24347,4.04,2.0761023,26508.0,0.89170337,0.85,0.6106602,0.07,2020-07-11 14:20:00
322.51715,4.02,2.318491,28131.0,0.826409,0.84,0.580925,0.14,2020-07-11 14:25:00
321.0113,4.0,2.5931833,27897.0,0.82128793,0.83,0.5854607,0.12,2020-07-11 14:30:00
322.34195,4.27,2.5338705,28683.0,0.8091349,0.89,0.6454223,0.23,2020-07-11 14:35:00
321.20053,3.8,2.5130858,25329.0,0.90621585,0.79,0.6138419,0.22,2020-07-11 14:40:00
314.755,2.76,2.758804,16873.0,1.2771788,0.55,0.30319607,0.04,2020-07-11 14:45:00
314.81943,3.06,2.8050492,18357.0,1.1746787,0.61,0.363612,0.02,2020-07-11 14:50:00
316.0304,3.04,2.7905912,17854.0,1.2222937,0.61,0.36172783,0.02,2020-07-11 14:55:00
314.93817,2.69,2.7688446,16873.0,1.2794942,0.53,0.32221928,0.08,2020-07-11 15:00:00
312.98993,2.96,2.7666767,17691.0,1.1969856,0.58,0.346353,0.07,2020-07-11 15:05:00
314.8811,3.22,2.6544492,20569.0,1.0489925,0.64,0.44715804,0.02,2020-07-11 15:10:00
318.05524,3.82,2.5916789,26394.0,0.84341335,0.77,0.5526682,0.06,2020-07-11 15:15:00
317.74362,4.0,1.8440444,27490.0,0.80731994,0.81,0.76789767,0.29,2020-07-11 15:20:00
317.5299,3.99,1.9718772,26768.0,0.8273606,0.8,0.76492304,0.35,2020-07-11 15:25:00
316.22778,3.75,2.1682482,25925.0,0.8434057,0.75,0.5786392,0.18,2020-07-11 15:30:00
318.17624,3.89,2.100143,23588.0,0.94486284,0.79,0.7151674,0.39,2020-07-11 15:35:00
316.99118,4.38,2.2365375,24896.0,0.8848823,0.88,0.70415056,0.29,2020-07-11 15:40:00
319.45956,4.0,2.3753107,21802.0,1.0351554,0.81,0.58994967,0.08,2020-07-11 15:45:00
316.67743,4.07,2.1847198,22155.0,0.99129874,0.82,0.6434527,0.09,2020-07-11 15:50:00
317.21252,4.13,1.7902793,22622.0,0.9759505,0.83,0.72181064,0.18,2020-07-11 15:55:00
316.73715,4.09,1.9035231,22455.0,0.9786293,0.82,0.72015935,0.07,2020-07-11 16:00:00
318.59448,3.91,1.8619881,21453.0,1.0431527,0.8,0.6599162,0.07,2020-07-11 16:05:00
316.7098,3.96,1.6847849,23304.0,0.942723,0.79,0.71850175,0.23,2020-07-11 16:10:00
314.9957,4.62,1.1885285,24800.0,0.87101537,0.92,0.8785218,0.1,2020-07-11 16:15:00
313.6213,3.42,1.1655899,17461.0,1.2203842,0.68,0.76342803,0.21,2020-07-11 16:20:00
309.9404,2.99,2.0192573,16074.0,1.2778511,0.57,0.4983106,0.16,2020-07-11 16:30:00
312.0754,4.29,1.9691116,21570.0,0.97282577,0.84,0.70671785,0.11,2020-07-11 16:35:00
308.86887,2.71,2.1066325,14348.0,1.4162203,0.52,0.4456042,0.12,2020-07-11 16:40:00
318.0566,3.92,1.9636954,25674.0,0.86707765,0.79,0.6683859,0.16,2020-07-11 16:45:00
308.759,2.98,1.9910047,16272.0,1.2473841,0.57,0.45331836,0.16,2020-07-11 16:50:00
315.42026,3.2,2.078966,20931.0,1.0363548,0.64,0.53019977,0.22,2020-07-11 16:55:00
316.19403,3.94,1.888968,21481.0,1.0175519,0.79,0.6794279,0.13,2020-07-11 17:00:00
316.23764,3.74,1.4990664,25242.0,0.8663108,0.75,0.73078233,0.07,2020-07-11 17:05:00
318.8693,4.34,2.026697,22022.0,1.018931,0.88,0.7339993,0.09,2020-07-11 17:10:00
315.04822,4.81,2.061092,26973.0,0.8012605,0.95,0.8122447,0.2,2020-07-11 17:15:00
315.41455,4.51,2.2989995,23167.0,0.9362768,0.9,0.67302096,0.15,2020-07-11 17:20:00
315.02148,4.41,2.4245617,22620.0,0.9552029,0.88,0.6493349,0.18,2020-07-11 17:25:00
317.67862,4.44,2.207374,19342.0,1.1466807,0.9,0.6222141,0.08,2020-07-11 17:30:00
315.23877,4.3,2.0685744,20024.0,1.081358,0.86,0.6454223,0.18,2020-07-11 17:35:00
316.42227,4.2,1.8415754,20472.0,1.0701047,0.84,0.6608655,0.12,2020-07-11 17:40:00
314.2103,4.02,2.20268,17482.0,1.2260587,0.79,0.62838894,0.11,2020-07-11 17:45:00
315.14957,4.27,2.3236609,21688.0,0.9975123,0.85,0.6444386,0.07,2020-07-11 17:50:00
315.01633,4.17,2.0584946,18459.0,1.1704636,0.83,0.6757783,0.2,2020-07-11 17:55:00
315.36078,4.45,1.8773918,21238.0,1.0207746,0.88,0.7781513,0.03,2020-07-11 18:00:00
313.27798,4.37,1.981565,23214.0,0.91481864,0.86,0.8027737,0.15,2020-07-11 18:05:00
312.96765,3.89,1.7173817,19404.0,1.0910728,0.76,0.78675145,0.17,2020-07-11 18:10:00
313.58884,4.42,1.6778855,22026.0,0.96714187,0.87,0.85248,0.13,2020-07-11 18:15:00
313.60568,4.76,2.0524619,22008.0,0.9680945,0.94,0.85430604,0.26,2020-07-11 18:20:00
314.07175,4.14,2.2226336,21611.0,0.990447,0.82,0.6812413,0.04,2020-07-11 18:35:00
313.89853,4.2,2.6126232,19531.0,1.0940466,0.82,0.5670264,0.03,2020-07-11 18:50:00
313.4952,4.35,2.4251392,19681.0,1.0813713,0.85,0.5888318,0.02,2020-07-11 18:55:00
310.4022,3.78,2.4078205,16895.0,1.2214026,0.73,0.5250448,0.08,2020-07-11 19:00:00
312.90887,4.1,2.2971504,19874.0,1.0646473,0.81,0.58994967,0.02,2020-07-11 19:05:00
315.6112,4.28,2.490783,20260.0,1.0726975,0.85,0.6201361,0.03,2020-07-11 19:10:00
315.03415,3.53,2.3448029,14386.0,1.5021124,0.7,0.51454777,0.05,2020-07-11 19:15:00
311.06528,3.49,2.3355942,15171.0,1.3692663,0.67,0.5575072,0.04,2020-07-11 19:20:00
311.12988,3.4,2.3732889,14841.0,1.4006177,0.66,0.52244425,0.01,2020-07-11 19:25:00
311.2181,3.45,2.4425602,14917.0,1.3947126,0.67,0.53655845,0.01,2020-07-11 19:30:00
313.30963,3.95,2.473742,18916.0,1.123032,0.77,0.59549624,0.01,2020-07-11 19:35:00
311.46704,3.48,2.462925,15946.0,1.3079629,0.67,0.53402615,0.02,2020-07-11 19:45:00
311.88394,3.36,2.4146636,16530.0,1.2670176,0.65,0.5403295,0.03,2020-07-11 19:50:00
312.8907,3.55,2.4092114,15878.0,1.332345,0.69,0.5575072,0.03,2020-07-11 19:55:00
312.9157,3.31,2.42384,15300.0,1.3830225,0.65,0.519828,0.04,2020-07-11 20:00:00
316.3025,4.09,2.4164643,20096.0,1.0888424,0.82,0.63948655,0.03,2020-07-11 20:05:00
313.39352,3.45,2.471457,15392.0,1.3813012,0.68,0.5263393,0.01,2020-07-11 20:10:00
313.68787,3.18,2.4244795,14723.0,1.4482925,0.63,0.50515,0.01,2020-07-11 20:15:00
317.10425,4.13,2.4130685,21548.0,1.0235058,0.83,0.64836,0.02,2020-07-11 20:20:00
312.69254,3.16,2.5847244,13314.0,1.5857965,0.62,0.4297523,0.08,2020-07-11 20:25:00
316.43243,4.28,2.5474105,23718.0,0.9237445,0.86,0.6242821,0.05,2020-07-11 20:30:00
312.72052,3.66,2.4443607,14348.0,1.4719249,0.72,0.56229293,0.12,2020-07-11 20:35:00
319.53186,4.87,2.223286,24200.0,0.9332381,0.99,0.7937904,0.01,2020-07-11 20:40:00
316.98413,4.2,2.281688,20170.0,1.092142,0.85,0.701568,0.06,2020-07-11 20:45:00
312.39694,3.27,2.5897877,14855.0,1.4171138,0.64,0.46686766,0.03,2020-07-11 20:50:00
313.9149,4.13,2.6143067,20716.0,1.0316321,0.81,0.5740313,0.08,2020-07-11 20:55:00
316.1323,4.89,2.2614377,26183.0,0.8343101,0.97,0.82672256,0.27,2020-07-11 21:00:00
317.1293,5.29,1.9465097,27448.0,0.8036988,1.06,0.95808583,0.03,2020-07-11 21:05:00
311.3941,3.74,1.9989247,17868.0,1.1664188,0.73,0.7323938,0.07,2020-07-11 21:10:00
309.64725,3.25,2.1828423,15103.0,1.3560063,0.62,0.5740313,0.15,2020-07-11 21:15:00
309.05252,3.25,2.3904183,15103.0,1.3479152,0.62,0.55630255,0.05,2020-07-11 21:20:00
315.89453,7.53,1.569777,12385.0,1.7596805,1.5,1.5262101,0.6,2020-07-11 21:25:00
315.68726,6.36,1.577181,14116.0,1.5407453,1.27,1.2087101,0.32,2020-07-11 21:30:00
314.59717,5.48,1.7851051,14144.0,1.5212257,1.09,0.97635,0.14,2020-07-11 21:35:00
313.01056,4.87,2.1381068,15500.0,1.3664653,0.96,0.7767012,0.07,2020-07-11 21:40:00
315.89008,5.26,1.8702674,16735.0,1.302222,1.05,0.97312784,0.31,2020-07-11 21:45:00
318.03192,7.39,0.88600224,12624.0,1.7629888,1.5,1.539954,0.09,2020-07-11 21:50:00
314.1468,7.94,1.0664427,10224.0,2.0951169,1.57,1.5981337,0.01,2020-07-11 21:55:00
314.34634,7.9,1.073499,10382.0,2.0673146,1.56,1.6002104,0.01,2020-07-11 22:10:00
316.4913,8.2,1.0496666,11858.0,1.8487151,1.64,1.6291038,0.01,2020-07-11 22:25:00
316.67593,7.97,1.070187,10948.0,2.006019,1.6,1.5794407,0.02,2020-07-11 22:50:00
316.5784,7.95,1.0727068,10542.0,2.0812795,1.59,1.5874866,0.02,2020-07-11 22:55:00
315.7009,8.08,1.0431204,10224.0,2.127551,1.61,1.6176294,0.02,2020-07-11 23:00:00
315.7009,8.08,1.0859097,10224.0,2.127551,1.61,1.6176294,0.05,2020-07-11 23:05:00
316.30444,8.19,1.1345483,10863.0,2.0143423,1.64,1.5398287,0.01,2020-07-11 23:10:00
315.6219,8.07,1.0901835,10224.0,2.1258938,1.61,1.546296,0.03,2020-07-11 23:20:00
315.6219,8.07,1.098954,10224.0,2.1258938,1.61,1.5538831,0.02,2020-07-11 23:25:00
315.12823,7.78,1.1204463,9758.0,2.2165906,1.54,1.531479,0.02,2020-07-11 23:30:00
313.78403,8.18,1.1194195,9666.0,2.2081077,1.61,1.4992747,0.01,2020-07-11 23:40:00
315.5451,8.32,1.1834272,9874.0,2.1995835,1.66,1.500511,0.02,2020-07-11 23:45:00
314.38852,8.26,1.1569356,9912.0,2.1662455,1.63,1.5077211,0.01,2020-07-11 23:50:00
314.83932,8.16,1.1456003,9605.0,2.2454782,1.62,1.5644294,0.03,2020-07-12 00:00:00
310.66068,8.56,0.8459905,9779.0,2.11567,1.65,1.5839919,0.01,2020-07-12 00:10:00
307.89014,8.77,0.8782369,9612.0,2.0932326,1.66,1.6034693,0.02,2020-07-12 00:15:00
315.01526,8.29,0.9576012,10189.0,2.120459,1.65,1.6290017,0.02,2020-07-12 00:20:00
311.75555,8.37,0.38691086,9662.0,2.1648698,1.63,1.5196968,0.1,2020-07-12 00:25:00
312.8154,8.47,0.73661387,10044.0,2.1046526,1.66,1.612254,0.14,2020-07-12 00:30:00
311.47736,8.43,0.6135959,10266.0,2.031845,1.64,1.6865469,0.13,2020-07-12 00:35:00
314.08075,8.41,0.89,9785.0,2.1876814,1.66,1.5889437,0.01,2020-07-12 00:40:00
314.18994,8.42,0.92967737,9777.0,2.1918418,1.67,1.579212,0.07,2020-07-12 00:45:00
310.07443,8.61,0.8897753,9684.0,2.1238995,1.65,1.4864305,0.05,2020-07-12 00:50:00
312.46823,8.38,1.1222744,9378.0,2.2463408,1.64,1.4211103,0.05,2020-07-12 00:55:00
312.4964,8.31,1.3111064,9302.0,2.2653298,1.62,1.3900516,0.02,2020-07-12 01:00:00
312.7983,8.43,1.0307764,9555.0,2.211987,1.65,1.4690855,0.04,2020-07-12 01:05:00
312.99326,8.54,1.1085576,9861.0,2.1475074,1.67,1.5122842,0.03,2020-07-12 01:10:00
313.48526,8.51,1.0577807,10120.0,2.1028032,1.67,1.551694,0.02,2020-07-12 01:15:00
313.5935,8.54,0.9853933,10224.0,2.083651,1.68,1.5582285,0.01,2020-07-12 01:20:00
313.69327,8.55,0.91345495,10264.0,2.0775874,1.68,1.581153,0.01,2020-07-12 01:25:00
313.7862,8.56,1.0320369,10224.0,2.0876393,1.69,1.5645478,0.02,2020-07-12 01:35:00
312.00662,8.65,0.9426558,10118.0,2.07249,1.69,1.563125,0.01,2020-07-12 01:40:00
313.78732,8.64,1.160431,10383.0,2.0556934,1.7,1.5652574,0.02,2020-07-12 01:45:00
313.00266,8.54,0.9076343,10192.0,2.0779579,1.68,1.5671442,0.02,2020-07-12 01:50:00
312.91037,8.6,1.0097029,10382.0,2.0380578,1.68,1.5793263,0.03,2020-07-12 01:55:00
313.79303,8.48,1.1027693,10143.0,2.1044538,1.67,1.6017343,0.01,2020-07-12 02:00:00
293.9984,21.77,2.9239697,21640.0,0.8052968,3.76,1.1832699,0.06,2020-07-13 01:00:00
295.8978,22.46,3.005162,23959.0,0.74208003,3.93,1.1705551,0.06,2020-07-13 01:05:00
294.56778,21.86,2.8908648,22771.0,0.7699221,3.79,1.203033,0.13,2020-07-13 01:10:00
293.9313,21.63,2.5262225,21482.0,0.81064343,3.74,1.212454,0.13,2020-07-13 01:15:00
297.1309,22.16,2.3351445,22709.0,0.7931288,3.91,1.2588767,0.14,2020-07-13 01:20:00
299.0053,20.72,2.4919271,21510.0,0.85389256,3.7,1.2469908,0.14,2020-07-13 01:25:00
301.43936,21.36,2.5251138,21625.0,0.87106115,3.88,1.242293,0.2,2020-07-13 01:30:00
300.0866,21.3,2.9106185,21840.0,0.850494,3.84,1.1702617,0.05,2020-07-13 01:35:00
303.2858,20.63,2.3156207,20483.0,0.93727535,3.8,1.1433272,0.27,2020-07-13 01:40:00
303.2858,20.63,0.9976473,20483.0,0.93727535,3.8,1.3660493,0.53,2020-07-13 01:45:00
302.3686,22.1,1.5519342,23363.0,0.8140242,4.04,1.4865723,0.27,2020-07-13 01:50:00
302.76385,20.12,2.8407218,24837.0,0.76883453,3.69,1.1792645,0.54,2020-07-13 01:55:00
301.52893,18.33,4.1806817,26292.0,0.717105,3.33,0.7839036,0.42,2020-07-13 02:00:00
304.03723,17.6,4.523627,25306.0,0.7645093,3.25,0.7143298,0.25,2020-07-13 02:05:00
303.53036,19.37,4.0911856,26680.0,0.72138107,3.57,0.8750613,0.08,2020-07-13 02:10:00
303.43732,18.82,4.219988,26427.0,0.7275923,3.47,0.80821097,0.1,2020-07-13 02:15:00
303.43732,18.82,4.457286,26427.0,0.7275923,3.47,0.8027737,0.08,2020-07-13 02:20:00
303.50925,18.96,4.5158167,25178.0,0.76424956,3.49,0.7715875,0.02,2020-07-13 02:25:00
303.60757,19.2,4.445807,24231.0,0.79491925,3.54,0.7596679,0.26,2020-07-13 02:35:00
303.4774,20.09,4.36913,24449.0,0.7867802,3.7,0.8020893,0.18,2020-07-13 02:40:00
304.27225,21.11,4.3298497,27148.0,0.71435326,3.91,0.8325089,0.07,2020-07-13 02:45:00
304.30972,21.83,3.7134888,28049.0,0.69167185,4.04,0.99607366,0.16,2020-07-13 02:50:00
303.45584,20.24,3.7892876,28227.0,0.68132424,3.73,0.9590414,0.05,2020-07-13 02:55:00
303.89987,19.94,3.783887,28754.0,0.67188835,3.68,0.9566486,0.04,2020-07-13 03:00:00
303.97412,20.04,3.8678677,27967.0,0.69132096,3.71,0.93399316,0.09,2020-07-13 03:05:00
301.85037,18.06,4.325853,29350.0,0.6445234,3.29,0.7979597,0.27,2020-07-13 03:10:00
300.18512,18.02,4.3501954,31197.0,0.5960117,3.25,0.781037,0.16,2020-07-13 03:15:00
301.6028,18.22,4.0805025,34689.0,0.54393345,3.31,0.8488047,0.24,2020-07-13 03:20:00
306.89722,16.22,5.3106117,32248.0,0.61767703,3.05,0.61804813,0.9,2020-07-13 03:25:00
306.26517,13.7,6.339779,31786.0,0.62264603,2.57,0.37106785,0.28,2020-07-13 03:30:00
305.25955,15.79,5.748217,34692.0,0.5646785,2.94,0.5065051,0.2,2020-07-13 03:35:00
307.5778,16.69,5.747582,34241.0,0.58575034,3.16,0.4969297,0.3,2020-07-13 03:40:00
306.3892,14.81,6.349008,34515.0,0.5741383,2.78,0.38916612,0.28,2020-07-13 03:45:00
307.14243,16.6,5.8970585,32032.0,0.62339026,3.13,0.4927604,0.4,2020-07-13 03:50:00
304.70093,17.87,5.708248,32019.0,0.6083402,3.32,0.54777473,0.25,2020-07-13 03:55:00
305.45312,18.76,5.9191976,33983.0,0.5775984,3.5,0.6138419,0.58,2020-07-13 04:00:00
306.33377,17.97,5.643908,33074.0,0.5988156,3.37,0.5797836,0.33,2020-07-13 04:05:00
312.47873,19.53,7.163484,36612.0,0.5754505,3.81,0.44870633,0.28,2020-07-13 04:35:00
310.55673,17.17,7.071619,33233.0,0.6218999,3.31,0.35218254,0.16,2020-07-13 04:40:00
310.26062,18.59,6.690396,30377.0,0.6783525,3.58,0.40312052,0.15,2020-07-13 04:45:00
311.684,18.76,6.7642665,31924.0,0.6547434,3.65,0.41329977,0.06,2020-07-13 04:50:00
309.4922,18.63,7.067376,33172.0,0.616419,3.57,0.38201708,0.3,2020-07-13 04:55:00
311.7471,19.97,7.991583,35752.0,0.58500797,3.89,0.31175387,0.41,2020-07-13 05:00:00
310.903,21.31,7.7345266,36129.0,0.5740381,4.12,0.3856063,0.68,2020-07-13 05:05:00
315.53964,20.83,10.1262865,35152.0,0.6178173,4.15,0.12710482,0.25,2020-07-13 05:10:00
316.97406,22.88,9.80177,42166.0,0.5223718,4.6,0.22271647,0.12,2020-07-13 05:20:00
321.2053,23.82,8.235271,34270.0,0.66981626,4.91,0.27184162,1.01,2020-07-13 05:25:00
318.6186,23.18,10.176394,33854.0,0.66119295,4.71,0.17318627,0.15,2020-07-13 05:30:00
313.9288,25.76,9.599427,36449.0,0.5864149,5.07,0.28103337,0.69,2020-07-13 05:35:00
318.38757,22.44,10.425205,34784.0,0.64206374,4.56,0.13672057,0.16,2020-07-13 05:40:00
315.02463,22.01,10.323846,36972.0,0.584425,4.36,0.14612804,0.09,2020-07-13 05:45:00
313.78055,22.83,9.343023,41847.0,0.5100206,4.5,0.23804612,0.77,2020-07-13 05:50:00
312.83035,22.8,9.703185,40692.0,0.5195684,4.47,0.22010809,0.29,2020-07-13 05:55:00
312.9317,24.2,9.894711,43417.0,0.48744974,4.74,0.24303806,0.12,2020-07-13 06:00:00
313.3222,36.73,6.3362217,38941.0,0.5455928,7.21,0.7788745,1.12,2020-07-13 06:05:00
316.50388,40.02,7.961118,23861.0,0.91885394,8.02,0.60097295,0.12,2020-07-13 06:10:00
316.2812,39.83,8.06925,20931.0,1.0451863,7.97,0.5670264,0.1,2020-07-13 06:15:00
312.81665,39.44,7.538627,22911.0,0.9226746,7.71,0.64640373,0.44,2020-07-13 06:20:00
313.3699,40.49,6.947957,24133.0,0.88078564,7.95,0.72427595,0.18,2020-07-13 06:25:00
312.32883,39.89,7.073783,22832.0,0.9213798,7.78,0.70070374,0.16,2020-07-13 06:30:00
312.5085,39.98,7.1110125,22350.0,0.94293696,7.81,0.6954817,0.04,2020-07-13 06:35:00
311.1241,37.57,7.6397514,21518.0,0.96595275,7.27,0.60097295,0.22,2020-07-13 06:40:00
311.5869,36.95,7.3771677,21850.0,0.95568734,7.18,0.6242821,0.11,2020-07-13 06:45:00
311.26428,37.73,6.935683,21316.0,0.9764747,7.31,0.68752897,0.19,2020-07-13 06:50:00
310.7109,38.57,6.712198,20802.0,0.99507535,7.45,0.72015935,0.11,2020-07-13 06:55:00
309.38788,37.06,6.1665063,21708.0,0.94096226,7.1,0.7458552,0.13,2020-07-13 07:00:00
310.61066,38.17,6.0086355,22966.0,0.900408,7.37,0.81954396,0.14,2020-07-13 07:05:00
307.4818,35.99,6.6036506,21385.0,0.9369748,6.81,0.7032914,0.1,2020-07-13 07:10:00
308.35895,35.08,6.264479,20813.0,0.9713004,6.67,0.7126497,0.07,2020-07-13 07:15:00
308.92474,37.23,6.101393,22309.0,0.91135275,7.11,0.7895807,0.12,2020-07-13 07:20:00
308.22394,36.44,6.0283084,22602.0,0.89320123,6.92,0.7881684,0.05,2020-07-13 07:25:00
308.9536,35.2,5.986727,21110.0,0.9633959,6.72,0.7817554,0.07,2020-07-13 07:30:00
306.71564,34.75,5.919941,21108.0,0.9419265,6.54,0.7853298,0.09,2020-07-13 07:35:00
307.95172,36.34,5.7405047,22931.0,0.8779679,6.89,0.8413595,0.11,2020-07-13 07:40:00
305.22974,35.45,5.282215,22307.0,0.8779251,6.6,0.8426092,0.05,2020-07-13 07:45:00
311.0456,34.79,5.3093314,18954.0,1.0957606,6.73,0.87564,0.01,2020-07-13 07:55:00
307.14954,36.49,5.328283,21156.0,0.9439343,6.88,0.8864907,0.06,2020-07-13 08:00:00
306.99307,36.38,5.172717,21614.0,0.9224681,6.86,0.9190781,0.12,2020-07-13 08:05:00
303.88724,34.82,5.1395526,22949.0,0.841735,6.43,0.9132839,0.07,2020-07-13 08:10:00
303.323,34.28,5.1494565,23167.0,0.82900417,6.31,0.9180303,0.16,2020-07-13 08:15:00
299.1886,27.12,6.82491,24403.0,0.7540999,4.86,0.5440681,0.2,2020-07-13 08:20:00
296.40912,25.27,6.789227,24387.0,0.73298526,4.45,0.53781915,0.42,2020-07-13 08:25:00
297.15527,23.32,7.0034347,22185.0,0.81206965,4.12,0.40140057,0.28,2020-07-13 08:30:00
299.30524,22.14,7.613685,22020.0,0.8367232,3.97,0.37839794,0.18,2020-07-13 08:35:00
296.90094,22.21,7.459705,22086.0,0.8135384,3.92,0.3944517,0.11,2020-07-13 08:40:00
294.00616,22.05,7.652882,15978.0,1.0907531,3.81,0.35410845,0.06,2020-07-13 08:45:00
292.57693,21.5,7.5309296,14864.0,1.1548483,3.68,0.35410845,0.04,2020-07-13 08:50:00
293.11407,21.66,7.3999596,15682.0,1.1008772,3.72,0.36921585,0.04,2020-07-13 08:55:00
296.89218,19.94,7.2973013,24182.0,0.7429558,3.51,0.3598355,0.03,2020-07-13 09:00:00
297.77182,19.85,7.2885184,24660.0,0.73529524,3.52,0.3673559,0.07,2020-07-13 09:05:00
298.33978,19.46,7.1577234,27444.0,0.6646357,3.46,0.38381538,0.1,2020-07-13 09:10:00
301.03012,17.91,7.333171,27181.0,0.69008505,3.25,0.33041382,0.15,2020-07-13 09:15:00
297.95404,19.73,7.2863226,26156.0,0.6945613,3.5,0.36172783,0.11,2020-07-13 09:20:00
297.32376,16.88,4.619015,24862.0,0.7259103,3.0,0.31175387,0.3,2020-07-13 09:25:00
295.98492,14.21,1.9033655,25188.0,0.7065189,2.5,0.30319607,0.16,2020-07-13 09:30:00
296.0992,14.26,2.2130973,27330.0,0.6519282,2.5,0.3138672,0.13,2020-07-13 09:35:00
296.1519,16.11,3.3254924,32471.0,0.54901505,2.84,0.39269698,0.19,2020-07-13 09:40:00
296.598,15.77,2.1718426,29993.0,0.5971659,2.78,0.40483373,0.18,2020-07-13 09:45:00
291.92062,13.01,2.7094834,23628.0,0.7214356,2.22,0.33041382,0.25,2020-07-13 09:50:00
295.23178,13.58,3.475241,27834.0,0.63430405,2.38,0.3673559,0.36,2020-07-13 09:55:00
299.8756,14.2,1.9204687,31126.0,0.595456,2.57,0.42813483,0.4,2020-07-13 10:00:00
303.82703,15.56,1.4949583,39597.0,0.4875385,2.88,0.46089786,0.08,2020-07-13 10:05:00
298.55362,13.31,5.1602516,23625.0,0.77379876,2.37,0.3344538,0.13,2020-07-13 10:10:00
293.62988,12.16,5.4778185,23292.0,0.7452647,2.1,0.28103337,0.05,2020-07-13 10:15:00
295.21255,12.86,4.822945,24997.0,0.70615005,2.24,0.3138672,0.15,2020-07-13 10:20:00
295.87656,13.08,2.4112654,26675.0,0.6663739,2.3,0.35024804,0.16,2020-07-13 10:25:00
297.40662,15.4,4.85475,27840.0,0.6488234,2.73,0.43933272,0.07,2020-07-13 10:30:00
294.03247,11.77,5.7198424,21623.0,0.8062205,2.04,0.29446626,0.05,2020-07-13 10:35:00
295.16852,11.9,6.0721,22447.0,0.7860045,2.08,0.2922561,0.04,2020-07-13 10:40:00
294.91022,11.87,6.050868,22396.0,0.7856501,2.07,0.29003462,0.11,2020-07-13 10:45:00
296.1297,12.43,6.155355,23254.0,0.76644486,2.18,0.30319607,0.04,2020-07-13 10:50:00
294.4644,11.39,6.112569,22262.0,0.7866654,1.98,0.26481783,0.03,2020-07-13 10:55:00
295.51978,12.72,5.693303,23660.0,0.7484734,2.22,0.3673559,0.22,2020-07-13 11:00:00
292.09784,11.72,5.6810822,23122.0,0.73861754,2.0,0.32837963,0.11,2020-07-13 11:05:00
290.61356,12.04,5.7124515,24105.0,0.6973494,2.03,0.3344538,0.1,2020-07-13 11:10:00
292.75473,12.11,5.663903,24049.0,0.7151299,2.08,0.35602587,0.15,2020-07-13 11:15:00
290.35864,11.12,5.5621667,22303.0,0.7516364,1.88,0.33041382,0.14,2020-07-13 11:20:00
289.70023,11.97,5.4806294,22071.0,0.7541886,2.01,0.37106785,0.17,2020-07-13 11:25:00
290.68906,13.21,5.039543,23894.0,0.7040764,2.24,0.43616268,0.28,2020-07-13 11:30:00
291.5526,12.61,4.9447145,24802.0,0.6845928,2.15,0.46239802,0.05,2020-07-13 11:35:00
286.41803,12.22,5.2406964,24393.0,0.65861565,2.01,0.4265113,0.06,2020-07-13 11:40:00
287.3047,11.56,5.3909273,22564.0,0.7188859,1.91,0.38738984,0.03,2020-07-13 11:45:00
290.59464,12.32,5.164291,23300.0,0.721296,2.08,0.44404483,0.13,2020-07-13 11:50:00
285.9343,11.63,5.059881,24137.0,0.6621079,1.92,0.4313638,0.07,2020-07-13 11:55:00
288.2567,12.17,4.9841146,25981.0,0.63080144,2.03,0.4913617,0.13,2020-07-13 12:00:00
284.35797,10.18,5.243987,22716.0,0.6915227,1.65,0.363612,0.01,2020-07-13 12:05:00
285.1746,10.36,5.01414,22676.0,0.6989543,1.68,0.41161972,0.06,2020-07-13 12:10:00
287.0211,12.09,4.9502826,26090.0,0.6198218,1.99,0.49968714,0.01,2020-07-13 12:15:00
285.42865,11.69,4.968833,21611.0,0.735435,1.91,0.47129175,0.01,2020-07-13 12:20:00
285.3096,10.55,5.0200496,23718.0,0.6692326,1.72,0.4199558,0.01,2020-07-13 12:25:00
286.42355,11.88,4.9687424,29549.0,0.5437266,1.95,0.49968714,0.02,2020-07-13 12:30:00
287.0102,11.47,4.952636,26935.0,0.6003059,1.89,0.48000696,0.01,2020-07-13 12:35:00
284.02905,9.57,4.8954473,23479.0,0.66664386,1.54,0.40312052,0.01,2020-07-13 12:40:00
287.66565,11.44,4.9088492,27707.0,0.58773834,1.89,0.48287362,0.03,2020-07-13 12:45:00
287.76645,11.66,4.9636273,32004.0,0.50938135,1.93,0.49968714,0.02,2020-07-13 12:50:00
287.02316,11.89,4.9323525,28489.0,0.56764066,1.96,0.49968714,0.03,2020-07-13 12:55:00
283.5342,9.46,4.668897,24931.0,0.6244194,1.52,0.42488167,0.22,2020-07-13 13:00:00
297.7637,13.34,3.4629755,40271.0,0.4502208,2.37,0.6901961,0.14,2020-07-13 13:05:00
303.83017,10.06,5.205324,33410.0,0.5778414,1.86,0.40483373,0.11,2020-07-13 13:10:00
302.6603,10.04,5.069635,31866.0,0.5986074,1.84,0.39794004,0.22,2020-07-13 13:15:00
301.63174,7.42,5.341563,23058.0,0.8185508,1.35,0.21748395,0.02,2020-07-13 13:20:00
299.09454,6.8,5.4710965,21249.0,0.865184,1.22,0.15228835,0.07,2020-07-13 13:25:00
298.80377,6.74,5.3964524,21312.0,0.8600186,1.2,0.1492191,0.07,2020-07-13 13:30:00
297.0631,9.96,5.365948,27959.0,0.64374167,1.76,0.34830487,0.05,2020-07-13 13:35:00
295.62686,9.65,5.5055156,25614.0,0.69215536,1.69,0.30535138,0.1,2020-07-13 13:40:00
296.8358,9.34,5.2751307,27135.0,0.6617112,1.65,0.3324385,0.08,2020-07-13 13:45:00
296.0258,9.51,5.2646275,26701.0,0.66677094,1.67,0.3424227,0.01,2020-07-13 13:50:00
293.74023,9.58,5.205084,24480.0,0.70992744,1.65,0.3443923,0.02,2020-07-13 14:55:00
294.75735,9.61,5.2214746,29005.0,0.6056557,1.67,0.36172783,0.07,2020-07-13 15:00:00
293.95078,9.02,5.1811776,27643.0,0.63009924,1.56,0.3344538,0.05,2020-07-13 15:05:00
296.56113,9.89,5.1876197,30048.0,0.5958422,1.74,0.38021126,0.03,2020-07-13 15:10:00
296.32324,10.04,5.088438,31026.0,0.5756203,1.76,0.40140057,0.03,2020-07-13 15:15:00
297.2802,11.01,4.9901805,30456.0,0.5923087,1.95,0.4456042,0.11,2020-07-13 15:20:00
293.6686,11.47,4.9884467,35937.0,0.48323005,1.98,0.45178646,0.26,2020-07-13 15:25:00
300.42868,10.82,5.549171,36947.0,0.5045276,1.95,0.35602587,0.26,2020-07-13 15:30:00
297.64218,11.48,5.497608,36212.0,0.5000502,2.03,0.40312052,0.06,2020-07-13 15:35:00
306.3743,10.5,6.1170006,35604.0,0.5564933,1.97,0.28330123,0.07,2020-07-13 15:40:00
307.75378,9.63,6.040215,32845.0,0.6117348,1.82,0.24551268,0.01,2020-07-13 15:55:00
306.36572,12.06,6.104048,39965.0,0.4957252,2.26,0.3424227,0.06,2020-07-13 16:00:00
305.712,11.78,5.840942,38832.0,0.50680774,2.2,0.346353,0.13,2020-07-13 16:05:00
307.6346,11.32,6.1096234,36610.0,0.54816216,2.15,0.30749604,0.08,2020-07-13 16:10:00
307.3506,10.68,6.0148315,36373.0,0.55014974,2.02,0.28780174,0.09,2020-07-13 16:15:00
304.80725,11.74,5.6983066,38957.0,0.5005419,2.18,0.38916612,0.1,2020-07-13 16:20:00
304.63998,11.7,5.946209,36376.0,0.5351419,2.17,0.34830487,0.03,2020-07-13 16:25:00
307.43243,11.47,5.7231894,35725.0,0.56059307,2.17,0.363612,0.11,2020-07-13 16:30:00
304.94614,11.59,5.2895746,36986.0,0.52796423,2.16,0.40993312,0.26,2020-07-13 16:35:00
317.7402,12.94,3.2729805,54076.0,0.4103943,2.61,1.0663259,1.21,2020-07-13 16:40:00
318.91095,11.61,4.626565,42166.0,0.5323728,2.36,0.56229293,0.09,2020-07-13 16:45:00
312.80505,11.6,4.4641123,41530.0,0.5089564,2.27,0.5932861,0.16,2020-07-13 16:50:00
306.3215,12.93,4.7477255,50880.0,0.38920528,2.43,0.62531245,0.04,2020-07-13 16:55:00
309.37973,10.74,5.2101536,55272.0,0.3695313,2.06,0.44715804,0.04,2020-07-13 17:05:00
304.2231,11.4,5.4140925,57842.0,0.3351115,2.11,0.44404483,0.06,2020-07-13 17:10:00
309.60977,11.37,5.3419285,49525.0,0.4133679,2.18,0.4313638,0.03,2020-07-13 17:15:00
306.58075,11.38,5.2499237,56889.0,0.34901264,2.14,0.46834734,0.02,2020-07-13 17:20:00
310.57935,11.33,5.3428645,60094.0,0.34399912,2.19,0.48000696,0.05,2020-07-13 17:25:00
311.6911,12.26,5.162141,56586.0,0.36941147,2.38,0.510545,0.11,2020-07-13 17:30:00
312.92905,11.94,4.7804914,60797.0,0.34809363,2.34,0.5670264,0.37,2020-07-13 17:35:00
309.10904,10.01,5.00102,57393.0,0.35490665,1.91,0.45636603,0.16,2020-07-13 17:40:00
310.36896,12.26,4.670503,58325.0,0.3536857,2.37,0.580925,0.11,2020-07-13 17:45:00
306.97366,12.31,4.3988295,54147.0,0.36815152,2.33,0.580925,0.19,2020-07-13 17:50:00
310.2887,12.39,3.970126,56847.0,0.3625894,2.4,0.7032914,0.31,2020-07-13 17:55:00
322.7157,12.65,4.8894477,52734.0,0.44169396,2.64,0.5786392,0.57,2020-07-13 18:00:00
328.20126,13.65,4.6596675,51420.0,0.4773839,2.94,0.57170886,0.15,2020-07-13 18:05:00
330.19522,14.03,5.5371923,43482.0,0.5752798,3.06,0.4871384,0.14,2020-07-13 18:10:00
328.03735,13.33,5.758767,40719.0,0.6019041,2.87,0.41664052,0.13,2020-07-13 18:15:00
326.45288,11.64,6.0714827,36916.0,0.653979,2.48,0.3138672,0.07,2020-07-13 18:20:00
330.36902,15.33,5.9655514,42170.0,0.5941505,3.35,0.4756712,0.09,2020-07-13 18:25:00
332.68756,15.03,5.73505,42807.0,0.5981915,3.33,0.51719594,0.2,2020-07-13 18:30:00
329.6542,15.61,4.749158,53111.0,0.4685838,3.4,0.5763414,0.36,2020-07-13 18:35:00
309.51028,12.21,6.5092707,41543.0,0.49229902,2.34,0.30103,0.51,2020-07-13 18:40:00
305.17145,12.27,7.393849,46108.0,0.42448676,2.29,0.20951504,0.02,2020-07-13 18:50:00
336.63965,15.43,4.7689514,71705.0,0.37048548,3.5,0.7058637,1.34,2020-07-13 19:00:00
324.519,12.48,6.0291543,49466.0,0.47911415,2.64,0.29003462,0.52,2020-07-13 19:05:00
324.806,13.28,6.792768,49603.0,0.4791074,2.82,0.25767857,0.39,2020-07-13 19:10:00
305.2028,12.71,7.3011985,46620.0,0.4199591,2.37,0.2068259,0.02,2020-07-13 19:15:00
322.90192,13.17,6.067973,53843.0,0.43337402,2.76,0.3201463,0.41,2020-07-13 19:20:00
333.41428,14.74,1.7706496,61845.0,0.41686985,3.29,0.45939252,0.33,2020-07-13 19:25:00
339.70343,14.73,0.94170064,74913.0,0.3647641,3.41,0.54530716,0.55,2020-07-13 19:30:00
350.11237,13.15,4.4893875,84601.0,0.35481134,3.22,0.38021126,0.1,2020-07-13 19:35:00
350.27728,13.58,6.7409863,85098.0,0.35325664,3.33,0.4265113,0.09,2020-07-13 19:40:00
352.86563,14.26,6.837741,83722.0,0.36738685,3.55,0.44404483,0.11,2020-07-13 19:45:00
352.86563,14.26,6.7090755,83722.0,0.36738685,3.55,0.43775058,0.1,2020-07-13 19:50:00
358.44244,12.95,4.1930776,82986.0,0.3891868,3.33,0.41830128,0.13,2020-07-13 19:55:00
357.74063,13.46,2.835736,84327.0,0.38066816,3.45,0.4502491,0.13,2020-07-13 20:00:00
355.0731,13.48,2.6897957,83738.0,0.37451726,3.41,0.39794004,0.23,2020-07-13 20:05:00
361.95285,15.42,4.5755987,78408.0,0.42459854,4.04,0.47129175,0.19,2020-07-13 20:10:00
361.94717,14.65,5.0601583,75012.0,0.44379967,3.84,0.4199558,0.31,2020-07-13 20:15:00
364.60825,14.19,5.8842244,69942.0,0.4869485,3.77,0.3673559,0.48,2020-07-13 20:20:00
364.7161,12.47,6.8445086,71810.0,0.47471827,3.32,0.2624511,0.18,2020-07-13 20:25:00
366.40366,13.51,5.7388678,68090.0,0.50790066,3.63,0.35024804,0.18,2020-07-13 20:30:00
365.08194,13.09,6.2475357,65343.0,0.52333206,3.49,0.33645976,0.4,2020-07-13 20:35:00
366.78473,12.04,7.679805,62729.0,0.55309415,3.24,0.17609127,0.19,2020-07-13 20:40:00
365.33792,11.9,7.2195706,63120.0,0.5429465,3.18,0.23299614,0.61,2020-07-13 20:45:00
362.10913,12.46,7.94749,65088.0,0.51217884,3.27,0.19589968,0.16,2020-07-13 20:50:00
358.8099,12.35,7.5283265,64875.0,0.49942568,3.18,0.16731733,0.85,2020-07-13 20:55:00
359.5348,12.66,8.257022,66748.0,0.48847067,3.27,0.17318627,0.06,2020-07-13 21:00:00
362.2904,13.17,7.545787,66540.0,0.5017835,3.46,0.20951504,0.12,2020-07-13 21:05:00
360.60635,12.71,7.834915,66437.0,0.4953248,3.32,0.18752073,0.11,2020-07-13 21:10:00
361.18265,12.91,8.393461,66088.0,0.500422,3.37,0.16435286,0.15,2020-07-13 21:15:00
374.5353,12.68,7.6615534,61557.0,0.6015348,3.57,0.13672057,0.18,2020-07-13 21:20:00
367.36673,12.28,7.7457666,69328.0,0.5029239,3.31,0.14612804,0.13,2020-07-13 21:25:00
368.74884,10.69,5.536506,61649.0,0.5722183,2.9,0.06069783,0.31,2020-07-13 21:30:00
361.15555,9.98,3.6005278,53379.0,0.6194227,2.62,0.017033322,0.13,2020-07-13 21:35:00
376.00922,12.01,2.9831862,44061.0,0.85073406,3.47,0.15836251,0.58,2020-07-13 21:40:00
386.44128,15.49,6.415645,38376.0,1.0636201,4.62,0.3673559,0.59,2020-07-13 21:45:00
386.36996,14.16,6.2791796,61501.0,0.6633069,4.23,0.39794004,0.59,2020-07-13 21:50:00
388.95068,14.72,7.5760474,36740.0,1.1335944,4.45,0.24303806,0.17,2020-07-13 21:55:00
389.86884,15.92,7.226818,38658.0,1.0852884,4.84,0.32428244,0.07,2020-07-13 22:00:00
390.34302,15.61,7.1047235,39386.0,1.0692667,4.76,0.3344538,0.03,2020-07-13 22:05:00
389.8035,15.24,7.0411506,42384.0,0.9893639,4.63,0.3384565,0.04,2020-07-13 22:10:00
389.98627,15.26,6.9776855,43204.0,0.9720033,4.64,0.3443923,0.02,2020-07-13 22:15:00
387.58353,14.52,6.9745464,48077.0,0.8568387,4.37,0.3344538,0.06,2020-07-13 22:20:00
390.25674,15.41,7.0525885,42769.0,0.9840111,4.69,0.31597033,0.06,2020-07-13 22:25:00
390.80334,15.02,6.983223,45194.0,0.9352777,4.59,0.3424227,0.08,2020-07-13 22:30:00
389.10333,13.82,7.0586753,37946.0,1.0989082,4.19,0.26951295,0.4,2020-07-13 22:35:00
388.69092,14.27,7.4388237,36263.0,1.1461196,4.31,0.22010809,0.29,2020-07-13 22:40:00
387.96567,12.21,8.118867,31987.0,1.2918,3.68,0.08990512,0.17,2020-07-13 22:45:00
387.03833,12.38,8.135416,28816.0,1.4233105,3.71,0.08635984,0.03,2020-07-13 22:50:00
384.62814,12.06,8.035036,27534.0,1.460894,3.57,0.07554698,0.04,2020-07-13 22:55:00
385.37793,11.76,8.008527,27770.0,1.4572871,3.49,0.07188199,0.07,2020-07-13 23:00:00
386.1911,12.16,7.8383546,25938.0,1.5704863,3.63,0.10380372,0.09,2020-07-13 23:05:00
385.3918,11.7,7.8448133,27045.0,1.4965208,3.47,0.07918126,0.01,2020-07-13 23:10:00
384.62674,11.56,7.8522224,27448.0,1.4654548,3.42,0.08635984,0.04,2020-07-13 23:15:00
384.37173,9.11,7.8573084,23718.0,1.6924212,2.69,-0.031517047,0.03,2020-07-13 23:20:00
385.25537,9.29,7.8481975,24443.0,1.6540035,2.76,-0.017728778,0.01,2020-07-13 23:25:00
385.42203,11.69,7.766769,28752.0,1.4080161,3.47,0.1105897,0.05,2020-07-13 23:35:00
385.72153,11.46,7.8015766,29824.0,1.3606923,3.41,0.096910015,0.07,2020-07-13 23:40:00
382.98096,10.29,7.884675,26717.0,1.4855871,3.02,0.0293838,0.07,2020-07-13 23:45:00
380.4198,7.98,8.036137,24931.0,1.559102,2.31,-0.10237289,0.08,2020-07-13 23:50:00
380.0035,8.31,7.997737,26713.0,1.4501446,2.4,-0.09691001,0.16,2020-07-13 23:55:00
375.055,9.62,7.998781,31045.0,1.1979016,2.71,-0.013228253,0.21,2020-07-14 00:00:00
378.89426,10.88,8.113895,31305.0,1.2262192,3.12,0.025305841,0.15,2020-07-14 00:05:00
375.6992,9.54,8.180465,26566.0,1.4073653,2.71,-0.05061,0.12,2020-07-14 00:10:00
380.8968,11.65,7.8551254,31846.0,1.2253312,3.38,0.064457975,0.15,2020-07-14 00:15:00
369.98804,8.12,7.85475,25735.0,1.385158,2.24,-0.10237289,0.25,2020-07-14 00:20:00
368.1474,6.94,8.758203,22720.0,1.5448012,1.88,-0.24412516,0.03,2020-07-14 00:25:00
367.60965,5.67,8.479139,22536.0,1.550343,1.53,-0.30103,0.44,2020-07-14 00:30:00
384.07855,12.21,7.5447993,35431.0,1.130242,3.6,0.1818436,0.27,2020-07-14 00:35:00
375.14655,8.85,7.5552964,27188.0,1.3688805,2.53,0.0,0.4,2020-07-14 00:40:00
386.59006,12.25,7.604117,36910.0,1.107191,3.66,0.12057395,0.38,2020-07-14 00:45:00
386.25272,12.64,7.3532033,37812.0,1.077846,3.77,0.20139715,0.46,2020-07-14 00:50:00
374.8789,8.52,7.6806445,30605.0,1.2133485,2.43,-0.017728778,0.14,2020-07-14 00:55:00
391.04123,11.43,7.4115043,36572.0,1.1579646,3.5,0.1430148,0.14,2020-07-14 01:00:00
385.6594,11.61,7.571486,35301.0,1.1490027,3.47,0.13353892,0.23,2020-07-14 01:05:00
385.56186,9.71,7.720395,30855.0,1.3135315,2.92,0.025305841,0.28,2020-07-14 01:10:00
391.02405,10.61,7.8545403,33696.0,1.2566267,3.25,0.05690485,0.28,2020-07-14 01:15:00
378.57562,8.84,7.8574104,27905.0,1.3720262,2.56,-0.0409586,0.2,2020-07-14 01:20:00
381.9943,9.67,8.243234,26682.0,1.4756384,2.82,-0.045757502,0.08,2020-07-14 01:25:00
373.00278,8.17,8.336493,25250.0,1.4478834,2.28,-0.13076828,0.1,2020-07-14 01:30:00
381.79984,7.94,8.428369,25996.0,1.5121796,2.31,-0.15490197,0.03,2020-07-14 01:35:00
372.33923,7.38,8.309446,24688.0,1.4726576,2.05,-0.18708667,0.12,2020-07-14 01:40:00
377.91132,8.13,8.394552,27707.0,1.3742967,2.32,-0.1426675,0.07,2020-07-14 01:45:00
367.95963,7.13,8.481657,25378.0,1.3808098,1.94,-0.20760833,0.03,2020-07-14 01:50:00
380.57855,9.01,8.191606,27599.0,1.410214,2.61,-0.06550154,0.13,2020-07-14 01:55:00
371.7646,6.93,8.507579,23275.0,1.5545685,1.93,-0.22914802,0.19,2020-07-14 02:00:00
364.93915,5.93,8.804062,20706.0,1.6494962,1.58,-0.32790217,0.01,2020-07-14 02:05:00
362.32675,6.01,8.693412,21156.0,1.5787057,1.58,-0.30980393,0.11,2020-07-14 02:20:00
367.03058,6.4,8.791775,28489.0,1.220383,1.72,-0.26760623,0.01,2020-07-14 02:25:00
367.03058,6.4,8.708238,28489.0,1.220383,1.72,-0.25963733,0.03,2020-07-14 02:30:00
362.67896,6.2,8.449597,23808.0,1.4071015,1.63,-0.25181198,0.08,2020-07-14 02:35:00
366.63797,7.31,8.267733,27966.0,1.2390704,1.96,-0.15490197,0.02,2020-07-14 02:40:00
364.21512,8.1,8.334398,33982.0,0.9988808,2.15,-0.10237289,0.04,2020-07-14 02:45:00
366.2522,6.77,8.494433,29030.0,1.1897509,1.82,-0.22184876,0.07,2020-07-14 02:50:00
366.15115,5.76,8.661518,26143.0,1.3200022,1.54,-0.30980393,0.03,2020-07-14 02:55:00
364.4387,5.69,8.653664,26563.0,1.2803099,1.51,-0.30980393,0.04,2020-07-14 03:00:00
361.96057,5.65,8.793389,27343.0,1.2176474,1.48,-0.32790217,0.05,2020-07-14 03:05:00
361.79337,5.71,8.88506,28608.0,1.1621323,1.49,-0.32790217,0.02,2020-07-14 03:10:00
362.01617,5.48,8.835887,26491.0,1.2574103,1.44,-0.3467875,0.11,2020-07-14 03:15:00
359.06595,5.71,8.86775,29130.0,1.1147363,1.47,-0.32790217,0.03,2020-07-14 03:20:00
364.7593,6.86,8.788237,28489.0,1.1970266,1.83,-0.25181198,0.05,2020-07-14 03:25:00
359.9852,5.82,8.872576,27726.0,1.1805438,1.51,-0.32790217,0.06,2020-07-14 03:30:00
359.86105,5.53,8.977633,26680.0,1.2255111,1.43,-0.35654733,0.02,2020-07-14 03:35:00
359.51987,5.53,8.633458,23819.0,1.3686646,1.43,-0.3467875,0.04,2020-07-14 03:40:00
361.19513,5.81,8.781491,24336.0,1.3591161,1.52,-0.3372422,0.1,2020-07-14 03:45:00
360.0396,4.09,9.166924,22146.0,1.4786941,1.06,-0.52287877,0.02,2020-07-14 03:50:00
364.1385,3.12,9.140859,23531.0,1.4415765,0.83,-0.63827217,0.06,2020-07-14 03:55:00
367.156,2.99,9.067006,25636.0,1.3576413,0.81,-0.63827217,0.12,2020-07-14 04:00:00
365.57544,3.07,9.055446,26372.0,1.3021457,0.82,-0.6197888,0.06,2020-07-14 04:05:00
369.13498,3.5,9.052873,52321.0,0.676436,0.96,-0.49485007,0.04,2020-07-14 04:10:00
366.40765,3.22,8.856416,32718.0,1.0570369,0.87,-0.56863624,0.19,2020-07-14 04:15:00
366.52393,4.28,8.6363125,35799.0,0.96701866,1.15,-0.40893543,0.14,2020-07-14 04:20:00
369.53336,4.95,8.259237,28047.0,1.2661192,1.36,-0.3467875,0.17,2020-07-14 04:25:00
375.2461,5.53,8.09895,40947.0,0.9096607,1.56,-0.24412516,0.08,2020-07-14 04:30:00
375.04675,5.45,8.200129,36995.0,1.0051712,1.53,-0.26760623,0.03,2020-07-14 04:35:00
375.1676,4.13,7.6197505,95432.0,0.39005396,1.16,-0.21467017,0.28,2020-07-14 04:55:00
373.8729,4.45,8.2105,69755.0,0.5279218,1.25,-0.27572417,0.09,2020-07-14 05:00:00
379.3791,5.09,7.5517216,75748.0,0.50879115,1.46,-0.13667715,0.28,2020-07-14 05:05:00
377.298,5.61,7.2572446,91597.0,0.41361168,1.6,-0.045757502,0.33,2020-07-14 05:10:00
375.5018,6.42,7.0770473,102695.0,0.36347386,1.81,0.10720996,0.31,2020-07-14 05:15:00
355.1504,2.79,6.97669,42666.0,0.73554075,0.7,-0.39794,0.39,2020-07-14 05:20:00
370.0391,4.97,7.5931683,140614.0,0.2536188,1.36,0.041392695,0.58,2020-07-14 05:25:00
358.8022,3.01,8.313152,42472.0,0.7628101,0.78,-0.5086383,0.05,2020-07-14 05:30:00
371.3081,3.69,8.100827,62250.0,0.5790275,1.03,-0.3467875,0.05,2020-07-14 05:35:00
371.31006,4.47,8.305089,64471.0,0.55908924,1.23,-0.2839967,0.04,2020-07-14 05:40:00
372.44678,4.96,8.033897,56164.0,0.6479181,1.38,-0.26760623,0.16,2020-07-14 05:45:00
372.93445,5.12,7.5235233,56292.0,0.64908344,1.43,-0.22914802,0.15,2020-07-14 05:50:00
376.91702,5.38,5.990083,50865.0,0.7424875,1.54,-0.19382004,0.3,2020-07-14 05:55:00
377.6929,5.45,7.051312,66904.0,0.56811506,1.56,-0.1674911,0.07,2020-07-14 06:00:00
377.74072,4.88,6.885151,45648.0,0.8329862,1.39,-0.25963733,0.21,2020-07-14 06:05:00
377.7033,4.91,7.9405603,46810.0,0.812058,1.4,-0.26760623,0.19,2020-07-14 06:10:00
377.36478,4.79,7.965325,52572.0,0.72103906,1.36,-0.24412516,0.04,2020-07-14 06:15:00
380.36566,4.3,8.23048,71593.0,0.5426894,1.24,-0.2839967,0.05,2020-07-14 06:25:00
380.72867,4.76,7.8908367,72428.0,0.5380282,1.38,-0.19382004,0.18,2020-07-14 06:30:00
374.0633,5.01,8.041076,57021.0,0.6468423,1.4,-0.22914802,0.03,2020-07-14 06:35:00
372.51883,5.76,7.8548965,50181.0,0.7256051,1.6,-0.1674911,0.09,2020-07-14 06:45:00
381.4762,6.12,7.54297,57766.0,0.67872065,1.78,-0.09151498,0.08,2020-07-14 06:55:00
374.39154,5.97,7.6567745,80601.0,0.45885846,1.67,-0.060480744,0.05,2020-07-14 07:00:00
385.37973,7.82,7.0949416,70412.0,0.5747522,2.33,0.07554698,0.2,2020-07-14 07:10:00
384.5132,8.08,6.307694,72941.0,0.55095017,2.39,0.12385166,0.19,2020-07-14 07:15:00
385.1492,8.67,5.968794,61108.0,0.66102856,2.58,0.11394334,0.25,2020-07-14 07:20:00
392.93964,8.86,6.6635275,54486.0,0.7890538,2.73,0.10720996,0.09,2020-07-14 07:25:00
390.71857,8.3,6.8159595,64603.0,0.65384567,2.54,0.096910015,0.04,2020-07-14 07:30:00
389.66675,8.74,6.7053785,59680.0,0.70186704,2.65,0.12385166,0.06,2020-07-14 07:35:00
387.54794,8.57,7.1272645,58987.0,0.69816166,2.58,0.10037054,0.02,2020-07-14 07:40:00
383.7086,8.47,6.872743,58330.0,0.68447876,2.5,0.10037054,0.02,2020-07-14 07:45:00
381.85925,9.28,6.1601706,59596.0,0.659938,2.71,0.21484385,0.17,2020-07-14 07:55:00
379.3113,9.24,5.4139633,55676.0,0.6918327,2.66,0.23044895,0.06,2020-07-14 08:00:00
375.00516,10.56,5.6544228,53791.0,0.6910724,2.97,0.346353,0.15,2020-07-14 08:05:00
371.81616,10.47,6.014699,56604.0,0.6394991,2.9,0.3424227,0.03,2020-07-14 08:10:00
369.02603,10.03,6.141889,55315.0,0.6392354,2.73,0.28330123,0.08,2020-07-14 08:15:00
370.8296,9.15,6.462469,49040.0,0.7320567,2.52,0.2068259,0.01,2020-07-14 08:25:00
370.518,9.11,6.487511,46662.0,0.76735324,2.5,0.19865711,0.05,2020-07-14 08:30:00
370.65607,8.99,6.495668,47447.0,0.7555333,2.47,0.1903317,0.03,2020-07-14 08:35:00
371.1795,8.71,6.9581103,45753.0,0.7869563,2.4,0.13033378,0.09,2020-07-14 08:40:00
379.65683,7.28,7.021873,43778.0,0.8823566,2.1,0.02118928,0.03,2020-07-14 08:45:00
378.8118,6.74,7.184226,41375.0,0.92714906,1.93,-0.031517047,0.03,2020-07-14 08:50:00
379.18835,6.61,7.2746,42269.0,0.9103509,1.9,-0.05061,0.02,2020-07-14 08:55:00
378.79086,6.69,6.9261317,45124.0,0.8499732,1.92,-0.026872149,0.1,2020-07-14 09:00:00
379.08487,7.44,6.7408752,42551.0,0.90354973,2.14,0.02118928,0.13,2020-07-14 09:05:00
377.84674,7.39,6.5440736,41930.0,0.90764093,2.11,0.045322984,0.19,2020-07-14 09:10:00
381.3895,8.82,6.4768896,51006.0,0.7681301,2.57,0.17609127,0.15,2020-07-14 09:15:00
379.53113,9.3,6.1249247,50641.0,0.7619914,2.68,0.21218762,0.06,2020-07-14 09:20:00
382.99463,8.6,6.3296366,52875.0,0.75072974,2.52,0.17318627,0.07,2020-07-14 09:25:00
381.28876,8.28,6.161712,55737.0,0.7023529,2.41,0.15228835,0.08,2020-07-14 09:30:00
380.12094,7.82,5.7748423,56772.0,0.68299496,2.26,0.12710482,0.14,2020-07-14 09:35:00
380.89117,8.84,6.0689454,53954.0,0.7232107,2.57,0.19865711,0.06,2020-07-14 09:40:00
380.3554,7.72,5.6465034,59314.0,0.6549803,2.24,0.13033378,0.07,2020-07-14 09:45:00
382.3302,8.43,6.1240754,51037.0,0.7735733,2.47,0.13672057,0.2,2020-07-14 09:50:00
384.6019,8.19,6.2190194,54012.0,0.74456996,2.43,0.15836251,0.09,2020-07-14 09:55:00
386.21558,8.84,5.7336025,43377.0,0.9392837,2.63,0.15836251,0.18,2020-07-14 10:00:00
380.12064,8.24,5.78911,50545.0,0.7671361,2.38,0.16435286,0.19,2020-07-14 10:05:00
372.5911,6.98,6.7023425,58238.0,0.62559813,1.94,0.064457975,0.08,2020-07-14 10:20:00
372.62933,6.66,6.979692,51804.0,0.70352143,1.85,-0.0043648016,0.09,2020-07-14 10:25:00
373.50555,6.33,7.177437,45178.0,0.8126228,1.76,-0.05551733,0.08,2020-07-14 10:30:00
370.3864,5.82,7.1183004,45013.0,0.79458517,1.6,-0.09151498,0.09,2020-07-14 10:35:00
389.47742,7.81,6.9141088,41833.0,0.9997872,2.38,0.041392695,0.14,2020-07-14 10:40:00
377.76303,7.09,6.4843345,48767.0,0.779854,2.03,0.064457975,0.04,2020-07-14 10:45:00
380.26822,7.48,6.506405,49021.0,0.7919419,2.16,0.10037054,0.09,2020-07-14 10:50:00
380.2181,7.59,6.4142423,48972.0,0.7924092,2.19,0.12057395,0.06,2020-07-14 10:55:00
375.46103,7.57,6.289245,47931.0,0.778501,2.13,0.12385166,0.04,2020-07-14 11:00:00
374.5996,7.54,5.919907,51403.0,0.7207453,2.12,0.13033378,0.03,2020-07-14 11:05:00
370.92142,7.85,5.9963493,56623.0,0.6345077,2.16,0.17318627,0.05,2020-07-14 11:10:00
377.2175,7.69,6.5045524,47787.0,0.7922748,2.19,0.10037054,0.1,2020-07-14 11:15:00
375.5719,7.22,6.532672,45481.0,0.8211922,2.04,0.05690485,0.09,2020-07-14 11:20:00
379.48767,7.06,6.8485327,45053.0,0.85619724,2.03,0.017033322,0.15,2020-07-14 11:25:00
384.91254,7.58,7.4492216,39630.0,1.0173333,2.24,-0.022276402,0.15,2020-07-14 11:30:00
384.4621,7.53,7.583337,36572.0,1.0983876,2.23,-0.05061,0.06,2020-07-14 11:35:00
386.53003,7.29,7.480649,36825.0,1.1092101,2.18,-0.05061,0.12,2020-07-14 11:40:00
386.68515,6.62,7.77739,37201.0,1.0993716,1.98,-0.12493874,0.11,2020-07-14 11:45:00
380.68408,5.76,7.9753,29639.0,1.3142852,1.67,-0.24412516,0.03,2020-07-14 11:50:00
380.9482,6.31,7.913211,30680.0,1.2724347,1.83,-0.20760833,0.04,2020-07-14 11:55:00
381.3472,6.23,8.162806,29836.0,1.3127003,1.81,-0.22914802,0.05,2020-07-14 12:00:00
382.4763,5.84,8.227764,27296.0,1.4481184,1.71,-0.26760623,0.04,2020-07-14 12:05:00
380.51697,6.14,8.1140375,28740.0,1.3535454,1.78,-0.22184876,0.1,2020-07-14 12:10:00
381.13495,7.01,8.115318,38420.0,1.0176445,2.04,-0.13667715,0.02,2020-07-14 12:15:00
383.00012,7.7,8.0583,36612.0,1.0842513,2.26,-0.08618615,0.06,2020-07-14 12:20:00
383.01642,7.44,7.9674463,34984.0,1.134858,2.18,-0.10237289,0.01,2020-07-14 12:25:00
382.9398,6.93,8.067732,31727.0,1.2505798,2.03,-0.15490197,0.02,2020-07-14 12:30:00
384.01663,7.25,7.993747,34270.0,1.1679461,2.14,-0.11350928,0.01,2020-07-14 12:35:00
382.0033,7.44,7.86756,30176.0,1.3048736,2.17,-0.10790541,0.06,2020-07-14 12:40:00
383.17282,7.79,7.898968,32583.0,1.2200338,2.29,-0.08092192,0.03,2020-07-14 12:45:00
387.58426,7.78,7.935553,32019.0,1.2865636,2.34,-0.09151498,0.01,2020-07-14 12:50:00
390.64645,7.81,7.9403963,31878.0,1.3243033,2.38,-0.08618615,0.01,2020-07-14 12:55:00
389.9115,7.58,7.7382684,32125.0,1.3064396,2.31,-0.09151498,0.02,2020-07-14 13:00:00
378.96997,7.89,7.771975,35767.0,1.0739139,2.27,-0.060480744,0.02,2020-07-14 13:05:00
376.01263,7.43,7.811594,32810.0,1.1424947,2.1,-0.09151498,0.02,2020-07-14 13:10:00
372.5114,7.75,7.839528,36858.0,0.9878271,2.15,-0.06550154,0.02,2020-07-14 13:15:00
374.47745,7.8,7.852452,36746.0,1.0072082,2.19,-0.06550154,0.02,2020-07-14 13:20:00
374.6178,7.5,7.9267707,33614.0,1.1023403,2.11,-0.09691001,0.02,2020-07-14 13:25:00
374.52164,7.33,7.8853664,31452.0,1.177174,2.06,-0.10790541,0.02,2020-07-14 13:30:00
375.1397,7.52,7.8203135,31644.0,1.1760528,2.12,-0.09151498,0.05,2020-07-14 13:35:00
370.27725,7.14,7.929155,28684.0,1.2457767,1.96,-0.13076828,0.02,2020-07-14 13:40:00
369.61578,7.38,7.983245,30910.0,1.1496446,2.01,-0.11350928,0.03,2020-07-14 13:45:00
370.82272,7.24,7.961112,29150.0,1.2314916,1.99,-0.13076828,0.01,2020-07-14 13:50:00
375.21622,7.13,8.001056,27644.0,1.3470787,2.01,-0.1426675,0.01,2020-07-14 13:55:00
374.61984,7.17,8.019096,28136.0,1.3169855,2.01,-0.1426675,0.01,2020-07-14 14:00:00
373.155,7.3,8.010194,27595.0,1.3265271,2.03,-0.13076828,0.01,2020-07-14 14:05:00
371.53793,7.31,7.984842,28330.0,1.2747604,2.02,-0.12493874,0.02,2020-07-14 14:10:00
372.53186,7.36,7.91043,32762.0,1.111518,2.04,-0.10790541,0.02,2020-07-14 14:15:00
371.532,7.41,7.8444123,33645.0,1.0733293,2.05,-0.10237289,0.04,2020-07-14 14:20:00
373.82852,7.32,7.955036,32749.0,1.1240523,2.05,-0.11350928,0.03,2020-07-14 14:25:00
372.69672,7.35,7.923244,29041.0,1.2556641,2.04,-0.119186416,0.03,2020-07-14 14:30:00
373.277,7.21,7.809898,33086.0,1.1075013,2.01,-0.10790541,0.04,2020-07-14 14:35:00
374.1761,7.28,7.79027,37051.0,0.9964165,2.04,-0.08618615,0.01,2020-07-14 14:40:00
374.73148,7.38,7.8016534,34991.0,1.0599606,2.07,-0.08618615,0.02,2020-07-14 14:45:00
372.97147,7.52,7.8047037,39960.0,0.91465193,2.09,-0.060480744,0.01,2020-07-14 14:50:00
371.5923,7.01,7.7316556,35735.0,1.0110649,1.94,-0.10237289,0.01,2020-07-14 15:00:00
369.41562,6.94,7.7201815,36266.0,0.97820663,1.89,-0.09691001,0.02,2020-07-14 15:05:00
368.3251,6.41,7.8226914,30385.0,1.1568422,1.74,-0.16115092,0.12,2020-07-14 15:10:00
369.0492,6.35,7.9329753,26406.0,1.3393248,1.73,-0.18708667,0.01,2020-07-14 15:15:00
368.3155,6.3,7.9109545,25241.0,1.3924881,1.71,-0.19382004,0.01,2020-07-14 15:20:00
368.80252,6.38,7.932522,25583.0,1.3795362,1.74,-0.18708667,0.01,2020-07-14 15:30:00
369.9229,6.46,7.900127,24840.0,1.4342799,1.77,-0.18045606,0.01,2020-07-14 15:35:00
372.249,6.45,7.865965,25157.0,1.4441129,1.79,-0.18045606,0.02,2020-07-14 15:45:00
371.0793,6.56,7.807035,25921.0,1.3878849,1.81,-0.16115092,0.01,2020-07-14 15:50:00
371.14395,6.1,7.8224936,23871.0,1.5078914,1.68,-0.20065947,0.04,2020-07-14 15:55:00
367.99167,6.58,7.7332916,25159.0,1.3932064,1.78,-0.15490197,0.02,2020-07-14 16:00:00
367.27896,6.7,7.7282987,25812.0,1.3497901,1.81,-0.1426675,0.02,2020-07-14 16:05:00
366.67245,6.68,7.667496,24920.0,1.3909309,1.8,-0.1426675,0.01,2020-07-14 16:15:00
367.30618,6.63,7.6492414,25031.0,1.3922268,1.79,-0.1426675,0.01,2020-07-14 16:20:00
368.25647,6.4,7.6347423,24160.0,1.4540671,1.74,-0.15490197,0.01,2020-07-14 16:30:00
367.42834,6.32,7.5495234,24412.0,1.4290073,1.71,-0.15490197,0.02,2020-07-14 16:35:00
365.04532,6.07,7.531806,25153.0,1.3590987,1.62,-0.1674911,0.01,2020-07-14 16:40:00
366.6784,5.77,7.5452237,22068.0,1.5707698,1.55,-0.20065947,0.01,2020-07-14 16:45:00
366.51926,6.01,7.471479,22279.0,1.5537918,1.61,-0.17392519,0.04,2020-07-14 16:50:00
366.4991,6.08,7.3864536,23917.0,1.4471303,1.63,-0.15490197,0.01,2020-07-14 16:55:00
363.04874,6.11,7.3682837,23661.0,1.4203421,1.61,-0.14874166,0.02,2020-07-14 17:00:00
362.30612,6.0,7.297185,22335.0,1.4951056,1.58,-0.15490197,0.02,2020-07-14 17:05:00
362.95056,6.0,7.241913,23414.0,1.4341177,1.58,-0.1426675,0.01,2020-07-14 17:10:00
357.54556,6.34,6.966218,28425.0,1.1273931,1.62,-0.08092192,0.11,2020-07-14 17:15:00
356.32596,6.58,7.000257,27981.0,1.133165,1.67,-0.060480744,0.01,2020-07-14 17:20:00
356.6999,6.56,7.076553,27240.0,1.167797,1.67,-0.07058106,0.03,2020-07-14 17:25:00
356.54718,6.69,7.0434866,29075.0,1.0926365,1.7,-0.05551733,0.04,2020-07-14 17:30:00
357.8086,6.35,7.0127387,23847.0,1.3469031,1.63,-0.09691001,0.15,2020-07-14 17:35:00
356.74814,6.59,7.1792827,23967.0,1.3278332,1.68,-0.09151498,0.09,2020-07-14 17:40:00
356.172,7.01,7.175019,25392.0,1.2470253,1.78,-0.05551733,0.05,2020-07-14 17:45:00
356.05933,6.65,7.173709,22071.0,1.4332511,1.69,-0.09151498,0.01,2020-07-14 17:50:00
355.95285,6.96,7.166882,24201.0,1.3058901,1.77,-0.06550154,0.01,2020-07-14 17:55:00
358.5545,6.75,7.244053,30162.0,1.0718287,1.74,-0.08092192,0.02,2020-07-14 18:00:00
360.0695,5.9,7.2733,22757.0,1.4393648,1.53,-0.16115092,0.05,2020-07-14 18:05:00
364.3298,7.89,7.212551,33603.0,1.0111375,2.1,0.008600163,0.06,2020-07-14 18:10:00
363.56696,8.52,7.2331805,33527.0,1.0068383,2.25,0.033423774,0.08,2020-07-14 18:15:00
363.4091,8.27,7.615937,34366.0,0.98093057,2.18,-0.017728778,0.05,2020-07-14 18:20:00
362.66605,8.04,7.7558107,33561.0,0.99807984,2.12,-0.05061,0.05,2020-07-14 18:25:00
363.6381,8.5,7.4594235,32941.0,1.0253737,2.25,-0.008773916,0.07,2020-07-14 18:30:00
363.2267,8.44,7.467463,38885.0,0.8655788,2.23,0.017033322,0.05,2020-07-14 18:35:00
362.55292,7.88,7.5438848,34506.0,0.9698036,2.07,-0.045757502,0.12,2020-07-14 18:40:00
362.40714,7.31,7.670867,28123.0,1.1884284,1.92,-0.09151498,0.05,2020-07-14 18:45:00
361.63208,7.45,7.58832,29416.0,1.128643,1.95,-0.07572073,0.03,2020-07-14 18:50:00
360.5727,7.4,7.5050983,28653.0,1.1481638,1.92,-0.08092192,0.03,2020-07-14 18:55:00
360.2372,7.27,7.471586,28277.0,1.1600645,1.89,-0.08618615,0.03,2020-07-14 19:00:00
359.79944,7.32,7.4970994,27796.0,1.17568,1.89,-0.08092192,0.03,2020-07-14 19:05:00
350.53522,7.34,7.510859,26392.0,1.1416491,1.81,-0.08618615,0.02,2020-07-14 19:10:00
358.3496,7.24,7.5073495,27973.0,1.1536491,1.86,-0.08092192,0.04,2020-07-14 19:15:00
362.5869,7.61,7.408596,27707.0,1.2081355,2.0,-0.045757502,0.02,2020-07-14 19:20:00
361.31424,7.39,7.409379,26935.0,1.2292339,1.93,-0.060480744,0.01,2020-07-14 19:25:00
359.80246,7.56,7.4200873,29016.0,1.1262773,1.96,-0.045757502,0.01,2020-07-14 19:30:00
357.86194,7.38,7.457359,27191.0,1.1818068,1.89,-0.06550154,0.03,2020-07-14 19:40:00
356.81863,7.25,7.468588,27191.0,1.1711142,1.85,-0.07572073,0.01,2020-07-14 19:45:00
355.6243,7.12,7.5344143,29817.0,1.0568846,1.8,-0.08092192,0.02,2020-07-14 19:50:00
355.6243,7.12,7.513947,29817.0,1.0568846,1.8,-0.08092192,0.01,2020-07-14 19:55:00
356.28714,7.46,7.493477,29016.0,1.0923746,1.89,-0.060480744,0.02,2020-07-14 20:00:00
356.7366,7.25,7.506464,25924.0,1.2274717,1.85,-0.08618615,0.02,2020-07-14 20:05:00
356.7366,7.25,7.500253,25924.0,1.2274717,1.85,-0.08618615,0.01,2020-07-14 20:10:00
358.36908,7.43,7.5337243,29016.0,1.1123685,1.91,-0.07058106,0.02,2020-07-14 20:15:00
356.56473,7.25,7.4721684,26815.0,1.1849068,1.84,-0.08618615,0.04,2020-07-14 20:25:00
357.25305,6.65,7.339107,29656.0,1.077846,1.7,-0.11350928,0.04,2020-07-14 20:35:00
355.4311,6.77,7.342221,28993.0,1.0850848,1.71,-0.10790541,0.03,2020-07-14 20:40:00
356.88596,6.39,7.476055,29592.0,1.0767256,1.63,-0.13076828,0.03,2020-07-14 20:45:00
355.91455,6.34,7.4916286,28404.0,1.1122824,1.61,-0.13667715,0.03,2020-07-14 20:50:00
356.84897,6.28,7.393274,29710.0,1.0721035,1.6,-0.12493874,0.05,2020-07-14 20:55:00
353.74445,5.68,7.3650117,30901.0,1.0031214,1.42,-0.15490197,0.03,2020-07-14 21:00:00
354.3508,5.86,7.2211494,33004.0,0.9442236,1.47,-0.12493874,0.04,2020-07-14 21:05:00
355.46686,6.21,7.2336574,37210.0,0.84573287,1.57,-0.08092192,0.11,2020-07-14 21:10:00
355.91492,5.57,7.121334,31956.0,0.9886521,1.41,-0.1426675,0.12,2020-07-14 21:15:00
352.24155,5.65,7.0273895,33854.0,0.9035661,1.4,-0.13667715,0.09,2020-07-14 21:20:00
351.72708,5.48,7.0375347,33127.0,0.9192039,1.36,-0.13667715,0.05,2020-07-14 21:25:00
353.89536,5.75,6.973077,35244.0,0.8806787,1.44,-0.09691001,0.03,2020-07-14 21:30:00
353.9425,6.01,6.947006,34491.0,0.90027875,1.51,-0.08092192,0.06,2020-07-14 21:35:00
354.5676,6.04,6.953855,30798.0,1.0137849,1.52,-0.08618615,0.01,2020-07-14 21:40:00
354.09076,6.46,6.952086,31450.0,0.9886175,1.62,-0.045757502,0.02,2020-07-14 21:45:00
356.40024,7.09,6.942802,32845.0,0.9659818,1.8,-0.0043648016,0.03,2020-07-14 21:50:00
357.68954,7.02,6.958764,36612.0,0.8763885,1.8,-0.008773916,0.03,2020-07-14 22:05:00
362.5822,7.77,6.772961,36872.0,0.9078015,2.05,0.041392695,0.04,2020-07-14 22:20:00
365.11746,7.85,6.4859695,36900.0,0.9270039,2.1,0.07188199,0.06,2020-07-14 22:25:00
368.5253,8.25,6.5602283,39713.0,0.88661546,2.24,0.1105897,0.04,2020-07-14 22:30:00
365.51056,7.77,6.540436,38852.0,0.8833837,2.07,0.08990512,0.05,2020-07-14 22:35:00
357.5182,6.78,6.5623016,38584.0,0.83035755,1.73,0.037426513,0.02,2020-07-14 22:40:00
357.84372,6.81,6.558978,40065.0,0.8019322,1.74,0.045322984,0.02,2020-07-14 22:45:00
351.1877,6.25,6.499808,36827.0,0.82291085,1.54,-0.013228253,0.03,2020-07-14 22:50:00
341.68524,5.18,6.6078815,27321.0,1.018444,1.21,-0.119186416,0.03,2020-07-14 22:55:00
342.0587,4.78,6.5018306,25363.0,1.1008036,1.12,-0.15490197,0.01,2020-07-14 23:00:00
353.26184,5.66,6.439177,36383.0,0.8483632,1.41,-0.045757502,0.01,2020-07-14 23:05:00
351.7398,5.22,6.5308113,35093.0,0.8678055,1.29,-0.08618615,0.01,2020-07-14 23:10:00
349.63968,4.24,6.555364,26769.0,1.116643,1.04,-0.20065947,0.01,2020-07-14 23:15:00
350.2593,5.42,6.5719857,34764.0,0.86459076,1.33,-0.07572073,0.03,2020-07-14 23:20:00
348.4738,4.64,6.551343,27601.0,1.0717807,1.13,-0.15490197,0.03,2020-07-14 23:25:00
349.02518,4.98,6.5843296,31973.0,0.92979,1.22,-0.12493874,0.04,2020-07-14 23:30:00
345.1722,3.98,6.535541,22078.0,1.3007715,0.95,-0.25181198,0.07,2020-07-14 23:35:00
342.87964,4.32,6.524247,25924.0,1.0850488,1.02,-0.18708667,0.03,2020-07-14 23:40:00
341.5339,3.83,6.5376215,22303.0,1.2458662,0.89,-0.25181198,0.07,2020-07-14 23:55:00
340.65906,3.62,6.462515,21035.0,1.3104626,0.84,-0.27572417,0.02,2020-07-15 00:00:00
350.4483,5.39,6.127683,36660.0,0.8212534,1.33,-0.036212165,0.04,2020-07-15 00:20:00
339.9716,3.29,6.358648,22524.0,1.2161596,0.76,-0.30980393,0.02,2020-07-15 00:35:00
340.89148,3.63,5.9895077,27976.0,0.9874239,0.84,-0.25963733,0.03,2020-07-15 00:40:00
341.7055,4.08,6.2094927,29179.0,0.95376956,0.96,-0.19382004,0.14,2020-07-15 00:45:00
343.69305,4.33,5.8242507,40504.0,0.6996115,1.03,-0.06550154,0.21,2020-07-15 00:50:00
341.87485,4.48,5.8643756,42175.0,0.660889,1.05,-0.060480744,0.13,2020-07-15 00:55:00
341.94577,4.23,5.7793684,41064.0,0.679208,0.99,-0.07572073,0.17,2020-07-15 01:00:00
344.96817,4.47,5.6321754,42227.0,0.6788458,1.07,-0.036212165,0.06,2020-07-15 01:05:00
346.20782,4.95,5.6667624,49630.0,0.5840724,1.19,0.033423774,0.32,2020-07-15 01:10:00
350.71954,5.43,5.615167,53699.0,0.56201696,1.33,0.08278538,0.24,2020-07-15 01:15:00
352.9132,5.85,5.8332667,44342.0,0.6939533,1.46,-0.0043648016,0.4,2020-07-15 01:25:00
352.79056,4.75,5.2722006,48424.0,0.63476783,1.19,0.017033322,0.09,2020-07-15 01:50:00
348.72375,4.2,5.0519104,37884.0,0.7826083,1.03,-0.07058106,0.05,2020-07-15 01:55:00
343.355,3.29,5.3042817,31248.0,0.9040703,0.78,-0.18708667,0.06,2020-07-15 02:00:00
344.02747,3.39,5.805704,31507.0,0.9021164,0.8,-0.18708667,0.02,2020-07-15 02:05:00
349.07864,3.02,5.885584,33360.0,0.8915575,0.74,-0.23657204,0.02,2020-07-15 02:10:00
343.85587,3.1,4.325841,38387.0,0.73928326,0.74,-0.1674911,0.07,2020-07-15 02:15:00
368.93695,4.65,4.1366773,66846.0,0.52856916,1.28,0.08635984,0.06,2020-07-15 02:20:00
358.29895,3.26,5.1340137,47888.0,0.6735889,0.84,-0.16115092,0.08,2020-07-15 02:25:00
371.24686,4.15,5.9554095,63347.0,0.5687081,1.15,-0.031517047,0.05,2020-07-15 02:30:00
359.7888,4.47,4.839029,64671.0,0.50526816,1.16,0.06818584,0.21,2020-07-15 02:35:00
353.30927,5.7,5.334135,84625.0,0.364891,1.42,0.23804612,0.05,2020-07-15 02:40:00
346.80594,4.25,4.8005,79499.0,0.36659196,1.03,0.1398791,0.09,2020-07-15 02:50:00
348.8162,4.48,4.9827905,67746.0,0.43800074,1.11,0.117271274,0.03,2020-07-15 02:55:00
347.21487,2.63,5.2458463,42346.0,0.69075716,0.64,-0.20065947,0.1,2020-07-15 03:00:00
344.21414,2.84,5.2618914,46839.0,0.60784847,0.68,-0.1674911,0.05,2020-07-15 03:05:00
357.62836,3.37,5.7364273,52958.0,0.60556024,0.86,-0.11350928,0.05,2020-07-15 03:10:00
365.64642,3.74,5.7930737,57402.0,0.598602,1.0,-0.07058106,0.02,2020-07-15 03:15:00
373.8127,4.28,5.9095516,62523.0,0.5886912,1.2,-0.013228253,0.03,2020-07-15 03:20:00
370.8598,4.29,5.943854,65486.0,0.54834867,1.18,-0.013228253,0.01,2020-07-15 03:25:00
364.63397,3.92,5.9527307,57634.0,0.5910683,1.04,-0.07058106,0.01,2020-07-15 03:30:00
366.28802,3.97,5.9702177,56954.0,0.6066122,1.07,-0.07058106,0.03,2020-07-15 03:35:00
367.4627,3.82,6.0456266,60946.0,0.57255733,1.04,-0.08618615,0.03,2020-07-15 03:40:00
368.86014,3.79,6.014,55845.0,0.632283,1.03,-0.09691001,0.01,2020-07-15 03:45:00
373.36472,3.77,5.967671,54896.0,0.66798306,1.05,-0.09691001,0.06,2020-07-15 03:50:00
375.05774,3.51,5.7318234,62100.0,0.598868,0.99,-0.09151498,0.04,2020-07-15 03:55:00
373.7867,3.47,5.845597,53144.0,0.692435,0.97,-0.119186416,0.05,2020-07-15 04:00:00
375.8379,3.62,5.7205677,52353.0,0.71497416,1.03,-0.09151498,0.03,2020-07-15 04:05:00
390.4907,3.77,5.6223574,48397.0,0.8712059,1.15,-0.060480744,0.04,2020-07-15 04:10:00
387.2915,3.91,5.5158863,55259.0,0.7437284,1.17,-0.008773916,0.04,2020-07-15 04:15:00
390.65582,4.08,5.565088,50904.0,0.8293903,1.24,-0.013228253,0.06,2020-07-15 04:20:00
391.8433,4.79,5.68191,58598.0,0.72732985,1.47,0.064457975,0.01,2020-07-15 04:25:00
392.9874,3.59,5.6655006,45198.0,0.95156103,1.11,-0.09691001,0.02,2020-07-15 04:30:00
391.8624,3.5,5.6513805,42624.0,1.0000596,1.07,-0.11350928,0.02,2020-07-15 04:35:00
390.53662,3.22,5.7465296,45521.0,0.9265877,0.98,-0.15490197,0.03,2020-07-15 04:40:00
389.3863,4.52,5.7992587,54200.0,0.7711004,1.37,0.012837212,0.06,2020-07-15 04:45:00
390.3099,3.19,5.598866,38116.0,1.1046022,0.97,-0.16115092,0.03,2020-07-15 04:50:00
386.30154,4.75,5.6660748,57680.0,0.7068576,1.42,0.06069783,0.05,2020-07-15 04:55:00
388.3562,4.59,5.2607985,51966.0,0.79764515,1.38,0.06818584,0.31,2020-07-15 05:00:00
386.6149,3.94,5.70583,44272.0,0.9232607,1.18,-0.06550154,0.07,2020-07-15 05:05:00
382.80475,4.27,5.3763,50895.0,0.77873296,1.25,0.0293838,0.31,2020-07-15 05:10:00
385.55743,4.17,5.476669,48744.0,0.83143693,1.24,0.008600163,0.07,2020-07-15 05:15:00
385.63623,4.38,5.4003057,48138.0,0.84243953,1.3,0.037426513,0.1,2020-07-15 05:20:00
386.9627,4.87,3.7847059,96684.0,0.4239499,1.45,0.51587385,0.75,2020-07-15 05:25:00
382.16513,7.03,1.7698022,108957.0,0.36186588,2.06,0.7259117,0.4,2020-07-15 05:30:00
376.24924,5.01,2.367298,64890.0,0.5788061,1.44,0.44404483,0.91,2020-07-15 05:35:00
360.51282,4.03,5.9110827,34848.0,0.94356436,1.05,-0.10790541,0.02,2020-07-15 05:50:00
357.7234,4.11,5.984488,34270.0,0.9365566,1.05,-0.09151498,0.11,2020-07-15 06:00:00
354.40753,4.43,5.611604,63588.0,0.4903235,1.12,0.049218025,0.26,2020-07-15 06:10:00
371.23657,4.34,4.6191883,52242.0,0.689538,1.2,0.0,0.12,2020-07-15 06:15:00
365.28406,4.67,4.768113,65404.0,0.52374554,1.25,0.09342169,0.35,2020-07-15 06:20:00
369.83978,4.64,5.0229273,73062.0,0.48729295,1.26,0.05690485,0.62,2020-07-15 06:25:00
363.7313,5.27,4.7666864,92836.0,0.3641238,1.38,0.31597033,0.98,2020-07-15 06:30:00
351.68286,6.75,4.2308626,86874.0,0.3503758,1.67,0.51719594,0.29,2020-07-15 06:35:00
352.0294,7.28,4.15218,96451.0,0.31655464,1.81,0.5797836,0.49,2020-07-15 06:40:00
349.5377,6.96,3.9080684,88747.0,0.33651033,1.7,0.6063814,0.16,2020-07-15 06:45:00
349.3753,7.15,4.100829,69144.0,0.43128997,1.75,0.53655845,0.37,2020-07-15 07:00:00
357.96298,7.43,4.140459,93772.0,0.34298894,1.9,0.65030754,0.38,2020-07-15 07:05:00
358.1037,7.12,4.396146,90610.0,0.3553927,1.83,0.5538831,0.14,2020-07-15 07:10:00
355.37286,6.43,3.6773493,86291.0,0.36439285,1.63,0.4456042,0.34,2020-07-15 07:15:00
352.41943,5.28,4.14595,68906.0,0.4446267,1.31,0.24303806,0.26,2020-07-15 07:20:00
360.08435,5.09,5.3002734,35922.0,0.9119713,1.32,0.00432137,0.18,2020-07-15 07:25:00
363.3081,5.75,5.8044553,41363.0,0.81429076,1.51,0.041392695,0.07,2020-07-15 07:30:00
353.13913,5.58,5.098186,59288.0,0.52004844,1.4,0.17609127,0.21,2020-07-15 07:35:00
353.43375,5.99,4.709066,77925.0,0.39669913,1.5,0.24054927,0.09,2020-07-15 07:40:00
356.86133,6.08,4.85474,67633.0,0.47100714,1.55,0.20951504,0.15,2020-07-15 07:45:00
358.31342,4.51,5.2628703,38279.0,0.84278274,1.16,-0.05061,0.24,2020-07-15 07:50:00
353.96973,4.98,5.3558283,48435.0,0.6412501,1.25,0.037426513,0.2,2020-07-15 07:55:00
356.68527,4.8,5.7506347,33330.0,0.9542972,1.23,-0.05061,0.2,2020-07-15 08:00:00
356.08987,4.99,5.8761044,38401.0,0.82398224,1.27,-0.031517047,0.23,2020-07-15 08:05:00
354.8331,5.39,6.1015162,43941.0,0.7122138,1.36,-0.013228253,0.36,2020-07-15 08:10:00
360.53708,5.0,6.4411254,30429.0,1.0808183,1.3,-0.12493874,0.12,2020-07-15 08:15:00
352.24603,5.12,6.3709497,35776.0,0.85505766,1.27,-0.08092192,0.15,2020-07-15 08:20:00
357.19067,6.52,6.8942003,35386.0,0.9028213,1.67,-0.026872149,0.11,2020-07-15 08:25:00
354.61197,5.4,6.7782445,32564.0,0.9591793,1.36,-0.10790541,0.02,2020-07-15 08:30:00
362.1274,5.21,6.965903,32169.0,1.0364615,1.36,-0.1426675,0.14,2020-07-15 08:35:00
359.8605,5.62,7.152587,32284.0,1.0127765,1.45,-0.13076828,0.05,2020-07-15 08:40:00
361.11563,5.22,7.2089458,28500.0,1.159747,1.36,-0.17392519,0.1,2020-07-15 08:45:00
366.0325,6.26,7.0737686,36191.0,0.95255774,1.68,-0.07058106,0.15,2020-07-15 08:50:00
373.9056,6.22,7.1046815,35288.0,1.0438454,1.74,-0.08092192,0.07,2020-07-15 08:55:00
377.302,6.56,6.957658,40120.0,0.94433796,1.87,-0.026872149,0.03,2020-07-15 09:00:00
376.74213,6.27,7.081257,37930.0,0.99425536,1.78,-0.06550154,0.05,2020-07-15 09:05:00
376.42288,6.3,6.85351,39189.0,0.95977736,1.78,-0.0409586,0.02,2020-07-15 09:10:00
366.88443,6.15,7.109121,44198.0,0.7856558,1.66,-0.07058106,0.07,2020-07-15 09:15:00
361.77383,6.05,6.7870317,49518.0,0.6712851,1.58,-0.06550154,0.08,2020-07-15 09:20:00
370.31882,6.48,7.178377,42287.0,0.845327,1.78,-0.05551733,0.05,2020-07-15 09:25:00
363.39597,5.59,7.2025065,38992.0,0.8644562,1.48,-0.12493874,0.03,2020-07-15 09:30:00
361.2501,4.75,7.178823,34495.0,0.9593018,1.24,-0.20760833,0.01,2020-07-15 09:35:00
360.33887,5.66,7.1269135,41420.0,0.79265964,1.47,-0.10237289,0.03,2020-07-15 09:40:00
364.37,4.69,7.0733514,37742.0,0.9005594,1.25,-0.19382004,0.05,2020-07-15 09:45:00
365.38672,5.51,7.022749,42691.0,0.8030974,1.47,-0.09691001,0.04,2020-07-15 09:50:00
358.83212,5.4,7.103196,42629.0,0.760198,1.39,-0.119186416,0.04,2020-07-15 09:55:00
366.74088,6.03,6.82294,42303.0,0.81985044,1.63,-0.06550154,0.04,2020-07-15 10:00:00
373.3748,4.77,6.879789,35699.0,1.0272745,1.33,-0.22914802,0.31,2020-07-15 10:05:00
382.74338,4.92,4.570175,35988.0,1.100751,1.45,-0.24412516,0.11,2020-07-15 10:10:00
380.98984,4.15,4.0624866,33876.0,1.1527803,1.21,-0.32790217,0.15,2020-07-15 10:15:00
379.2738,5.61,5.2787404,50977.0,0.7553726,1.61,-0.1426675,0.06,2020-07-15 10:20:00
397.8602,3.55,4.8654494,27191.0,1.6435808,1.12,-0.24412516,0.19,2020-07-15 10:30:00
395.81625,3.74,6.6950126,29482.0,1.4917499,1.17,-0.27572417,0.08,2020-07-15 10:35:00
401.90024,4.42,6.6350436,35015.0,1.3171076,1.43,-0.20760833,0.27,2020-07-15 10:40:00
403.35187,4.88,7.3671026,38725.0,1.2043655,1.59,-0.19382004,0.1,2020-07-15 10:45:00
394.29922,3.82,7.652209,28489.0,1.5254012,1.19,-0.38721615,0.11,2020-07-15 10:50:00
393.0535,4.86,7.7889476,35863.0,1.1998765,1.5,-0.26760623,0.15,2020-07-15 10:55:00
395.91656,3.57,7.8865137,25692.0,1.7131584,1.12,-0.455932,0.06,2020-07-15 11:00:00
397.92224,3.95,7.8825502,30901.0,1.4469535,1.25,-0.38721615,0.06,2020-07-15 11:05:00
384.82892,5.7,5.6248913,52302.0,0.7703272,1.69,-0.12493874,0.11,2020-07-15 11:10:00
384.50916,5.83,5.9017706,54507.0,0.7372546,1.73,-0.060480744,0.11,2020-07-15 11:15:00
381.6629,6.91,6.4558887,72601.0,0.54085684,2.01,0.12385166,0.21,2020-07-15 11:20:00
381.34406,6.87,6.5982876,74594.0,0.5250385,2.0,0.12385166,0.11,2020-07-15 11:25:00
381.74686,6.73,6.2865252,70454.0,0.5577204,1.96,0.15228835,0.49,2020-07-15 11:30:00
383.7414,8.03,5.7120924,90610.0,0.4407491,2.36,0.36172783,0.14,2020-07-15 11:35:00
384.50604,7.49,5.657464,88713.0,0.45297226,2.22,0.3324385,0.14,2020-07-15 11:45:00
385.6447,8.42,4.988878,108368.0,0.37424454,2.5,0.5327544,0.25,2020-07-15 11:50:00
385.86728,8.58,4.622359,108918.0,0.37302414,2.56,0.60206,0.24,2020-07-15 11:55:00
385.05518,8.14,5.576101,97611.0,0.41351327,2.42,0.4297523,0.65,2020-07-15 12:00:00
387.27316,6.96,7.334869,78173.0,0.52565,2.09,0.045322984,0.51,2020-07-15 12:05:00
391.39072,5.81,8.117426,57274.0,0.74147123,1.78,-0.1674911,0.12,2020-07-15 12:10:00
390.96222,6.89,7.884834,64298.0,0.6582235,2.1,-0.07058106,0.1,2020-07-15 12:15:00
388.56027,6.83,8.232528,68314.0,0.6077564,2.06,-0.09151498,0.32,2020-07-15 12:20:00
393.2194,6.96,8.71283,67287.0,0.6403576,2.15,-0.14874166,0.05,2020-07-15 12:25:00
394.55606,6.34,8.657696,65267.0,0.66718775,1.98,-0.18045606,0.11,2020-07-15 12:30:00
392.39246,5.83,8.385541,55467.0,0.77174336,1.8,-0.20760833,0.14,2020-07-15 12:35:00
396.53607,6.63,8.2489395,65691.0,0.6732919,2.09,-0.10237289,0.18,2020-07-15 12:40:00
394.89386,6.94,8.130209,69094.0,0.6319145,2.16,-0.06550154,0.17,2020-07-15 12:45:00
392.43207,7.13,7.925863,62055.0,0.69002897,2.2,-0.045757502,0.04,2020-07-15 12:50:00
395.24796,7.01,8.07057,62601.0,0.6994056,2.2,-0.06550154,0.12,2020-07-15 12:55:00
392.81372,6.61,8.216976,61565.0,0.69762874,2.04,-0.11350928,0.04,2020-07-15 13:00:00
391.6193,6.7,8.220103,61565.0,0.69104654,2.05,-0.10790541,0.06,2020-07-15 13:05:00
392.02948,7.07,8.251599,67974.0,0.6279334,2.17,-0.07572073,0.08,2020-07-15 13:10:00
390.2295,6.88,8.184296,68302.0,0.61602914,2.1,-0.07058106,0.1,2020-07-15 13:15:00
391.9627,5.21,8.040876,56990.0,0.7485614,1.6,-0.22184876,0.04,2020-07-15 13:20:00
386.8877,6.16,7.9297476,63167.0,0.64851034,1.85,-0.12493874,0.14,2020-07-15 13:25:00
389.02176,6.06,8.256247,63379.0,0.6575042,1.84,-0.15490197,0.13,2020-07-15 13:30:00
391.27963,5.86,8.181797,58619.0,0.72381836,1.8,-0.1674911,0.1,2020-07-15 13:35:00
392.40494,6.13,7.9597297,61185.0,0.6996899,1.89,-0.11350928,0.08,2020-07-15 13:40:00
392.17627,5.91,7.9131346,56277.0,0.7593318,1.82,-0.1426675,0.07,2020-07-15 13:45:00
388.99,5.78,7.9136214,58672.0,0.71007246,1.75,-0.1426675,0.11,2020-07-15 13:50:00
390.508,5.98,7.8905888,58773.0,0.7174991,1.82,-0.12493874,0.14,2020-07-15 13:55:00
389.16016,6.34,7.1186028,58186.0,0.7169788,1.92,-0.026872149,0.08,2020-07-15 14:00:00
390.35187,5.68,7.036576,50081.0,0.84098,1.73,-0.08092192,0.06,2020-07-15 14:05:00
389.7555,5.87,7.106863,48511.0,0.86407465,1.78,-0.07058106,0.05,2020-07-15 14:10:00
391.32047,6.12,7.0880885,54114.0,0.7843312,1.87,-0.036212165,0.06,2020-07-15 14:15:00
395.7026,5.53,7.258299,46992.0,0.9350626,1.73,-0.11350928,0.04,2020-07-15 14:20:00
396.06122,4.95,7.3335805,33982.0,1.2967025,1.55,-0.20760833,0.01,2020-07-15 14:25:00
394.6473,5.02,7.3818293,31748.0,1.3725806,1.57,-0.21467017,0.01,2020-07-15 14:30:00
396.11642,5.08,7.345972,32845.0,1.3421729,1.59,-0.20065947,0.02,2020-07-15 14:35:00
397.42343,5.0,7.348646,32624.0,1.3651929,1.57,-0.20760833,0.02,2020-07-15 14:40:00
397.4149,4.89,7.357996,29817.0,1.4936134,1.54,-0.22914802,0.03,2020-07-15 14:45:00
396.32233,4.03,7.19447,25378.0,1.7398946,1.27,-0.29242983,0.11,2020-07-15 14:50:00
398.12836,5.52,6.604097,44216.0,1.012856,1.75,-0.045757502,0.1,2020-07-15 14:55:00
385.31238,6.5,4.647677,73476.0,0.550485,1.93,0.33041382,0.34,2020-07-15 15:00:00
375.7384,6.18,3.652848,84488.0,0.44266894,1.75,0.3944517,0.16,2020-07-15 15:05:00
375.85297,5.71,5.2886386,93016.0,0.40246546,1.61,0.25767857,0.23,2020-07-15 15:10:00
381.70697,4.08,5.769541,59693.0,0.65804815,1.19,-0.013228253,0.05,2020-07-15 15:20:00
383.6213,3.86,5.787927,55961.0,0.7129497,1.14,-0.05061,0.03,2020-07-15 15:25:00
382.94107,4.3,5.726054,62390.0,0.6359603,1.27,0.02118928,0.02,2020-07-15 15:30:00
382.6025,3.53,5.2521424,66960.0,0.5909268,1.03,0.012837212,0.19,2020-07-15 15:35:00
387.93167,4.36,4.4758577,100704.0,0.41020742,1.31,0.24551268,0.1,2020-07-15 15:40:00
394.69327,3.57,4.179103,114110.0,0.3820217,1.11,0.19312459,0.26,2020-07-15 15:45:00
397.69434,3.34,4.469519,110757.0,0.40297797,1.04,0.11394334,0.1,2020-07-15 15:50:00
389.8417,4.1,3.6248584,107270.0,0.39103192,1.24,0.2552725,0.14,2020-07-15 15:55:00
391.85477,3.5,3.7504268,102595.0,0.41545847,1.07,0.19312459,0.15,2020-07-15 16:00:00
389.55106,3.78,4.045862,100436.0,0.4166705,1.14,0.21748395,0.07,2020-07-15 16:05:00
396.7183,3.61,4.374117,125526.0,0.35285532,1.13,0.17026173,0.49,2020-07-15 16:10:00
410.5256,2.85,5.566022,164110.0,0.30022603,0.96,0.049218025,0.01,2020-07-15 16:15:00
413.28098,2.76,5.4855266,203524.0,0.24717897,0.95,0.10037054,0.02,2020-07-15 16:20:00
415.09406,2.75,5.450266,225657.0,0.2259938,0.95,0.13033378,0.02,2020-07-15 16:25:00
414.05713,2.7,5.411931,227413.0,0.22250947,0.93,0.13033378,0.01,2020-07-15 16:30:00
405.6114,2.55,5.0558877,235048.0,0.20190427,0.84,0.17026173,0.22,2020-07-15 16:35:00
391.69135,2.9,4.8760433,283881.0,0.14995241,0.89,0.32221928,0.07,2020-07-15 16:40:00
391.13568,2.65,4.925576,252476.0,0.16786122,0.81,0.23552847,0.03,2020-07-15 16:45:00
392.53366,2.78,4.8158693,237124.0,0.18072511,0.85,0.26007143,0.05,2020-07-15 16:50:00
388.06702,2.93,4.4983997,229574.0,0.18013546,0.89,0.34830487,0.13,2020-07-15 16:55:00
382.11227,3.18,4.3016043,238721.0,0.16509168,0.93,0.4329693,0.25,2020-07-15 17:00:00
377.23395,3.32,3.8531675,230899.0,0.16399196,0.94,0.5276299,0.24,2020-07-15 17:05:00
375.4381,3.64,3.3068113,203771.0,0.18308415,1.03,0.64738303,0.06,2020-07-15 17:10:00
378.84122,3.58,3.4097216,211947.0,0.18103613,1.03,0.61700034,0.08,2020-07-15 17:15:00
380.8406,3.57,3.3777657,193834.0,0.20122366,1.03,0.6304279,0.13,2020-07-15 17:20:00
388.18845,3.24,3.4627447,163625.0,0.25298524,0.97,0.51719594,0.1,2020-07-15 17:25:00
391.288,3.08,3.277682,151250.0,0.28054437,0.94,0.46834734,0.1,2020-07-15 17:30:00
374.85944,2.36,3.0496557,56280.0,0.6597109,0.66,0.20951504,0.08,2020-07-15 17:35:00
374.0705,2.36,3.305904,59218.0,0.6228817,0.66,0.22271647,0.07,2020-07-15 17:40:00
376.10464,3.62,3.1155417,80956.0,0.46338522,1.02,0.50242716,0.07,2020-07-15 17:45:00
379.42636,3.69,3.313035,80384.0,0.47963354,1.07,0.46089786,0.13,2020-07-15 17:50:00
377.59747,3.13,3.516262,69188.0,0.54892874,0.9,0.31806332,0.04,2020-07-15 17:55:00
380.7796,3.33,3.9918666,85063.0,0.4583019,0.97,0.26951295,0.31,2020-07-15 18:00:00
379.66388,3.34,4.0273566,80160.0,0.48191166,0.96,0.25767857,0.19,2020-07-15 18:05:00
376.89575,3.4,4.060985,80116.0,0.47131664,0.97,0.24797328,0.18,2020-07-15 18:10:00
374.56476,3.83,4.0028987,69189.0,0.5353126,1.08,0.2922561,0.05,2020-07-15 18:15:00
372.29526,3.69,3.8915935,78291.0,0.4642118,1.02,0.3201463,0.07,2020-07-15 18:20:00
376.393,3.8,3.6796467,77173.0,0.48726133,1.08,0.37839794,0.2,2020-07-15 18:25:00
382.09448,3.96,3.1885734,92895.0,0.42419004,1.16,0.55145,0.05,2020-07-15 18:30:00
381.78226,3.83,3.2508,90416.0,0.43471268,1.12,0.5132176,0.1,2020-07-15 18:35:00
379.88702,3.62,3.351537,87419.0,0.4427043,1.04,0.45939252,0.16,2020-07-15 18:40:00
383.13016,3.53,3.5995831,79752.0,0.49827692,1.04,0.372912,0.17,2020-07-15 18:45:00
379.8661,3.65,3.2305572,87610.0,0.44166332,1.06,0.5010593,0.07,2020-07-15 18:50:00
383.2207,3.85,3.2304955,85652.0,0.46429536,1.13,0.5132176,0.09,2020-07-15 18:55:00
382.97955,3.74,3.1568496,81748.0,0.48551613,1.1,0.5132176,0.04,2020-07-15 19:00:00
383.1648,3.58,3.0305278,92239.0,0.43094316,1.05,0.54157925,0.08,2020-07-15 19:05:00
384.0358,3.54,2.9983497,86903.0,0.46064842,1.04,0.53907615,0.03,2020-07-15 19:10:00
382.34354,2.67,3.6428149,127462.0,0.3097798,0.78,0.29446626,0.08,2020-07-15 19:20:00
386.16278,2.85,4.0971575,161707.0,0.25185046,0.85,0.30103,0.07,2020-07-15 19:25:00
386.29688,3.0,3.6454082,156835.0,0.25995487,0.9,0.43616268,0.38,2020-07-15 19:30:00
387.14905,2.96,3.7506,154290.0,0.26606163,0.89,0.3944517,0.05,2020-07-15 19:40:00
379.8196,3.26,3.4532015,136503.0,0.2833593,0.94,0.47129175,0.06,2020-07-15 19:45:00
388.5866,2.77,3.5212781,119481.0,0.34756178,0.84,0.35024804,0.07,2020-07-15 19:55:00
386.22314,3.04,3.4611416,130158.0,0.31304872,0.91,0.4313638,0.06,2020-07-15 20:00:00
386.84818,3.18,3.4398546,140557.0,0.291351,0.95,0.47421628,0.08,2020-07-15 20:05:00
386.75146,3.22,3.5021565,141725.0,0.28872505,0.96,0.48572144,0.07,2020-07-15 20:10:00
386.95935,3.17,3.455141,133076.0,0.30800495,0.95,0.4578819,0.03,2020-07-15 20:15:00
391.1069,3.12,3.3909585,148744.0,0.2848601,0.95,0.53655845,0.26,2020-07-15 20:20:00
388.13348,3.17,3.197014,133179.0,0.31068313,0.96,0.5065051,0.09,2020-07-15 20:25:00
381.13358,3.19,2.9199488,111085.0,0.35195985,0.93,0.5440681,0.07,2020-07-15 20:30:00
378.84763,3.13,2.836706,98453.0,0.38975036,0.9,0.53907615,0.06,2020-07-15 20:35:00
379.59113,3.17,2.8023384,90324.0,0.42742795,0.91,0.5550945,0.05,2020-07-15 20:40:00
378.47745,3.31,2.8048887,99862.0,0.38308355,0.95,0.59769523,0.11,2020-07-15 20:45:00
378.0139,3.23,2.8502805,91435.0,0.41679683,0.93,0.5440681,0.14,2020-07-15 20:50:00
398.78912,3.05,4.399284,99980.0,0.45025232,0.97,0.17318627,0.04,2020-07-16 02:50:00
407.93417,2.44,4.368341,73830.0,0.6543186,0.81,0.037426513,0.08,2020-07-16 02:55:00
403.4645,2.32,4.358945,68007.0,0.6863942,0.75,0.0,0.07,2020-07-16 03:00:00
404.33414,3.3,4.7803035,124700.0,0.37685275,1.08,0.17609127,0.17,2020-07-16 03:05:00
405.41702,3.42,5.00059,125172.0,0.37857062,1.12,0.14612804,0.11,2020-07-16 03:10:00
406.1347,3.43,5.0352554,129867.0,0.3668989,1.13,0.15836251,0.16,2020-07-16 03:15:00
405.99472,3.26,4.8933935,110971.0,0.4289135,1.07,0.117271274,0.09,2020-07-16 03:20:00
412.60815,3.56,5.120888,97911.0,0.5112024,1.21,0.096910015,0.1,2020-07-16 03:25:00
407.7739,3.62,5.2286234,108478.0,0.44478402,1.2,0.1105897,0.21,2020-07-16 03:30:00
423.0753,2.81,5.4351077,96129.0,0.5629099,0.98,-0.017728778,0.28,2020-07-16 03:35:00
419.9133,2.77,5.767599,78507.0,0.673353,0.97,-0.13667715,0.14,2020-07-16 03:40:00
426.91974,2.87,6.128377,57909.0,0.9611186,1.04,-0.22184876,0.02,2020-07-16 03:45:00
421.359,2.72,6.1902184,55178.0,0.9683488,0.97,-0.26760623,0.01,2020-07-16 03:50:00
419.31653,2.96,6.215569,57021.0,0.9229827,1.04,-0.22914802,0.01,2020-07-16 03:55:00
422.38046,3.21,6.178244,75945.0,0.7088789,1.14,-0.15490197,0.02,2020-07-16 04:00:00
424.7949,3.03,6.275842,93498.0,0.5861045,1.09,-0.15490197,0.05,2020-07-16 04:05:00
422.7323,2.6,6.4602013,86209.0,0.6261008,0.93,-0.25963733,0.05,2020-07-16 04:10:00
425.27573,2.45,6.186841,50985.0,1.0786097,0.88,-0.32790217,0.17,2020-07-16 04:15:00
422.41577,2.44,6.08614,30749.0,1.7512705,0.87,-0.35654733,0.07,2020-07-16 04:20:00
433.53964,3.21,5.9528565,62925.0,0.9279032,1.2,-0.16115092,0.08,2020-07-16 04:25:00
427.8182,3.82,6.0262923,45933.0,1.2196649,1.4,-0.12493874,0.05,2020-07-16 04:30:00
424.55737,3.9,5.7590714,42186.0,1.2967398,1.41,-0.08618615,0.12,2020-07-16 04:35:00
426.85464,4.43,5.6619163,26872.0,2.070222,1.61,-0.05061,0.02,2020-07-16 04:40:00
427.1299,4.36,5.7336726,28498.0,1.9560233,1.59,-0.06550154,0.05,2020-07-16 04:45:00
425.15274,4.3,5.760955,27191.0,2.0206478,1.55,-0.08092192,0.01,2020-07-16 04:50:00
426.46326,4.15,5.77149,28491.0,1.9470137,1.5,-0.09151498,0.01,2020-07-16 04:55:00
423.83478,4.29,5.80318,30237.0,1.7996144,1.54,-0.07572073,0.03,2020-07-16 05:00:00
419.5623,3.74,6.023504,33431.0,1.5771435,1.32,-0.16115092,0.16,2020-07-16 05:05:00
420.9145,3.53,6.014025,31030.0,1.7162832,1.25,-0.19382004,0.05,2020-07-16 05:10:00
416.74545,3.69,6.0085607,34581.0,1.4930546,1.28,-0.16115092,0.04,2020-07-16 05:15:00
416.92004,3.44,6.0133524,32277.0,1.6017191,1.2,-0.19382004,0.08,2020-07-16 05:20:00
416.47534,3.69,5.9207177,40112.0,1.2845837,1.28,-0.13076828,0.06,2020-07-16 05:25:00
417.50143,3.91,5.8540244,31128.0,1.6680623,1.36,-0.119186416,0.01,2020-07-16 05:30:00
415.63733,3.91,5.84392,30893.0,1.6575,1.35,-0.119186416,0.03,2020-07-16 05:35:00
417.50912,3.86,5.8463154,31507.0,1.6480916,1.35,-0.12493874,0.02,2020-07-16 05:40:00
416.64954,3.79,5.873406,33358.0,1.5466857,1.31,-0.13076828,0.01,2020-07-16 05:45:00
413.32767,3.23,5.8760104,30088.0,1.6725787,1.1,-0.21467017,0.02,2020-07-16 05:50:00
413.8935,3.13,5.830309,29139.0,1.734422,1.07,-0.22184876,0.02,2020-07-16 05:55:00
414.0957,3.5,5.7309422,32115.0,1.5760928,1.2,-0.14874166,0.05,2020-07-16 06:00:00
413.53134,3.51,5.7844706,29054.0,1.7347628,1.2,-0.1674911,0.02,2020-07-16 06:05:00
409.33084,3.86,5.7838483,32033.0,1.5242122,1.29,-0.12493874,0.07,2020-07-16 06:10:00
410.20392,3.5,5.883358,30927.0,1.5892265,1.18,-0.20760833,0.25,2020-07-16 06:15:00
409.7161,3.03,6.1919136,25082.0,1.9523277,1.02,-0.30980393,0.12,2020-07-16 06:20:00
409.52435,3.66,6.112749,36024.0,1.3573444,1.23,-0.18708667,0.11,2020-07-16 06:25:00
411.0754,3.56,6.092627,33116.0,1.494015,1.21,-0.19382004,0.06,2020-07-16 06:30:00
412.89838,3.77,6.114401,34111.0,1.4705524,1.29,-0.17392519,0.11,2020-07-16 06:35:00
409.701,3.43,5.9557877,32714.0,1.4966885,1.15,-0.20065947,0.07,2020-07-16 06:40:00
410.77774,3.8,5.9947395,36391.0,1.3564991,1.28,-0.15490197,0.14,2020-07-16 06:45:00
416.0602,4.17,6.2520237,31582.0,1.6264801,1.44,-0.17392519,0.03,2020-07-16 06:50:00
412.6152,3.74,6.5058126,33719.0,1.4844747,1.27,-0.22184876,0.13,2020-07-16 06:55:00
411.52908,3.92,6.5635815,31727.0,1.5647863,1.33,-0.22184876,0.08,2020-07-16 07:00:00
411.06915,3.9,6.7158394,31727.0,1.5593487,1.32,-0.24412516,0.02,2020-07-16 07:05:00
409.84122,4.04,6.726455,32845.0,1.4923078,1.36,-0.22184876,0.03,2020-07-16 07:10:00
408.8557,3.97,6.740453,31450.0,1.5468642,1.33,-0.23657204,0.02,2020-07-16 07:15:00
410.81293,3.99,6.749578,30901.0,1.5979264,1.35,-0.23657204,0.03,2020-07-16 07:20:00
411.63074,4.13,6.7738614,30628.0,1.622181,1.4,-0.22184876,0.03,2020-07-16 07:25:00
413.71863,3.9,6.8327227,27191.0,1.856235,1.33,-0.26760623,0.01,2020-07-16 07:30:00
412.6683,3.81,6.831764,27707.0,1.8073072,1.3,-0.27572417,0.02,2020-07-16 07:35:00
411.56076,3.74,6.877856,31727.0,1.5651612,1.27,-0.27572417,0.01,2020-07-16 07:40:00
409.904,3.81,6.8289533,28227.0,1.7372807,1.28,-0.27572417,0.01,2020-07-16 07:45:00
411.52893,3.86,6.799706,27707.0,1.7918186,1.31,-0.26760623,0.02,2020-07-16 07:50:00
408.4412,4.07,6.6944003,31175.0,1.5555896,1.36,-0.21467017,0.06,2020-07-16 07:55:00
407.90204,3.8,6.8726125,33692.0,1.433471,1.26,-0.26760623,0.03,2020-07-16 08:00:00
406.92813,3.44,6.9140077,34127.0,1.4047071,1.14,-0.30980393,0.04,2020-07-16 08:05:00
405.057,2.75,6.86223,26267.0,1.7990469,0.9,-0.43179828,0.05,2020-07-16 08:10:00
405.1124,2.43,6.793924,22096.0,2.1395586,0.8,-0.48148608,0.06,2020-07-16 08:15:00
408.19247,3.39,6.762226,39960.0,1.211302,1.13,-0.2839967,0.02,2020-07-16 08:20:00
404.1984,2.89,6.8186507,27707.0,1.6943167,0.94,-0.39794,0.02,2020-07-16 08:25:00
401.71515,2.37,6.548588,20931.0,2.2002022,0.76,-0.4685211,0.1,2020-07-16 08:30:00
405.25983,3.19,6.6005607,24363.0,1.94267,1.05,-0.3372422,0.02,2020-07-16 08:35:00
405.3473,3.17,6.6104918,23718.0,1.9968411,1.04,-0.3372422,0.01,2020-07-16 08:40:00
403.961,3.72,6.6856637,29256.0,1.6016771,1.22,-0.26760623,0.02,2020-07-16 08:45:00
405.9685,3.89,6.702134,32116.0,1.4817349,1.28,-0.23657204,0.02,2020-07-16 08:50:00
405.1468,3.13,6.709553,22730.0,2.0804303,1.03,-0.35654733,0.01,2020-07-16 08:55:00
407.4663,2.99,6.7710924,22180.0,2.170247,0.99,-0.38721615,0.02,2020-07-16 09:00:00
412.46634,3.31,6.7002387,25674.0,1.9474488,1.13,-0.32790217,0.03,2020-07-16 09:05:00
407.736,2.8,6.6461115,21465.0,2.2471616,0.93,-0.40893543,0.03,2020-07-16 09:10:00
417.1429,4.02,6.6062016,58716.0,0.88195324,1.4,-0.14874166,0.04,2020-07-16 09:15:00
418.11337,4.1,6.651158,56651.0,0.920738,1.43,-0.1426675,0.03,2020-07-16 09:20:00
418.64886,4.25,6.4673796,64742.0,0.8088871,1.49,-0.09151498,0.15,2020-07-16 09:25:00
417.27597,4.58,6.2310514,68519.0,0.756523,1.6,-0.017728778,0.08,2020-07-16 09:30:00
421.97772,4.75,6.168703,75525.0,0.71070725,1.69,0.017033322,0.06,2020-07-16 09:35:00
424.2207,4.96,5.9584646,94562.0,0.5770746,1.78,0.1105897,0.13,2020-07-16 09:40:00
429.09683,5.29,5.4929132,87288.0,0.64780664,1.95,0.16731733,0.13,2020-07-16 09:45:00
424.75415,5.3,5.288185,70175.0,0.780666,1.92,0.13033378,0.06,2020-07-16 09:50:00
421.88937,5.81,4.9682794,69766.0,0.76887304,2.07,0.22010809,0.32,2020-07-16 09:55:00
425.19333,5.38,5.3604198,60742.0,0.90480644,1.94,0.16731733,0.3,2020-07-16 10:00:00
422.0254,4.91,5.340459,64301.0,0.8350577,1.75,0.1430148,0.4,2020-07-16 10:05:00
425.08487,6.19,4.6262836,68763.0,0.798629,2.24,0.36921585,0.21,2020-07-16 10:10:00
422.08783,5.3,5.300698,60598.0,0.8864942,1.89,0.16731733,0.06,2020-07-16 10:15:00
422.26486,5.23,5.166014,61437.0,0.87553024,1.87,0.1818436,0.14,2020-07-16 10:20:00
420.76447,5.05,5.199135,61852.0,0.86007243,1.79,0.16435286,0.17,2020-07-16 10:25:00
423.25256,5.34,4.8259506,63434.0,0.8541568,1.91,0.25767857,0.12,2020-07-16 10:30:00
421.27365,5.61,4.8182364,64127.0,0.83268917,1.99,0.28780174,0.07,2020-07-16 10:35:00
420.5292,5.52,4.8023744,62923.0,0.84396267,1.95,0.2764618,0.05,2020-07-16 10:40:00
420.5414,5.67,4.749958,66843.0,0.79454035,2.0,0.2988531,0.03,2020-07-16 10:45:00
422.08026,5.38,4.702361,63119.0,0.85103977,1.92,0.2764618,0.01,2020-07-16 10:50:00
417.92078,6.25,4.290058,70350.0,0.7403834,2.18,0.43616268,0.14,2020-07-16 10:55:00
417.09302,6.06,4.0039606,67088.0,0.77160573,2.11,0.4232459,0.41,2020-07-16 11:00:00
413.9549,5.66,4.262734,71282.0,0.7093328,1.94,0.40483373,0.16,2020-07-16 11:05:00
419.93298,5.52,3.929491,70931.0,0.74538124,1.95,0.41161972,0.24,2020-07-16 11:10:00
417.98914,6.25,2.9879928,92779.0,0.56168413,2.19,0.83442074,0.58,2020-07-16 11:15:00
420.60217,5.65,4.037933,71479.0,0.7433422,2.0,0.43456894,0.1,2020-07-16 11:20:00
414.3051,5.71,4.210582,71946.0,0.70463896,1.96,0.41329977,0.08,2020-07-16 11:25:00
410.46173,4.94,4.7077913,63575.0,0.7746163,1.66,0.22530928,0.26,2020-07-16 11:30:00
408.92566,4.73,4.9049873,68696.0,0.7085536,1.58,0.15228835,0.14,2020-07-16 11:35:00
409.8183,5.2,4.385898,72867.0,0.6725448,1.75,0.23299614,0.16,2020-07-16 11:40:00
407.6545,5.98,3.4472454,88323.0,0.5457844,1.99,0.4065402,0.19,2020-07-16 11:45:00
412.13834,5.6,3.568305,76143.0,0.6550192,1.9,0.3856063,0.32,2020-07-16 11:50:00
417.79657,5.9,4.3636794,76380.0,0.6813013,2.06,0.30749604,0.26,2020-07-16 11:55:00
411.76566,6.36,4.1577034,76498.0,0.65014607,2.16,0.3944517,0.19,2020-07-16 12:00:00
414.28107,6.42,3.3070834,74075.0,0.6842631,2.2,0.5526682,0.4,2020-07-16 12:05:00
408.51538,6.03,3.5434728,85994.0,0.56425947,2.02,0.6273659,0.06,2020-07-16 12:10:00
408.37027,5.8,3.5157928,83445.0,0.5808532,1.94,0.6074551,0.07,2020-07-16 12:15:00
412.35794,5.93,3.4345305,86773.0,0.57573116,2.02,0.64640373,0.09,2020-07-16 12:30:00
412.9319,6.01,2.6716661,82824.0,0.605799,2.04,0.820858,0.19,2020-07-16 12:35:00
411.63498,5.48,3.163574,78186.0,0.6354815,1.86,0.6294097,0.42,2020-07-16 12:40:00
406.85886,4.63,2.4676104,61966.0,0.773215,1.54,0.365488,0.13,2020-07-16 12:45:00
409.56018,5.01,3.8731642,68193.0,0.71723336,1.68,0.42813483,0.05,2020-07-16 12:50:00
409.42636,5.11,3.4140592,74739.0,0.65374917,1.71,0.48429987,0.2,2020-07-16 12:55:00
413.14044,4.86,3.8116925,63160.0,0.7956559,1.66,0.39794004,0.07,2020-07-16 13:00:00
409.7152,4.99,3.4423974,71164.0,0.68810004,1.67,0.48855072,0.31,2020-07-16 13:05:00
408.95206,5.15,1.8066821,81435.0,0.5978336,1.72,0.76492304,0.17,2020-07-16 13:10:00
408.37454,5.2,1.7743168,83664.0,0.5793516,1.74,0.7824726,0.1,2020-07-16 13:15:00
409.66647,5.18,1.7520274,87786.0,0.55760396,1.74,0.8280151,0.23,2020-07-16 13:20:00
412.2099,4.81,1.8765126,82961.0,0.6015128,1.63,0.6893089,0.24,2020-07-16 13:25:00
418.76407,5.02,1.9773972,88431.0,0.5927089,1.76,0.897077,0.34,2020-07-16 13:30:00
414.92285,4.78,2.9147382,72040.0,0.706991,1.64,0.5276299,0.11,2020-07-16 13:35:00
405.71826,4.77,3.2239573,102609.0,0.4628847,1.57,0.5728716,0.08,2020-07-16 13:40:00
407.24353,4.71,3.6303306,96302.0,0.4989948,1.56,0.5237465,0.09,2020-07-16 13:45:00
415.31866,4.86,3.644146,64481.0,0.79221845,1.68,0.46982205,0.03,2020-07-16 13:50:00
415.12457,4.96,3.5345297,67002.0,0.76130193,1.71,0.50920254,0.06,2020-07-16 13:55:00
417.52402,4.97,3.4389825,64233.0,0.8084969,1.73,0.52244425,0.13,2020-07-16 14:00:00
415.1288,4.86,3.4438496,66956.0,0.7618493,1.68,0.49968714,0.04,2020-07-16 14:05:00
413.80447,4.98,3.4605782,70620.0,0.7151726,1.71,0.53655845,0.05,2020-07-16 14:10:00
415.02344,5.14,3.524812,68784.0,0.74101657,1.77,0.52113813,0.03,2020-07-16 14:15:00
412.88385,5.34,3.664437,65884.0,0.76128536,1.82,0.5132176,0.02,2020-07-16 14:30:00
416.0711,5.41,3.5978606,69677.0,0.7372832,1.87,0.5289167,0.12,2020-07-16 14:40:00
414.6377,5.27,3.454186,74780.0,0.6796303,1.81,0.54530716,0.05,2020-07-16 14:45:00
416.24127,5.46,3.0696907,73838.0,0.69662124,1.89,0.6493349,0.09,2020-07-16 14:50:00
412.23694,5.09,3.0739064,73205.0,0.68181527,1.73,0.6541766,0.35,2020-07-16 14:55:00
410.42053,4.71,3.8090813,65926.0,0.7467593,1.59,0.42488167,0.23,2020-07-16 15:00:00
408.30048,4.04,4.285207,57281.0,0.84571683,1.34,0.23804612,0.19,2020-07-16 15:05:00
408.31674,4.0,4.24224,58917.0,0.82233506,1.33,0.24551268,0.25,2020-07-16 15:10:00
406.10016,3.69,4.197666,61359.0,0.77633995,1.21,0.21484385,0.13,2020-07-16 15:15:00
410.93198,4.34,3.6139867,65063.0,0.75960344,1.47,0.44404483,0.33,2020-07-16 15:20:00
409.10715,4.18,3.7067776,65144.0,0.7482204,1.4,0.38021126,0.14,2020-07-16 15:25:00
408.053,4.32,3.4644768,73512.0,0.6577452,1.44,0.47129175,0.06,2020-07-16 15:30:00
406.9602,4.55,3.1819806,72345.0,0.6627991,1.5,0.5550945,0.06,2020-07-16 15:35:00
405.7511,4.35,3.2963161,69325.0,0.6852954,1.43,0.510545,0.04,2020-07-16 15:40:00
404.06226,4.44,3.7190053,71178.0,0.65884453,1.45,0.48144266,0.14,2020-07-16 15:45:00
410.02032,3.98,4.1321425,63525.0,0.7726337,1.34,0.27415785,0.21,2020-07-16 15:50:00
413.31122,3.88,4.269637,60955.0,0.82549953,1.33,0.22271647,0.08,2020-07-16 15:55:00
410.68155,4.24,4.078088,60631.0,0.81358355,1.43,0.30103,0.03,2020-07-16 16:00:00
412.25458,4.3,4.0475426,58446.0,0.8541036,1.46,0.30535138,0.06,2020-07-16 16:05:00
411.55923,4.5,3.973827,58079.0,0.85499585,1.52,0.34044415,0.07,2020-07-16 16:10:00
414.68466,4.52,3.9933445,60302.0,0.84310097,1.55,0.3424227,0.08,2020-07-16 16:15:00
416.33038,4.47,3.8972554,57101.0,0.90141004,1.55,0.34044415,0.15,2020-07-16 16:20:00
417.48932,5.07,3.565894,62976.0,0.8244212,1.77,0.4913617,0.14,2020-07-16 16:25:00
419.09933,5.19,3.4409738,63943.0,0.8217409,1.82,0.53402615,0.1,2020-07-16 16:30:00
415.2533,4.96,3.7086523,64382.0,0.7930478,1.71,0.46982205,0.23,2020-07-16 16:35:00
414.34427,5.04,3.9161332,65924.0,0.7692323,1.73,0.42160395,0.03,2020-07-16 16:40:00
415.48618,5.02,3.984545,64728.0,0.7901866,1.73,0.40312052,0.08,2020-07-16 16:45:00
413.63776,4.89,3.9916036,61604.0,0.8188134,1.67,0.38381538,0.21,2020-07-16 16:50:00
411.06958,5.16,3.7398129,72025.0,0.6868951,1.74,0.49554437,0.31,2020-07-16 16:55:00
411.04312,5.15,3.5348268,69781.0,0.70884204,1.74,0.46538287,0.07,2020-07-16 17:00:00
410.6743,5.47,3.4856563,64015.0,0.7705329,1.85,0.4899585,0.09,2020-07-16 17:05:00
415.5648,6.24,3.554293,66165.0,0.77348036,2.16,0.51587385,0.09,2020-07-16 17:10:00
414.36667,6.24,2.306881,71218.0,0.7121711,2.15,0.6794279,0.42,2020-07-16 17:15:00
409.0306,5.71,2.7682848,68627.0,0.7098328,1.91,0.5526682,0.17,2020-07-16 17:20:00
412.48624,5.91,3.5019567,75461.0,0.6626776,2.01,0.59769523,0.19,2020-07-16 17:25:00
410.8399,6.06,2.9169333,73546.0,0.67152005,2.05,0.6444386,0.31,2020-07-16 17:35:00
409.70715,6.34,1.6155494,79193.0,0.618299,2.13,0.8175654,0.4,2020-07-16 17:40:00
408.6757,6.18,2.3602755,66962.0,0.7255193,2.07,0.59769523,0.24,2020-07-16 17:45:00
407.08893,6.07,3.6328776,66575.0,0.72095275,2.01,0.5276299,0.1,2020-07-16 17:50:00
408.77182,6.04,3.315509,71045.0,0.68432426,2.02,0.61700034,0.33,2020-07-16 17:55:00
406.36765,6.08,3.2917318,71156.0,0.67082447,2.01,0.65030754,0.22,2020-07-16 18:00:00
403.66882,6.19,3.9193366,66615.0,0.7018426,2.02,0.5118834,0.04,2020-07-16 18:05:00
404.2631,6.31,3.5454478,72355.0,0.64913046,2.06,0.6106602,0.19,2020-07-16 18:10:00
407.08176,6.26,3.6308262,71178.0,0.67429256,2.07,0.56937397,0.09,2020-07-16 18:20:00
400.90158,5.84,3.1865656,63120.0,0.7250114,1.88,0.5289167,0.15,2020-07-16 18:25:00
403.50955,6.02,3.3748183,73276.0,0.63725954,1.96,0.6294097,0.2,2020-07-16 18:30:00
399.7962,6.51,2.9510167,79720.0,0.56913036,2.08,0.7075702,0.15,2020-07-16 18:35:00
399.03876,6.49,2.4662118,82970.0,0.5436183,2.07,0.6693169,0.18,2020-07-16 18:40:00
400.7595,6.49,2.4462829,80911.0,0.5649694,2.08,0.6821451,0.35,2020-07-16 18:45:00
397.37674,6.42,3.1914103,80058.0,0.5561189,2.03,0.59549624,0.49,2020-07-16 18:50:00
396.044,5.97,4.163508,73384.0,0.6003842,1.87,0.38738984,0.03,2020-07-16 18:55:00
394.07544,5.95,3.999325,74719.0,0.58058095,1.85,0.43775058,0.12,2020-07-16 19:00:00
395.05783,6.19,4.0494075,84005.0,0.5204209,1.93,0.4983106,0.1,2020-07-16 19:05:00
395.6319,6.34,3.9568422,88478.0,0.49634963,1.98,0.5403295,0.09,2020-07-16 19:10:00
397.83047,6.3,3.9808793,94376.0,0.47342774,1.99,0.5289167,0.12,2020-07-16 19:15:00
398.09882,6.36,4.0136766,101061.0,0.44304037,2.01,0.5490033,0.12,2020-07-16 19:20:00
393.39117,6.03,4.00642,73567.0,0.58649087,1.86,0.48429987,0.12,2020-07-16 19:25:00
397.0815,6.15,4.091173,91575.0,0.48505467,1.94,0.510545,0.1,2020-07-16 19:30:00
398.06097,6.25,4.1242332,87828.0,0.5096421,1.98,0.5237465,0.14,2020-07-16 19:35:00
397.11368,6.17,4.0867834,84956.0,0.5229776,1.95,0.49968714,0.15,2020-07-16 19:40:00
398.76328,6.2,3.8043396,93818.0,0.47972834,1.97,0.55630255,0.06,2020-07-16 19:50:00
399.15326,6.45,3.9237993,103514.0,0.43611792,2.05,0.56937397,0.05,2020-07-16 19:55:00
400.69617,6.34,3.9347045,92691.0,0.49292558,2.04,0.5526682,0.04,2020-07-16 20:00:00
399.4618,6.18,4.061761,93756.0,0.48266816,1.97,0.4983106,0.1,2020-07-16 20:05:00
399.24692,6.03,3.8826022,89976.0,0.50210387,1.92,0.5550945,0.05,2020-07-16 20:10:00
401.36563,5.91,3.861321,81487.0,0.5636214,1.9,0.53781915,0.01,2020-07-16 20:15:00
401.36563,5.91,3.8991923,81487.0,0.5636214,1.9,0.54157925,0.12,2020-07-16 20:20:00
395.7913,5.59,4.15218,72010.0,0.6106253,1.75,0.4329693,0.02,2020-07-16 20:25:00
394.27274,5.48,4.2343006,71178.0,0.6104144,1.7,0.4065402,0.03,2020-07-16 20:30:00
395.7204,5.32,4.0568953,72449.0,0.60658693,1.67,0.4265113,0.09,2020-07-16 20:35:00
398.37585,5.23,3.67158,68043.0,0.65945303,1.66,0.41161972,0.09,2020-07-16 20:40:00
399.90594,5.47,4.0289702,69395.0,0.65436774,1.75,0.40993312,0.07,2020-07-16 20:45:00
397.99063,5.38,3.9807663,80555.0,0.5553501,1.7,0.45939252,0.18,2020-07-16 20:50:00
399.677,5.44,3.3117366,96856.0,0.46800375,1.74,0.580925,0.2,2020-07-16 20:55:00
401.3643,5.02,4.03005,63872.0,0.71905273,1.62,0.3856063,0.06,2020-07-16 21:00:00
406.92627,5.33,3.8612175,63043.0,0.7603976,1.77,0.4329693,0.16,2020-07-16 21:05:00
399.158,5.05,3.7895117,61565.0,0.733306,1.61,0.39093512,0.15,2020-07-16 21:10:00
399.26376,4.54,3.7663112,62083.0,0.72778755,1.45,0.363612,0.12,2020-07-16 21:15:00
403.41843,4.96,3.4826572,62499.0,0.7466202,1.62,0.41161972,0.08,2020-07-16 21:20:00
407.3137,4.65,3.5980272,58061.0,0.8280941,1.55,0.376577,0.15,2020-07-16 21:25:00
401.42023,4.89,3.640783,60326.0,0.7616495,1.58,0.3944517,0.09,2020-07-16 21:30:00
398.9989,4.7,3.810118,56876.0,0.79277706,1.49,0.3443923,0.18,2020-07-16 21:35:00
401.35507,5.22,3.7360272,58871.0,0.7800795,1.69,0.38738984,0.05,2020-07-16 21:40:00
398.12524,5.08,3.4572532,60217.0,0.7436995,1.61,0.40993312,0.17,2020-07-16 21:45:00
401.80286,5.71,2.5227563,67107.0,0.6867204,1.85,0.5276299,0.13,2020-07-16 21:50:00
399.83484,5.37,2.7029614,65163.0,0.6964799,1.72,0.50379074,0.08,2020-07-16 21:55:00
397.26065,5.38,3.308489,73056.0,0.60886574,1.7,0.5065051,0.14,2020-07-16 22:00:00
398.35718,5.74,3.1641111,74775.0,0.5999949,1.82,0.53907615,0.28,2020-07-16 22:05:00
399.8127,5.49,3.355965,59632.0,0.7609488,1.76,0.43775058,0.16,2020-07-16 22:10:00
406.91534,5.44,3.6093907,58940.0,0.8132634,1.8,0.38021126,0.11,2020-07-16 22:15:00
404.51187,5.59,3.0681753,65570.0,0.71767384,1.83,0.4502491,0.07,2020-07-16 22:20:00
405.28412,5.35,2.8333726,68808.0,0.6879738,1.76,0.48000696,0.15,2020-07-16 22:25:00
405.55573,5.67,3.651219,70428.0,0.67355216,1.87,0.53147894,0.24,2020-07-16 22:30:00
403.962,5.23,4.37614,52201.0,0.89766514,1.71,0.3096302,0.04,2020-07-16 22:35:00
406.575,5.58,3.9459598,60733.0,0.78720075,1.84,0.43933272,0.14,2020-07-16 22:40:00
404.9117,5.27,4.135626,51903.0,0.909443,1.73,0.35793486,0.04,2020-07-16 22:45:00
407.1317,5.38,3.992856,54686.0,0.87797856,1.78,0.40483373,0.06,2020-07-16 22:50:00
405.85706,5.23,4.002824,49981.0,0.95129615,1.72,0.3856063,0.15,2020-07-16 22:55:00
403.3637,5.15,4.119684,49329.0,0.9455556,1.68,0.346353,0.06,2020-07-16 23:00:00
404.32523,5.34,3.5242589,55153.0,0.8519992,1.75,0.48144266,0.14,2020-07-16 23:05:00
404.33978,5.06,3.9815826,57754.0,0.8137198,1.66,0.38738984,0.08,2020-07-16 23:10:00
404.82318,5.05,4.191193,54977.0,0.85800797,1.66,0.3324385,0.11,2020-07-16 23:15:00
404.50928,4.64,4.41957,59585.0,0.78974456,1.52,0.26717174,0.11,2020-07-16 23:20:00
401.01297,5.51,3.1977181,63377.0,0.722696,1.77,0.56110144,0.26,2020-07-16 23:25:00
404.1458,5.44,3.42558,59691.0,0.78613925,1.78,0.55022836,0.12,2020-07-16 23:30:00
406.37643,5.48,3.5205681,61642.0,0.7744135,1.81,0.5263393,0.07,2020-07-16 23:35:00
409.20078,5.36,3.4506376,59477.0,0.8200953,1.8,0.50242716,0.09,2020-07-16 23:40:00
402.23358,5.13,3.513104,57759.0,0.80052805,1.66,0.46089786,0.29,2020-07-16 23:45:00
397.80417,5.56,2.0308373,72807.0,0.61355394,1.75,0.64640373,0.18,2020-07-16 23:50:00
405.24597,5.15,2.3007174,62801.0,0.7535585,1.69,0.50379074,0.19,2020-07-16 23:55:00
408.8199,5.44,3.6071873,65958.0,0.7373724,1.82,0.50379074,0.1,2020-07-17 00:00:00
408.82544,5.33,3.565249,65370.0,0.7440365,1.78,0.47129175,0.04,2020-07-17 00:05:00
406.84033,5.31,3.0283165,62664.0,0.7644939,1.76,0.48287362,0.12,2020-07-17 00:10:00
413.463,5.5,3.3753667,64297.0,0.783487,1.88,0.5327544,0.05,2020-07-17 00:15:00
406.72995,5.33,3.247245,60947.0,0.7853675,1.76,0.5065051,0.09,2020-07-17 00:20:00
406.6301,5.02,3.3848042,61002.0,0.78405994,1.66,0.4871384,0.08,2020-07-17 00:25:00
409.64258,5.15,2.8969467,69649.0,0.7026795,1.73,0.65030754,0.4,2020-07-17 00:30:00
406.50684,4.95,2.1168137,75779.0,0.6305719,1.64,0.73078233,0.27,2020-07-17 00:35:00
407.4419,4.87,1.3461055,81516.0,0.59040064,1.62,0.6848454,0.14,2020-07-17 00:40:00
407.48776,5.0,2.6057243,82010.0,0.58704996,1.66,0.77524626,0.32,2020-07-17 00:45:00
408.34186,5.01,2.4247062,77862.0,0.6223678,1.67,0.65801144,0.08,2020-07-17 00:50:00
407.73434,4.98,3.0291085,75835.0,0.6360482,1.66,0.65224636,0.06,2020-07-17 00:55:00
412.861,4.74,2.9854982,82824.0,0.60547525,1.62,0.66558105,0.05,2020-07-17 01:00:00
412.94278,4.74,2.5033379,90143.0,0.5566579,1.62,0.84385544,0.16,2020-07-17 01:10:00
412.16293,4.38,3.0767028,84988.0,0.58695817,1.49,0.59106463,0.17,2020-07-17 01:15:00
409.76962,4.05,3.4468827,78732.0,0.6222146,1.36,0.47129175,0.21,2020-07-17 01:20:00
411.94183,3.98,3.7437146,77990.0,0.63855803,1.35,0.37839794,0.03,2020-07-17 01:25:00
412.05923,3.95,3.3543553,81043.0,0.61504817,1.34,0.372912,0.14,2020-07-17 01:30:00
410.3293,4.2,2.6907434,83644.0,0.58816886,1.42,0.4871384,0.16,2020-07-17 01:35:00
404.98303,4.19,2.8327723,86194.0,0.547935,1.38,0.56348115,0.21,2020-07-17 01:40:00
409.42566,4.01,2.826128,75136.0,0.6502916,1.34,0.4927604,0.2,2020-07-17 01:45:00
408.15244,4.27,2.7788846,81247.0,0.5955771,1.42,0.4502491,0.28,2020-07-17 01:50:00
399.67712,3.67,3.7564611,66867.0,0.67789805,1.17,0.29003462,0.05,2020-07-17 02:10:00
406.98187,3.78,3.6894171,65288.0,0.73456293,1.25,0.30535138,0.02,2020-07-17 02:15:00
406.9889,4.14,3.8452697,64509.0,0.7434735,1.37,0.3201463,0.06,2020-07-17 02:20:00
399.87302,3.29,3.771644,53008.0,0.8564407,1.05,0.24797328,0.11,2020-07-17 02:25:00
400.27234,3.31,3.6734316,56332.0,0.8084125,1.06,0.27184162,0.04,2020-07-17 02:30:00
397.37415,3.27,3.6666334,55030.0,0.80902904,1.03,0.2552725,0.07,2020-07-17 02:35:00
398.43546,3.11,3.6645055,52842.0,0.84955275,0.99,0.23299614,0.04,2020-07-17 02:40:00
397.75992,3.31,3.5473368,53763.0,0.8306001,1.05,0.28780174,0.11,2020-07-17 02:45:00
401.42783,3.48,3.5578222,57514.0,0.7989355,1.13,0.31175387,0.09,2020-07-17 02:50:00
403.35498,3.27,3.734528,57619.0,0.8094584,1.07,0.25285304,0.02,2020-07-17 02:55:00
403.95612,3.36,3.8893316,54891.0,0.85363543,1.09,0.22010809,0.07,2020-07-17 03:00:00
398.91586,3.35,3.6775265,52700.0,0.8550433,1.07,0.25767857,0.09,2020-07-17 03:05:00
401.0776,3.3,3.6104016,53270.0,0.86024576,1.06,0.2624511,0.09,2020-07-17 03:10:00
397.3939,3.16,3.6682012,51140.0,0.8707031,0.99,0.24551268,0.06,2020-07-17 03:15:00
395.08612,3.02,3.5495913,53726.0,0.81390214,0.94,0.25285304,0.06,2020-07-17 03:20:00
394.70706,3.13,3.5914621,54814.0,0.79536676,0.98,0.2624511,0.03,2020-07-17 03:25:00
397.52457,3.24,3.5777366,53008.0,0.8408798,1.02,0.29666522,0.09,2020-07-17 03:30:00
396.14575,2.88,3.7041194,48112.0,0.91648304,0.9,0.17026173,0.11,2020-07-17 03:35:00
396.7253,2.98,3.709474,48454.0,0.9141653,0.94,0.2068259,0.02,2020-07-17 03:40:00
397.33255,2.85,3.753625,46421.0,0.9587547,0.9,0.16731733,0.01,2020-07-17 03:45:00
397.0443,2.87,3.7467585,46600.0,0.95291704,0.9,0.17318627,0.01,2020-07-17 03:50:00
397.1403,2.96,3.7384622,49487.0,0.8980005,0.93,0.19589968,0.02,2020-07-17 03:55:00
396.437,3.04,3.550521,48880.0,0.9041496,0.96,0.24797328,0.08,2020-07-17 04:00:00
394.86948,2.92,3.6646147,48672.0,0.89688337,0.91,0.20412001,0.04,2020-07-17 04:05:00
396.04025,3.34,3.2906382,60717.0,0.72561705,1.05,0.38381538,0.16,2020-07-17 04:10:00
396.52213,3.45,3.2047935,60918.0,0.7259657,1.08,0.41329977,0.04,2020-07-17 04:15:00
395.80206,3.35,3.1861732,57403.0,0.7660724,1.05,0.4065402,0.02,2020-07-17 04:20:00
391.3974,3.01,3.4861727,49850.0,0.8519414,0.92,0.25767857,0.04,2020-07-17 04:25:00
395.58276,3.09,3.351731,59366.0,0.7394646,0.97,0.29666522,0.11,2020-07-17 04:30:00
397.2731,2.95,3.3122349,58720.0,0.75758904,0.93,0.2764618,0.15,2020-07-17 04:35:00
400.4438,2.54,3.4735143,54366.0,0.83876383,0.81,0.15228835,0.01,2020-07-17 04:40:00
397.5239,2.45,3.5564308,47109.0,0.9461699,0.77,0.10720996,0.04,2020-07-17 04:45:00
399.70847,2.52,3.599458,47493.0,0.9546687,0.81,0.1430148,0.02,2020-07-17 04:50:00
397.57703,2.5,3.4167087,51240.0,0.870251,0.79,0.16731733,0.11,2020-07-17 04:55:00
396.65485,2.44,3.3953056,61996.0,0.71408606,0.77,0.21484385,0.01,2020-07-17 05:00:00
402.50623,2.45,2.5344822,69123.0,0.67033166,0.79,0.29003462,0.13,2020-07-17 05:05:00
407.71265,2.52,1.7979155,83451.0,0.57790476,0.84,0.39794004,0.1,2020-07-17 05:10:00
406.44727,2.44,2.6977398,79788.0,0.59861517,0.81,0.3856063,0.13,2020-07-17 05:15:00
399.30853,2.42,3.0098174,83939.0,0.5384743,0.78,0.32428244,0.12,2020-07-17 05:20:00
392.7832,2.45,3.311586,72867.0,0.5892809,0.75,0.25285304,0.03,2020-07-17 05:30:00
386.9029,2.24,3.0864058,85427.0,0.47958443,0.67,0.27184162,0.06,2020-07-17 05:35:00
390.93506,2.14,3.1134064,89542.0,0.4725525,0.66,0.26717174,0.07,2020-07-17 05:40:00
391.03128,2.15,3.181116,80176.0,0.5281597,0.66,0.25285304,0.02,2020-07-17 05:45:00
393.13977,2.23,3.2483535,89676.0,0.4801796,0.69,0.25767857,0.03,2020-07-17 05:50:00
394.6425,2.17,3.2400773,80017.0,0.5445723,0.68,0.25285304,0.01,2020-07-17 05:55:00
396.9071,2.07,3.0623357,82796.0,0.5357526,0.65,0.24303806,0.01,2020-07-17 06:00:00
394.38498,2.14,3.1300159,83487.0,0.52087855,0.67,0.27184162,0.02,2020-07-17 06:05:00
395.39038,2.29,3.1219544,83273.0,0.5263726,0.72,0.2988531,0.03,2020-07-17 06:10:00
395.048,2.01,3.2304025,78063.0,0.55999106,0.63,0.21484385,0.1,2020-07-17 06:15:00
392.99536,1.99,3.19365,71669.0,0.6001391,0.62,0.18752073,0.04,2020-07-17 06:20:00
391.96768,2.07,3.0866973,77091.0,0.5534006,0.64,0.22788674,0.06,2020-07-17 06:25:00
395.34058,2.23,3.1155417,67177.0,0.65223867,0.7,0.25285304,0.02,2020-07-17 06:30:00
393.11603,2.17,3.08099,76522.0,0.5626159,0.67,0.26951295,0.02,2020-07-17 06:35:00
394.0384,2.26,3.0972729,80160.0,0.5410146,0.7,0.31175387,0.04,2020-07-17 06:40:00
391.62036,2.2,3.1318045,71802.0,0.5925271,0.67,0.26007143,0.04,2020-07-17 06:50:00
390.83002,2.11,3.134661,73059.0,0.5786818,0.64,0.24797328,0.04,2020-07-17 06:55:00
389.73294,1.98,3.0741503,80160.0,0.52282405,0.6,0.24797328,0.03,2020-07-17 07:00:00
394.6821,2.12,3.017764,86903.0,0.5015783,0.66,0.31175387,0.02,2020-07-17 07:05:00
391.48294,2.02,3.0073576,86218.0,0.49291536,0.62,0.29003462,0.03,2020-07-17 07:10:00
388.89325,1.96,3.1477134,85988.0,0.48412713,0.59,0.25767857,0.04,2020-07-17 07:15:00
389.48325,2.0,3.114145,86445.0,0.48384568,0.61,0.27184162,0.02,2020-07-17 07:20:00
391.59158,2.02,3.0692832,89211.0,0.47678992,0.62,0.29003462,0.02,2020-07-17 07:25:00
390.1363,1.99,3.0520484,87822.0,0.4787495,0.61,0.27184162,0.02,2020-07-17 07:30:00
388.6256,2.09,3.0247314,94395.0,0.44006568,0.63,0.29666522,0.08,2020-07-17 07:35:00
392.23874,1.91,3.1897023,82331.0,0.5192954,0.59,0.21484385,0.02,2020-07-17 07:40:00
393.7971,2.0,2.704977,90170.0,0.48003885,0.62,0.32837963,0.19,2020-07-17 07:45:00
399.6856,2.15,2.6228802,88565.0,0.5118501,0.69,0.4329693,0.01,2020-07-17 07:50:00
395.44485,2.17,2.843273,88284.0,0.49670866,0.68,0.3673559,0.08,2020-07-17 07:55:00
393.10654,2.0,2.997082,78844.0,0.54600555,0.62,0.2787536,0.02,2020-07-17 08:00:00
394.5167,1.97,2.9990997,79364.0,0.5485084,0.61,0.2764618,0.04,2020-07-17 08:05:00
392.79807,2.09,2.884493,80467.0,0.5336869,0.65,0.3096302,0.04,2020-07-17 08:10:00
389.37204,2.03,2.395266,87159.0,0.47945565,0.62,0.4409091,0.06,2020-07-17 08:15:00
390.12003,1.95,2.5745485,87432.0,0.48082262,0.59,0.346353,0.04,2020-07-17 08:20:00
391.5574,1.94,2.3074446,80417.0,0.52878547,0.6,0.35793486,0.06,2020-07-17 08:25:00
391.209,1.75,2.288012,66943.0,0.6334595,0.54,0.23804612,0.05,2020-07-17 08:30:00
388.9714,1.92,2.543816,78144.0,0.53305656,0.58,0.35410845,0.09,2020-07-17 08:35:00
390.65375,1.82,2.6037087,70560.0,0.598336,0.56,0.26717174,0.04,2020-07-17 08:40:00
392.42715,1.81,2.383233,81811.0,0.52337795,0.56,0.34830487,0.06,2020-07-17 08:45:00
392.4737,1.85,2.5710115,82662.0,0.51818115,0.57,0.3443923,0.04,2020-07-17 08:50:00
387.19052,1.88,2.6916537,77184.0,0.53203183,0.56,0.3201463,0.04,2020-07-17 08:55:00
387.33197,1.89,2.5996344,68609.0,0.59920806,0.57,0.32633585,0.03,2020-07-17 09:00:00
387.89322,1.82,2.724335,74954.0,0.55096173,0.55,0.30535138,0.02,2020-07-17 09:05:00
388.32397,1.78,2.804532,74600.0,0.5554922,0.54,0.26951295,0.01,2020-07-17 09:10:00
386.64276,1.78,2.6582701,68794.0,0.59429264,0.53,0.2922561,0.08,2020-07-17 09:15:00
385.08588,1.82,2.580155,69918.0,0.57744014,0.54,0.33041382,0.04,2020-07-17 09:20:00
382.4787,1.89,2.3201294,82824.0,0.47726035,0.55,0.48572144,0.12,2020-07-17 09:25:00
382.4787,1.89,2.6005192,82824.0,0.47726035,0.55,0.4313638,0.08,2020-07-17 09:30:00
388.18237,1.71,2.4112031,81487.0,0.50796694,0.52,0.42813483,0.1,2020-07-17 09:35:00
382.68887,1.91,2.7693682,58706.0,0.67448425,0.56,0.24797328,0.14,2020-07-17 09:40:00
377.69983,1.99,2.5289128,57748.0,0.65822774,0.57,0.38201708,0.33,2020-07-17 09:45:00
380.92523,2.04,2.3631337,60223.0,0.64810735,0.59,0.44404483,0.05,2020-07-17 09:50:00
380.85217,1.96,2.4406762,57766.0,0.67527044,0.57,0.3944517,0.09,2020-07-17 10:00:00
381.21573,1.98,2.6340463,53366.0,0.7331203,0.58,0.32221928,0.02,2020-07-17 10:10:00
383.3844,2.05,2.537341,50181.0,0.7935419,0.6,0.35602587,0.04,2020-07-17 10:20:00
383.3844,2.05,2.3431604,50181.0,0.7935419,0.6,0.35602587,0.14,2020-07-17 10:25:00
383.61398,2.24,2.001949,65859.0,0.60576403,0.66,0.5786392,0.05,2020-07-17 10:30:00
387.1476,2.22,1.9795455,63350.0,0.6479902,0.66,0.56110144,0.04,2020-07-17 10:35:00
376.1623,2.21,2.1522546,58604.0,0.64042926,0.63,0.5263393,0.03,2020-07-17 10:40:00
375.52716,2.38,2.1326509,49430.0,0.7553063,0.67,0.59549624,0.07,2020-07-17 10:45:00
376.15344,2.4,2.3303432,49626.0,0.75623596,0.68,0.45939252,0.24,2020-07-17 10:50:00
376.45703,2.31,2.6315396,45339.0,0.8298228,0.66,0.3598355,0.08,2020-07-17 10:55:00
374.11023,2.44,2.4377449,47526.0,0.7763751,0.68,0.42813483,0.11,2020-07-17 11:00:00
373.07935,2.68,2.04939,53821.0,0.67970526,0.74,0.55630255,0.09,2020-07-17 11:05:00
371.56885,2.96,2.252887,60031.0,0.6017443,0.82,0.6493349,0.05,2020-07-17 11:10:00
372.4746,3.02,2.149651,58366.0,0.6236189,0.83,0.7075702,0.18,2020-07-17 11:15:00
370.67554,3.05,2.2146332,57956.0,0.61863565,0.84,0.6785184,0.02,2020-07-17 11:20:00
376.4335,3.23,1.8863988,64733.0,0.5810949,0.92,0.8375884,0.15,2020-07-17 11:25:00
377.26938,3.47,1.9189842,73207.0,0.5173911,0.99,0.85248,0.11,2020-07-17 11:30:00
380.77844,3.54,1.6512419,62190.0,0.62685585,1.03,0.83442074,0.1,2020-07-17 11:35:00
383.4903,3.69,1.9048885,61598.0,0.64701754,1.08,0.9375179,0.36,2020-07-17 11:40:00
386.8805,4.04,1.9675874,64986.0,0.63032144,1.21,0.8280151,0.11,2020-07-17 11:45:00
387.20068,4.09,2.0348463,65659.0,0.6254694,1.23,0.8273693,0.03,2020-07-17 11:50:00
386.4483,4.1,1.9985495,66477.0,0.6140438,1.23,0.86687785,0.06,2020-07-17 11:55:00
385.83508,3.95,2.1742585,63404.0,0.64062977,1.18,0.7831887,0.09,2020-07-17 12:00:00
386.82178,4.05,2.4197934,60960.0,0.6716325,1.21,0.7134906,0.1,2020-07-17 12:05:00
386.41058,4.08,2.615607,63044.0,0.64728427,1.22,0.65801144,0.22,2020-07-17 12:10:00
387.7322,4.35,2.6236424,68061.0,0.6059777,1.31,0.6493349,0.12,2020-07-17 12:15:00
387.17764,4.42,2.7289925,63153.0,0.6501685,1.32,0.6242821,0.04,2020-07-17 12:20:00
388.72928,4.37,2.8877845,64050.0,0.64909464,1.32,0.55145,0.28,2020-07-17 12:25:00
387.96143,4.34,2.8082201,68788.0,0.60067743,1.31,0.6201361,0.43,2020-07-17 12:30:00
390.63947,4.32,3.6491916,67991.0,0.6208732,1.32,0.40483373,0.21,2020-07-17 12:35:00
392.10992,4.95,3.687316,78738.0,0.5424372,1.52,0.47421628,0.12,2020-07-17 12:40:00
393.8494,4.53,3.830261,65471.0,0.6614074,1.41,0.365488,0.14,2020-07-17 12:45:00
390.2804,4.35,3.7700663,68965.0,0.61035466,1.33,0.36921585,0.12,2020-07-17 12:50:00
395.96805,4.7,3.6753368,75816.0,0.5807783,1.47,0.45331836,0.03,2020-07-17 12:55:00
395.04254,4.31,3.8798196,74962.0,0.5831314,1.35,0.40823996,0.17,2020-07-17 13:05:00
397.08,5.17,2.6091378,72366.0,0.6138015,1.63,0.5403295,0.2,2020-07-17 13:10:00
392.94348,4.9,2.147021,72067.0,0.5965795,1.52,0.5682018,0.22,2020-07-17 13:15:00
392.86026,5.14,3.039967,83302.0,0.5157782,1.59,0.5932861,0.19,2020-07-17 13:20:00
395.63525,4.78,3.3552794,71644.0,0.61299187,1.5,0.4771213,0.06,2020-07-17 13:25:00
395.25912,4.59,3.269159,70417.0,0.62182915,1.44,0.41329977,0.23,2020-07-17 13:30:00
400.0762,4.75,2.776779,69736.0,0.65203124,1.52,0.570543,0.12,2020-07-17 13:35:00
392.47992,5.03,2.3313944,70572.0,0.606983,1.55,0.5250448,0.15,2020-07-17 13:40:00
392.95132,5.11,2.6927495,74623.0,0.5761811,1.58,0.5465427,0.17,2020-07-17 13:45:00
391.68222,4.9,3.9485693,60895.0,0.6989993,1.5,0.33645976,0.21,2020-07-17 13:50:00
391.34866,4.88,4.3783445,56650.0,0.7493877,1.5,0.28780174,0.06,2020-07-17 14:10:00
395.80127,5.07,2.5189881,73373.0,0.5993291,1.59,0.664642,0.81,2020-07-17 14:15:00
392.70157,5.59,3.8359613,63250.0,0.6784404,1.73,0.4456042,0.06,2020-07-17 14:20:00
395.91867,5.84,2.513205,70261.0,0.6264528,1.83,0.48572144,0.11,2020-07-17 14:25:00
402.6088,5.46,4.2311463,59420.0,0.7804124,1.77,0.37474835,0.31,2020-07-17 14:30:00
402.86465,5.47,3.8849583,61547.0,0.75493366,1.78,0.4065402,0.32,2020-07-17 14:35:00
394.70383,6.13,3.816556,63903.0,0.68222344,1.91,0.5440681,0.19,2020-07-17 14:40:00
408.62143,5.61,4.3014417,62729.0,0.77415794,1.87,0.38381538,0.02,2020-07-17 14:45:00
408.11426,5.86,4.26822,61180.0,0.7906958,1.95,0.4065402,0.01,2020-07-17 14:50:00
408.4023,5.86,4.2182226,61567.0,0.7874531,1.95,0.41161972,0.04,2020-07-17 14:55:00
408.99445,5.86,4.250988,62340.0,0.7812044,1.96,0.40483373,0.02,2020-07-17 15:00:00
407.96985,5.77,4.1814833,63510.0,0.7608486,1.92,0.41329977,0.1,2020-07-17 15:05:00
405.806,6.05,4.093837,63510.0,0.7483564,1.99,0.45178646,0.03,2020-07-17 15:10:00
405.97565,5.97,4.127433,60080.0,0.7921105,1.96,0.4313638,0.04,2020-07-17 15:15:00
403.39474,5.58,4.2914915,62873.0,0.74204326,1.82,0.3424227,0.13,2020-07-17 15:20:00
402.5477,5.77,4.1876125,65348.0,0.7092827,1.87,0.39967373,0.12,2020-07-17 15:25:00
390.58197,4.92,3.188197,78163.0,0.53982633,1.5,0.2068259,0.35,2020-07-17 15:30:00
397.20215,5.14,2.7733374,69377.0,0.64085937,1.63,0.21218762,0.33,2020-07-17 15:35:00
395.32144,5.47,2.1479757,78582.0,0.557492,1.71,0.30535138,0.05,2020-07-17 15:40:00
397.07538,5.9,3.979171,71530.0,0.6209527,1.86,0.28330123,0.15,2020-07-17 15:45:00
400.0548,5.67,3.3771734,76693.0,0.5927854,1.81,0.3201463,0.26,2020-07-17 15:50:00
391.84564,6.02,3.615992,88790.0,0.4800188,1.85,0.45636603,0.45,2020-07-17 15:55:00
397.21545,5.34,4.2593546,79435.0,0.5597727,1.68,0.30319607,0.27,2020-07-17 16:00:00
394.06326,5.6,4.2235293,85218.0,0.5090034,1.74,0.33041382,0.16,2020-07-17 16:05:00
395.1262,5.32,4.3602066,81720.0,0.53526086,1.66,0.2922561,0.19,2020-07-17 16:10:00
393.27103,5.22,4.486758,85195.0,0.5059611,1.61,0.2787536,0.28,2020-07-17 16:15:00
398.79623,5.54,4.582543,82243.0,0.5473868,1.76,0.35793486,0.35,2020-07-17 16:20:00
397.89853,5.74,4.263754,86472.0,0.5169768,1.82,0.33041382,0.31,2020-07-17 16:25:00
391.1323,5.85,4.6314144,85532.0,0.4954846,1.79,0.3138672,0.01,2020-07-17 16:30:00
399.16525,5.41,4.496788,86217.0,0.5236617,1.72,0.30103,0.17,2020-07-17 16:35:00
391.78,6.12,4.649742,91549.0,0.4653098,1.88,0.3443923,0.1,2020-07-17 16:40:00
393.3575,5.44,4.5085473,79848.0,0.54021233,1.68,0.29003462,0.37,2020-07-17 16:45:00
389.71054,5.5,4.6338215,81523.0,0.5139908,1.67,0.30319607,0.17,2020-07-17 16:50:00
394.65482,5.51,4.7462196,82757.0,0.52659327,1.71,0.26007143,0.32,2020-07-17 16:55:00
398.68536,5.11,4.8816495,77530.0,0.5801597,1.62,0.21484385,0.28,2020-07-17 17:00:00
391.84485,5.29,4.9982595,84527.0,0.5042246,1.62,0.24054927,0.15,2020-07-17 17:05:00
391.43912,5.16,4.622943,81414.0,0.52181894,1.58,0.25767857,0.19,2020-07-17 17:10:00
395.342,5.07,4.9034786,82056.0,0.53397596,1.58,0.21218762,0.18,2020-07-17 17:15:00
401.57437,4.99,5.050881,81448.0,0.5648048,1.61,0.23552847,0.4,2020-07-17 17:20:00
400.6789,5.0,5.4042296,86030.0,0.53101975,1.6,0.1903317,0.17,2020-07-17 17:25:00
398.31577,4.61,4.806246,68207.0,0.6575587,1.46,0.24797328,0.88,2020-07-17 17:30:00
402.99854,5.4,4.931146,89676.0,0.51866704,1.75,0.3138672,0.19,2020-07-17 17:35:00
407.47827,4.75,4.9572873,81133.0,0.5933526,1.58,0.21218762,0.12,2020-07-17 17:40:00
408.36652,4.73,5.083876,80471.0,0.60230285,1.58,0.18752073,0.05,2020-07-17 17:45:00
408.87277,4.74,4.9981894,76317.0,0.63754076,1.59,0.1903317,0.06,2020-07-17 17:50:00
409.04346,4.88,4.974505,83555.0,0.5830705,1.63,0.21218762,0.05,2020-07-17 17:55:00
410.28348,5.15,4.7469044,87674.0,0.5609382,1.74,0.23804612,0.06,2020-07-17 18:00:00
411.73416,4.86,4.709575,80282.0,0.61935467,1.65,0.1903317,0.04,2020-07-17 18:05:00
410.62787,5.51,5.176775,82139.0,0.60030323,1.86,0.23804612,0.05,2020-07-17 18:10:00
418.6141,5.32,4.9079933,82875.0,0.63173985,1.87,0.22788674,0.06,2020-07-17 18:15:00
429.1607,5.31,5.023445,74512.0,0.75923276,1.96,0.22271647,0.03,2020-07-17 18:20:00
430.15628,5.42,5.0700197,68720.0,0.8291835,2.01,0.23804612,0.13,2020-07-17 18:25:00
430.68423,5.5,4.505497,71811.0,0.7965282,2.04,0.2855573,0.05,2020-07-17 18:30:00
430.7084,5.56,4.735662,77478.0,0.73839635,2.06,0.32633585,0.06,2020-07-17 18:35:00
427.9531,5.6,4.70623,77570.0,0.72293234,2.05,0.3344538,0.07,2020-07-17 18:40:00
426.9048,5.33,4.8028846,74961.0,0.7424041,1.95,0.28780174,0.09,2020-07-17 18:45:00
426.26663,5.71,4.5183406,75472.0,0.7339515,2.08,0.37474835,0.11,2020-07-17 18:50:00
426.54834,5.82,4.2193484,77679.0,0.71456665,2.12,0.42488167,0.04,2020-07-17 18:55:00
427.38818,5.29,4.7732797,75077.0,0.743873,1.93,0.28330123,0.19,2020-07-17 19:00:00
423.60153,5.02,4.6172934,76418.0,0.7108506,1.8,0.2764618,0.22,2020-07-17 19:05:00
420.46384,5.14,4.6000104,82946.0,0.6399221,1.82,0.30319607,0.24,2020-07-17 19:10:00
409.25626,5.08,3.8541145,81258.0,0.6005243,1.72,0.29666522,0.09,2020-07-17 19:15:00
416.06348,5.25,2.8830192,83622.0,0.6142971,1.82,0.42813483,0.35,2020-07-17 19:20:00
404.646,5.25,2.6431043,86195.0,0.5465104,1.72,0.39967373,0.37,2020-07-17 19:25:00
392.1158,4.73,3.4134586,70850.0,0.60285705,1.46,0.2988531,0.2,2020-07-17 19:30:00
402.21872,4.49,4.189821,74052.0,0.6243232,1.46,0.2624511,0.13,2020-07-17 19:35:00
387.53363,5.38,3.8269045,102691.0,0.40098667,1.62,0.43616268,0.16,2020-07-17 19:40:00
402.27054,4.93,3.21638,73063.0,0.63302803,1.59,0.33645976,0.07,2020-07-17 19:50:00
402.96368,3.99,3.4183621,90138.0,0.5158698,1.3,0.372912,0.23,2020-07-17 19:55:00
395.5009,4.19,4.2118998,74748.0,0.5869157,1.31,0.26951295,0.23,2020-07-17 20:00:00
388.7101,4.66,4.4337454,63679.0,0.6527761,1.4,0.24551268,0.13,2020-07-17 20:05:00
381.4458,5.29,4.3310738,67896.0,0.5773132,1.54,0.35602587,0.02,2020-07-17 20:20:00
387.46442,5.61,3.9876935,73566.0,0.55942744,1.69,0.38916612,0.09,2020-07-17 20:35:00
389.28375,5.49,4.2120423,66848.0,0.6246917,1.67,0.365488,0.05,2020-07-17 20:40:00
389.899,5.48,4.1667976,70979.0,0.59123385,1.67,0.38021126,0.05,2020-07-17 20:45:00
388.66483,5.75,3.9492023,76894.0,0.54039395,1.74,0.45636603,0.06,2020-07-17 20:50:00
388.5695,5.57,4.048815,70093.0,0.5923748,1.68,0.40993312,0.05,2020-07-17 20:55:00
386.3336,5.71,3.9245381,75208.0,0.5422572,1.7,0.4502491,0.14,2020-07-17 21:00:00
386.4156,5.47,3.7547305,69053.0,0.59098125,1.63,0.40312052,0.13,2020-07-17 21:05:00
386.68988,5.33,3.889293,71480.0,0.57217795,1.6,0.37839794,0.13,2020-07-17 21:10:00
390.09796,5.28,3.8468947,65915.0,0.63766795,1.61,0.38021126,0.11,2020-07-17 21:15:00
386.6284,5.39,3.8529599,69190.0,0.59082276,1.61,0.38201708,0.1,2020-07-17 21:20:00
397.5498,5.32,3.4932077,70533.0,0.6320752,1.68,0.372912,0.05,2020-07-17 21:25:00
393.48834,5.19,4.1328564,75975.0,0.568339,1.61,0.37474835,0.07,2020-07-17 21:30:00
393.13974,5.32,4.1890097,69190.0,0.62235254,1.64,0.39269698,0.09,2020-07-17 21:35:00
397.65506,5.2,4.283013,60676.0,0.73536336,1.65,0.3424227,0.03,2020-07-17 21:40:00
398.932,5.1,4.309768,59880.0,0.7526128,1.63,0.32633585,0.05,2020-07-17 21:45:00
399.53806,5.12,4.294217,64978.0,0.6968502,1.64,0.34044415,0.08,2020-07-17 21:50:00
399.0259,4.88,4.59838,59791.0,0.7542855,1.55,0.25042,0.06,2020-07-17 21:55:00
400.105,4.9,4.474729,63568.0,0.7154583,1.57,0.26717174,0.09,2020-07-17 22:00:00
407.6005,4.75,4.6902986,63036.0,0.7644115,1.58,0.23804612,0.08,2020-07-17 22:05:00
407.36963,4.93,4.7853317,54450.0,0.8833891,1.64,0.19865711,0.04,2020-07-17 22:15:00
404.40402,4.7,4.769046,53939.0,0.87170374,1.54,0.17897695,0.11,2020-07-17 22:20:00
404.31113,4.71,4.5863056,57431.0,0.81811595,1.54,0.22788674,0.06,2020-07-17 22:25:00
397.71283,5.44,4.262558,61489.0,0.7259688,1.72,0.2787536,0.17,2020-07-17 22:30:00
399.5348,5.68,4.755818,62707.0,0.7220689,1.81,0.29003462,0.06,2020-07-17 22:35:00
401.31165,5.56,4.8065996,55883.0,0.8215127,1.79,0.26007143,0.06,2020-07-17 22:40:00
403.8429,5.11,4.906251,45106.0,1.0379115,1.67,0.17318627,0.24,2020-07-17 22:45:00
401.44794,4.86,5.216646,45150.0,1.0178769,1.57,0.10720996,0.06,2020-07-17 22:50:00
406.52942,4.81,5.313615,45422.0,1.0521854,1.59,0.08990512,0.04,2020-07-17 22:55:00
403.3032,5.1,4.89948,50507.0,0.9230709,1.66,0.21748395,0.28,2020-07-17 23:00:00
405.3071,5.08,4.8320804,50153.0,0.9440404,1.67,0.20139715,0.2,2020-07-17 23:05:00
404.33255,5.65,4.214558,67491.0,0.6962848,1.85,0.34044415,0.16,2020-07-17 23:10:00
408.23706,5.48,3.907288,76398.0,0.6337874,1.82,0.4578819,0.08,2020-07-17 23:15:00
402.34247,5.86,3.352402,80735.0,0.5731923,1.9,0.56348115,0.19,2020-07-17 23:20:00
409.83167,5.13,3.8683717,76096.0,0.6440718,1.73,0.4424798,0.23,2020-07-17 23:25:00
405.15085,5.26,3.1441534,89405.0,0.5289375,1.72,0.5538831,0.15,2020-07-17 23:30:00
407.66953,5.18,3.6894715,81851.0,0.58900756,1.72,0.50379074,0.21,2020-07-17 23:35:00
402.7733,5.66,3.1062036,88953.0,0.5219735,1.84,0.6893089,0.13,2020-07-17 23:40:00
393.04892,5.41,2.5300987,88284.0,0.48739994,1.67,0.69983774,0.27,2020-07-17 23:45:00
395.762,5.12,2.136118,95946.0,0.45818472,1.6,0.84323275,0.3,2020-07-17 23:50:00
398.33255,5.07,0.64761096,88742.0,0.5054651,1.61,0.81090426,0.31,2020-07-17 23:55:00
401.9318,4.52,3.5341477,83783.0,0.5505866,1.46,0.4913617,0.07,2020-07-18 00:00:00
419.90717,4.63,2.9940608,87210.0,0.60612905,1.63,0.6211763,0.12,2020-07-18 00:05:00
423.60947,4.3,3.2620394,83757.0,0.6486019,1.54,0.55145,0.25,2020-07-18 00:10:00
422.04553,3.74,3.6057453,74134.0,0.72440475,1.34,0.38381538,0.05,2020-07-18 00:15:00
420.89127,3.77,3.3849518,73812.0,0.7213884,1.34,0.4456042,0.08,2020-07-18 00:20:00
421.8759,3.76,3.1385345,100400.0,0.53422165,1.33,0.54777473,0.03,2020-07-18 00:25:00
424.33145,4.07,3.0632172,106567.0,0.5124822,1.47,0.6434527,0.11,2020-07-18 00:30:00
420.424,3.66,3.2792072,71276.0,0.74447674,1.29,0.4313638,0.08,2020-07-18 00:35:00
420.05847,3.67,3.352924,67472.0,0.7843229,1.3,0.4232459,0.02,2020-07-18 00:40:00
420.3366,3.75,3.2350578,69291.0,0.76530844,1.32,0.46834734,0.03,2020-07-18 00:45:00
419.91974,3.71,3.2005467,72916.0,0.7250185,1.31,0.48144266,0.03,2020-07-18 00:55:00
417.9841,3.67,3.1753109,67348.0,0.7737505,1.28,0.47129175,0.07,2020-07-18 01:00:00
417.91412,3.73,3.0332985,67237.0,0.7746239,1.3,0.51587385,0.03,2020-07-18 01:05:00
419.40994,3.59,3.0607355,71298.0,0.7386729,1.27,0.4983106,0.04,2020-07-18 01:10:00
421.4054,3.45,3.152364,66096.0,0.80867004,1.22,0.44715804,0.02,2020-07-18 01:15:00
422.44855,3.45,3.2080836,69417.0,0.77593136,1.23,0.4424798,0.01,2020-07-18 01:20:00
422.38385,3.39,3.2049026,76841.0,0.70063055,1.21,0.44870633,0.02,2020-07-18 01:25:00
420.89752,3.42,3.1512063,73282.0,0.72663945,1.21,0.46089786,0.01,2020-07-18 01:30:00
418.76193,3.62,2.9655354,83882.0,0.62484217,1.27,0.5465427,0.16,2020-07-18 01:35:00
410.8013,3.48,2.672078,82719.0,0.5968782,1.18,0.61172336,0.18,2020-07-18 01:40:00
413.91357,3.16,3.0787823,81006.0,0.6239903,1.08,0.45939252,0.02,2020-07-18 01:45:00
414.01685,3.76,2.591544,80456.0,0.6287439,1.29,0.60206,0.08,2020-07-18 01:50:00
406.86414,3.73,2.7376268,73065.0,0.6557855,1.24,0.55990666,0.05,2020-07-18 01:55:00
399.25323,4.06,2.7694404,83728.0,0.53959864,1.29,0.6627579,0.07,2020-07-18 02:00:00
402.61185,4.02,2.4787295,86934.0,0.5334299,1.31,0.6803355,0.09,2020-07-18 02:05:00
402.287,3.28,2.7840438,70422.0,0.65685177,1.06,0.48144266,0.02,2020-07-18 02:10:00
399.52618,3.38,2.949678,69358.0,0.6527832,1.08,0.4771213,0.02,2020-07-18 02:15:00
400.6644,3.41,2.746889,66873.0,0.6830632,1.1,0.52113813,0.11,2020-07-18 02:20:00
395.03873,3.34,2.8075256,67640.0,0.64623564,1.04,0.53402615,0.07,2020-07-18 02:25:00
387.95966,3.47,2.742207,71344.0,0.579149,1.04,0.56110144,0.04,2020-07-18 02:30:00
396.00247,3.2,2.7315564,62802.0,0.70131844,1.0,0.50379074,0.06,2020-07-18 02:35:00
399.60382,3.08,2.900431,61330.0,0.7386782,0.99,0.45939252,0.04,2020-07-18 02:40:00
399.80432,3.08,2.9760714,59027.0,0.76869804,0.98,0.4313638,0.03,2020-07-18 02:45:00
392.10034,3.15,2.690799,70241.0,0.60800904,0.97,0.54157925,0.1,2020-07-18 02:50:00
389.59576,3.41,2.6144788,73244.0,0.57156456,1.03,0.5932861,0.12,2020-07-18 02:55:00
394.63657,3.13,2.9348083,58880.0,0.7400306,0.98,0.44870633,0.1,2020-07-18 03:00:00
393.23685,3.2,2.755304,59651.0,0.7224305,0.99,0.5010593,0.06,2020-07-18 03:05:00
390.9213,3.13,2.6048226,60180.0,0.70303535,0.96,0.5440681,0.21,2020-07-18 03:10:00
394.41412,3.05,2.767544,56878.0,0.764735,0.95,0.47275648,0.11,2020-07-18 03:15:00
392.5406,3.13,2.6282694,61952.0,0.69177145,0.96,0.54282546,0.01,2020-07-18 03:20:00
384.43326,2.32,2.822534,41847.0,0.9597067,0.69,0.3096302,0.04,2020-07-18 03:25:00
384.43326,2.32,2.6063576,41847.0,0.9597067,0.69,0.35602587,0.03,2020-07-18 03:30:00
376.44528,3.19,2.6109195,62340.0,0.6034598,0.9,0.54530716,0.02,2020-07-18 03:35:00
385.8598,3.1,2.6001153,59271.0,0.68543804,0.92,0.55022836,0.01,2020-07-18 03:40:00
389.5172,3.13,2.652169,63510.0,0.658753,0.95,0.54282546,0.02,2020-07-18 03:45:00
373.01328,2.51,2.4797177,50530.0,0.7235751,0.7,0.43933272,0.01,2020-07-18 03:55:00
385.47598,3.26,2.5512936,67896.0,0.59651405,0.97,0.60097295,0.04,2020-07-18 04:00:00
385.17932,3.03,2.5121107,72847.0,0.5546414,0.9,0.5587086,0.06,2020-07-18 04:05:00
376.3451,3.17,2.5469983,60413.0,0.6221926,0.9,0.55990666,0.01,2020-07-18 04:10:00
380.15005,3.15,2.5612104,61376.0,0.63191223,0.91,0.5646661,0.03,2020-07-18 04:15:00
384.06567,3.13,2.5585542,62340.0,0.6423071,0.92,0.5786392,0.05,2020-07-18 04:20:00
385.79333,2.89,2.7185473,58893.0,0.6894676,0.86,0.48855072,0.09,2020-07-18 04:25:00
391.088,2.76,2.8935444,55544.0,0.7627262,0.84,0.4065402,0.05,2020-07-18 04:30:00
386.80927,2.86,2.9353876,58516.0,0.6996137,0.86,0.40823996,0.03,2020-07-18 04:35:00
389.11356,2.85,2.9216607,55178.0,0.7557827,0.86,0.39967373,0.03,2020-07-18 04:40:00
387.9679,2.78,2.9690738,54935.0,0.7521897,0.84,0.38381538,0.03,2020-07-18 04:45:00
390.02597,2.84,2.7909498,52426.0,0.80127686,0.87,0.42813483,0.12,2020-07-18 04:50:00
387.7881,2.82,2.6216216,54295.0,0.7599586,0.85,0.45178646,0.07,2020-07-18 04:55:00
390.2673,2.88,2.6057243,52941.0,0.7950117,0.88,0.46686766,0.09,2020-07-18 05:00:00
384.70172,2.9,2.5121505,54972.0,0.7321586,0.86,0.53147894,0.07,2020-07-18 05:05:00
380.27933,2.92,2.3325737,54206.0,0.7162549,0.85,0.5646661,0.1,2020-07-18 05:10:00
385.42902,2.97,2.3439713,56852.0,0.712122,0.88,0.580925,0.2,2020-07-18 05:15:00
381.41946,2.96,2.1756148,55457.0,0.70665264,0.86,0.5831988,0.08,2020-07-18 05:20:00
378.93124,3.32,1.1894537,64563.0,0.5947441,0.95,0.93399316,0.18,2020-07-18 05:25:00
387.366,3.08,1.2364465,58428.0,0.7038116,0.92,0.74663424,0.42,2020-07-18 05:30:00
375.04413,3.43,1.2750294,66216.0,0.56157875,0.97,1.3057812,0.19,2020-07-18 05:40:00
374.95062,3.39,1.4862368,69546.0,0.53427446,0.95,1.0906107,0.08,2020-07-18 05:45:00
374.85086,3.42,1.5603204,64651.0,0.5742507,0.96,1.0350293,0.11,2020-07-18 05:50:00
375.25574,3.44,1.6812496,60071.0,0.62011373,0.97,0.91539985,0.08,2020-07-18 05:55:00
372.2089,3.07,1.2056948,60546.0,0.599831,0.85,0.7151674,0.36,2020-07-18 06:00:00
371.1701,3.15,1.746024,60579.0,0.59431106,0.87,0.91275334,0.3,2020-07-18 06:05:00
374.32663,3.27,1.0020978,60942.0,0.6065519,0.92,1.0207754,0.22,2020-07-18 06:10:00
368.95615,3.1,1.754138,63269.0,0.558543,0.85,0.8621314,0.07,2020-07-18 06:15:00
366.47034,3.27,1.3865424,68302.0,0.5066111,0.88,0.90579593,0.08,2020-07-18 06:20:00
364.02347,3.33,1.0328116,66084.0,0.5128078,0.89,1.0115705,0.08,2020-07-18 06:25:00
366.70517,3.54,0.7574959,66634.0,0.5203293,0.95,1.5358003,0.24,2020-07-18 06:30:00
366.88644,3.44,0.9144944,65352.0,0.53135335,0.92,1.4154743,0.11,2020-07-18 06:35:00
369.3199,3.49,0.9559289,66486.0,0.53315026,0.95,1.486147,0.14,2020-07-18 06:40:00
371.56577,3.48,0.77794605,64147.0,0.5631188,0.96,1.5499837,0.15,2020-07-18 06:45:00
371.0539,3.48,0.70689464,63460.0,0.56677747,0.96,1.7118073,0.23,2020-07-18 06:50:00
370.32117,3.29,0.94053173,60946.0,0.5865365,0.9,1.363612,0.54,2020-07-18 06:55:00
372.52524,3.1,2.072607,52650.0,0.6916153,0.86,0.73639655,0.04,2020-07-18 07:00:00
371.8826,3.04,1.9402062,56011.0,0.6466292,0.84,0.7403627,0.11,2020-07-18 07:05:00
365.16034,3.14,2.1849716,57087.0,0.59941757,0.84,0.6848454,0.03,2020-07-18 07:10:00
364.70193,3.09,2.31903,55544.0,0.6136649,0.82,0.6242821,0.06,2020-07-18 07:15:00
364.8556,3.0,2.387509,56121.0,0.6081525,0.8,0.5998831,0.01,2020-07-18 07:20:00
364.3568,3.14,2.2559478,54582.0,0.6226429,0.84,0.6589649,0.03,2020-07-18 07:25:00
363.11108,3.34,2.3331523,51452.0,0.6535156,0.88,0.6766936,0.04,2020-07-18 07:30:00
365.9828,2.96,2.3128338,54814.0,0.62866145,0.79,0.58994967,0.03,2020-07-18 07:35:00
365.1675,3.1,2.420124,53008.0,0.6455827,0.83,0.5854607,0.07,2020-07-18 07:50:00
364.19278,3.18,2.475601,53473.0,0.6346658,0.85,0.59106463,0.04,2020-07-18 07:55:00
363.37146,3.21,2.50074,49833.0,0.6762547,0.85,0.5786392,0.02,2020-07-18 08:00:00
363.05493,3.3,2.5223203,50600.0,0.66419953,0.87,0.5831988,0.02,2020-07-18 08:05:00
362.76993,3.32,2.489277,51356.0,0.6528242,0.87,0.59659714,0.03,2020-07-18 08:15:00
362.15808,3.35,2.4614832,51420.0,0.6485944,0.88,0.61172336,0.01,2020-07-18 08:20:00
361.67456,3.24,2.515035,47771.0,0.6952399,0.85,0.57170886,0.02,2020-07-18 08:25:00
361.28305,3.34,2.4904819,52294.0,0.63296974,0.87,0.59659714,0.01,2020-07-18 08:30:00
361.29453,3.37,2.5545254,49258.0,0.67204905,0.88,0.5831988,0.04,2020-07-18 08:35:00
370.47726,3.62,1.9456105,59147.0,0.6051698,0.99,0.7489629,0.05,2020-07-18 08:45:00
368.5007,3.8,2.1634693,68769.0,0.5118999,1.03,0.7671559,0.09,2020-07-18 08:50:00
363.60406,3.54,2.3052332,61514.0,0.5489319,0.94,0.6748612,0.06,2020-07-18 08:55:00
364.70016,3.6,2.3845544,59560.0,0.57227826,0.96,0.5843312,0.19,2020-07-18 09:00:00
368.82224,3.84,2.8111565,61654.0,0.57252645,1.05,0.5797836,0.05,2020-07-18 09:05:00
368.13702,3.97,2.8526127,65072.0,0.53932256,1.08,0.5854607,0.03,2020-07-18 09:10:00
372.83972,4.1,2.723986,66787.0,0.5466531,1.14,0.6434527,0.07,2020-07-18 09:15:00
372.4581,4.06,2.7344835,62577.0,0.58157337,1.13,0.60852605,0.09,2020-07-18 09:20:00
366.52872,4.17,2.515174,63315.0,0.5467853,1.12,0.72263396,0.09,2020-07-18 09:25:00
366.3394,4.2,2.44569,62361.0,0.5542578,1.13,0.73957235,0.05,2020-07-18 09:30:00
369.02786,4.33,2.177269,69352.0,0.5098605,1.18,0.8627275,0.06,2020-07-18 09:35:00
369.00717,4.05,2.056745,52105.0,0.6785082,1.1,0.8221681,0.16,2020-07-18 09:40:00
366.4194,4.23,2.3988748,76245.0,0.45363742,1.14,0.7923917,0.01,2020-07-18 09:50:00
366.81396,4.21,2.4087758,66046.0,0.5254468,1.13,0.7641762,0.02,2020-07-18 09:55:00
366.5099,4.1,2.4253247,63441.0,0.5456121,1.1,0.74741185,0.1,2020-07-18 10:00:00
367.9214,4.23,2.4534261,63253.0,0.5538211,1.15,0.7339993,0.05,2020-07-18 10:05:00
367.8379,4.22,2.4485505,64288.0,0.54451996,1.14,0.73479986,0.07,2020-07-18 10:10:00
368.92874,4.33,2.4118044,63684.0,0.5547749,1.18,0.7419391,0.02,2020-07-18 10:15:00
371.18927,4.42,2.138551,62439.0,0.5766998,1.22,0.7450748,0.07,2020-07-18 10:20:00
366.83508,4.34,2.231636,59271.0,0.5856131,1.17,0.69983774,0.04,2020-07-18 10:25:00
367.3178,4.37,2.5465467,61249.0,0.5690259,1.18,0.6910815,0.04,2020-07-18 10:30:00
368.01312,4.43,2.675145,62474.0,0.56116223,1.2,0.6608655,0.1,2020-07-18 10:35:00
366.11804,4.29,2.6176515,60473.0,0.5704877,1.15,0.65609825,0.1,2020-07-18 10:40:00
367.82028,4.33,2.4872675,65092.0,0.5377142,1.17,0.71933126,0.06,2020-07-18 10:45:00
369.94086,4.41,2.2321737,65864.0,0.54100704,1.21,0.7781513,0.04,2020-07-18 10:50:00
368.95013,4.22,2.2101133,64979.0,0.54381675,1.15,0.75815463,0.11,2020-07-18 10:55:00
365.36523,4.24,2.2557926,61925.0,0.55355287,1.13,0.75434834,0.07,2020-07-18 11:00:00
368.3042,4.41,2.248066,61613.0,0.5704062,1.2,0.7715875,0.25,2020-07-18 11:05:00
369.12314,4.43,2.440676,62832.0,0.56322056,1.21,0.72672725,0.1,2020-07-18 11:10:00
369.89423,4.4,1.8579558,65995.0,0.53972137,1.2,0.9454686,0.15,2020-07-18 11:15:00
373.5376,4.31,2.1470213,62108.0,0.5912681,1.2,0.83695674,0.24,2020-07-18 11:20:00
360.8489,3.83,2.3841982,57740.0,0.57112664,1.0,0.66558105,0.11,2020-07-18 11:25:00
361.01303,3.91,2.3417516,63510.0,0.5199742,1.02,0.70927,0.11,2020-07-18 11:35:00
361.01303,3.91,2.3441417,63510.0,0.5199742,1.02,0.6384893,0.14,2020-07-18 11:40:00
363.21945,3.81,2.3467636,55211.0,0.6095875,1.01,0.6493349,0.1,2020-07-18 11:45:00
362.8352,3.95,2.3705697,60029.0,0.55881685,1.04,0.6848454,0.12,2020-07-18 11:55:00
360.30807,3.68,2.4872675,53288.0,0.61595917,0.95,0.5658479,0.08,2020-07-18 12:00:00
359.45956,3.95,2.4936118,50693.0,0.64275557,1.02,0.61700034,0.07,2020-07-18 12:05:00
361.20782,3.84,2.511633,59093.0,0.5597798,1.0,0.6053051,0.07,2020-07-18 12:10:00
359.86285,3.85,2.4153054,57463.0,0.56901205,1.0,0.6354838,0.09,2020-07-18 12:15:00
371.66943,3.97,1.8383417,62802.0,0.57567847,1.1,0.6812413,0.04,2020-07-18 12:20:00
375.69968,4.13,1.8685824,40678.0,0.91912603,1.16,0.56229293,0.07,2020-07-18 12:25:00
370.59348,3.74,1.9341923,45074.0,0.79489166,1.03,0.48144266,0.04,2020-07-18 12:30:00
376.0072,3.64,1.4945567,31175.0,1.2023597,1.03,0.43933272,0.07,2020-07-18 12:35:00
370.78748,3.78,1.5922939,40984.0,0.8756432,1.04,0.5010593,0.09,2020-07-18 12:40:00
367.73572,3.85,2.0157878,52621.0,0.66467464,1.04,0.56110144,0.08,2020-07-18 12:45:00
367.6031,3.61,1.7528548,52493.0,0.6655476,0.98,0.61700034,0.13,2020-07-18 12:50:00
352.1427,3.35,2.4977188,50817.0,0.601425,0.83,0.48855072,0.16,2020-07-18 12:55:00
347.7792,3.42,2.8673682,48083.0,0.6114231,0.83,0.4771213,0.06,2020-07-18 13:00:00
348.752,3.57,2.8422174,46938.0,0.6318082,0.87,0.4927604,0.08,2020-07-18 13:05:00
348.03476,3.56,2.9662433,43130.0,0.68319863,0.86,0.45331836,0.01,2020-07-18 13:10:00
346.92923,3.66,2.941615,48116.0,0.60636705,0.88,0.47275648,0.03,2020-07-18 13:25:00
357.61835,4.23,2.6775734,53216.0,0.6025717,1.08,0.6294097,0.03,2020-07-18 13:30:00
360.94107,4.17,2.8618524,51160.0,0.6450952,1.08,0.5670264,0.1,2020-07-18 13:35:00
360.2938,3.92,3.0928628,47094.0,0.69688684,1.02,0.46538287,0.04,2020-07-18 13:40:00
360.18057,4.06,2.9805536,49504.0,0.66231203,1.05,0.51587385,0.03,2020-07-18 13:45:00
366.2899,4.04,2.8171973,48634.0,0.7103989,1.08,0.53907615,0.05,2020-07-18 13:50:00
362.09167,3.97,2.8493333,56650.0,0.5883793,1.04,0.57518786,0.01,2020-07-18 13:55:00
350.88544,3.97,2.7857497,51232.0,0.589948,0.98,0.56348115,0.01,2020-07-18 14:10:00
356.6737,4.25,2.8770294,49141.0,0.64718896,1.08,0.5550945,0.04,2020-07-18 14:15:00
356.3124,3.98,2.8321548,44432.0,0.7135248,1.01,0.5587086,0.03,2020-07-18 14:20:00
356.3124,3.98,2.771065,44432.0,0.7135248,1.01,0.57170886,0.05,2020-07-18 14:25:00
349.07895,3.96,2.8830018,46086.0,0.6453683,0.96,0.54157925,0.03,2020-07-18 14:30:00
346.8548,4.4,2.8030696,49141.0,0.5933229,1.06,0.6074551,0.01,2020-07-18 14:35:00
346.8044,4.24,2.7137613,47432.0,0.61442256,1.02,0.56110144,0.03,2020-07-18 14:40:00
358.00607,4.35,2.5117526,50183.0,0.64114964,1.12,0.56348115,0.06,2020-07-18 14:45:00
362.6406,4.5,2.4850957,47076.0,0.71138686,1.18,0.5820634,0.03,2020-07-18 14:50:00
352.03735,4.42,2.716229,49225.0,0.6202979,1.09,0.5888318,0.07,2020-07-18 14:55:00
348.1986,4.24,2.74454,45995.0,0.64158195,1.03,0.54157925,0.02,2020-07-18 15:00:00
355.23636,4.45,2.4975786,46452.0,0.6761008,1.12,0.55630255,0.04,2020-07-18 15:05:00
358.75006,4.76,2.9953797,49484.0,0.65442204,1.23,0.5575072,0.08,2020-07-18 15:20:00
360.81006,4.59,2.9912205,44722.0,0.7371272,1.19,0.5465427,0.07,2020-07-18 15:25:00
359.81503,5.06,2.9294538,45421.0,0.7195705,1.31,0.61909336,0.04,2020-07-18 15:30:00
355.46262,4.7,3.1029503,47561.0,0.66164607,1.19,0.5490033,0.01,2020-07-18 15:35:00
361.40317,4.79,2.8331254,52930.0,0.62601143,1.25,0.6242821,0.06,2020-07-18 15:40:00
348.7453,4.39,3.1449008,50530.0,0.5868599,1.07,0.5118834,0.03,2020-07-18 15:50:00
346.55893,4.32,3.172917,48454.0,0.60013884,1.04,0.4983106,0.03,2020-07-18 15:55:00
346.29352,4.14,3.130575,45090.0,0.64337665,0.99,0.48144266,0.02,2020-07-18 16:00:00
346.22137,4.39,3.2448113,43203.0,0.67104226,1.05,0.46982205,0.04,2020-07-18 16:20:00
346.08826,4.43,3.2234452,45459.0,0.6369774,1.06,0.4771213,0.04,2020-07-18 16:25:00
344.32324,4.17,3.1477134,45423.0,0.6274161,0.99,0.43456894,0.04,2020-07-18 16:30:00
348.67426,3.89,2.7820315,42841.0,0.6917493,0.95,0.372912,0.03,2020-07-18 16:35:00
361.4127,4.54,3.4362042,39171.0,0.84597045,1.18,0.41830128,0.02,2020-07-18 16:40:00
357.3591,4.69,3.1278906,40811.0,0.78395903,1.2,0.49968714,0.06,2020-07-18 16:45:00
359.2646,4.8,3.2326615,39084.0,0.8322643,1.24,0.48287362,0.07,2020-07-18 16:50:00
358.6886,4.75,3.4746654,40293.0,0.80326986,1.22,0.43775058,0.02,2020-07-18 16:55:00
356.8018,4.67,3.494138,43856.0,0.72599155,1.19,0.4329693,0.07,2020-07-18 17:00:00
355.36298,4.65,3.583546,39135.0,0.80340093,1.17,0.40312052,0.02,2020-07-18 17:05:00
355.25345,4.6,3.5875478,36304.0,0.86521983,1.16,0.38916612,0.01,2020-07-18 17:10:00
354.23932,4.61,3.4886243,38637.0,0.80577296,1.16,0.41664052,0.03,2020-07-18 17:15:00
347.9127,4.55,3.4324627,39550.0,0.7442275,1.1,0.41664052,0.03,2020-07-18 17:20:00
347.65283,4.46,3.518821,38302.0,0.7666914,1.08,0.39794004,0.01,2020-07-18 17:30:00
347.00494,4.55,3.3329566,41395.0,0.70529723,1.09,0.41830128,0.03,2020-07-18 17:35:00
347.40768,4.47,3.1595414,37998.0,0.77113,1.08,0.39967373,0.04,2020-07-18 17:40:00
349.9091,4.72,3.00015,38087.0,0.7867036,1.16,0.42160395,0.05,2020-07-18 17:45:00
347.96246,4.43,3.3346815,36143.0,0.8147443,1.07,0.37839794,0.06,2020-07-18 17:50:00
346.16895,4.31,3.1528559,32680.0,0.8867007,1.03,0.35602587,0.06,2020-07-18 17:55:00
344.07632,4.44,3.4218707,34487.0,0.8245294,1.05,0.37839794,0.04,2020-07-18 18:00:00
345.4357,4.46,3.462456,34106.0,0.8440372,1.06,0.376577,0.05,2020-07-18 18:05:00
347.61224,4.67,3.0492785,37643.0,0.77983,1.13,0.41161972,0.06,2020-07-18 18:10:00
348.43884,4.56,3.2218938,36418.0,0.8120431,1.11,0.40140057,0.12,2020-07-18 18:15:00
346.81226,4.78,3.4512315,37553.0,0.7761122,1.15,0.40823996,0.06,2020-07-18 18:20:00
351.02286,5.02,3.1208012,42333.0,0.7148342,1.24,0.49968714,0.26,2020-07-18 18:25:00
354.02448,5.07,2.801571,44005.0,0.70614487,1.27,0.6031444,0.16,2020-07-18 18:30:00
357.25888,5.09,2.6141348,42807.0,0.74675244,1.3,0.5763414,0.18,2020-07-18 18:35:00
355.14917,5.21,2.6751823,45022.0,0.69704264,1.31,0.6314438,0.22,2020-07-18 18:40:00
356.53616,5.41,2.8066173,45486.0,0.6983545,1.38,0.61909336,0.06,2020-07-18 18:45:00
355.79453,4.88,2.86688,41346.0,0.7633173,1.24,0.4927604,0.07,2020-07-18 18:50:00
355.46353,5.29,2.7801797,45202.0,0.69618165,1.34,0.5854607,0.21,2020-07-18 18:55:00
355.07623,5.5,2.790663,47376.0,0.66198474,1.39,0.67209786,0.08,2020-07-18 19:00:00
353.95416,5.36,2.9516773,49040.0,0.63325244,1.34,0.6404815,0.08,2020-07-18 19:05:00
354.61716,5.17,3.0149794,47737.0,0.6543381,1.3,0.6063814,0.08,2020-07-18 19:10:00
354.0374,5.4,3.0645878,45073.0,0.6894913,1.35,0.5998831,0.03,2020-07-18 19:15:00
353.83878,5.3,3.219829,44222.0,0.70153296,1.33,0.5440681,0.03,2020-07-18 19:20:00
352.24097,5.34,3.0848339,45333.0,0.6747661,1.32,0.5728716,0.05,2020-07-18 19:25:00
352.61234,5.4,2.9667995,46308.0,0.66272956,1.34,0.59106463,0.06,2020-07-18 19:30:00
349.6096,5.58,3.0420551,44730.0,0.66808426,1.36,0.6314438,0.04,2020-07-18 19:35:00
349.45462,5.82,3.0604901,47433.0,0.6291441,1.42,0.64836,0.03,2020-07-18 19:40:00
350.85477,5.76,2.9091065,45858.0,0.6589032,1.42,0.6454223,0.03,2020-07-18 19:45:00
349.62177,5.86,2.9666312,47443.0,0.6299486,1.43,0.70070374,0.11,2020-07-18 19:50:00
350.367,5.82,2.163423,51379.0,0.5855584,1.43,0.8394781,0.08,2020-07-18 19:55:00
356.0125,4.93,2.9313138,50188.0,0.6300379,1.25,0.510545,0.32,2020-07-18 20:00:00
355.51892,4.88,3.4114661,47912.0,0.6571229,1.23,0.46686766,0.05,2020-07-18 20:05:00
349.97375,5.03,3.4909742,44201.0,0.6782746,1.23,0.46239802,0.04,2020-07-18 20:10:00
349.8985,5.2,3.3755147,45727.0,0.6552004,1.28,0.51454777,0.19,2020-07-18 20:15:00
349.0028,5.26,3.328378,51107.0,0.581569,1.28,0.5132176,0.09,2020-07-18 20:20:00
355.70554,4.87,3.6708856,43426.0,0.7261904,1.23,0.39093512,0.09,2020-07-18 20:25:00
358.3036,4.98,3.790897,37878.0,0.8516321,1.28,0.365488,0.07,2020-07-18 20:30:00
358.70917,4.92,3.996761,44467.0,0.72799885,1.27,0.32837963,0.11,2020-07-18 20:35:00
357.00943,5.08,3.9174738,45880.0,0.6952223,1.3,0.37106785,0.03,2020-07-18 20:40:00
354.10126,5.18,3.988358,48797.0,0.6372296,1.3,0.37106785,0.03,2020-07-18 20:45:00
355.2146,5.2,4.134659,46418.0,0.6764671,1.32,0.3443923,0.13,2020-07-18 20:50:00
355.41245,5.25,4.204676,43627.0,0.7209922,1.33,0.30103,0.11,2020-07-18 20:55:00
356.63107,5.26,4.214926,43248.0,0.7351018,1.34,0.32221928,0.09,2020-07-18 21:00:00
354.20374,5.41,4.428307,44795.0,0.6947855,1.35,0.29446626,0.24,2020-07-18 21:05:00
352.78586,5.44,4.8120375,41161.0,0.74674374,1.36,0.21484385,0.1,2020-07-18 21:10:00
353.64194,5.5,4.594355,41690.0,0.742852,1.38,0.28780174,0.51,2020-07-18 21:15:00
350.84482,4.93,4.3556633,42838.0,0.70529246,1.21,0.25767857,0.13,2020-07-18 21:20:00
351.62885,4.87,4.2299647,41389.0,0.7350745,1.21,0.27415785,0.22,2020-07-18 21:25:00
352.19727,4.96,3.6998782,39677.0,0.770657,1.23,0.39093512,0.2,2020-07-18 21:30:00
353.07257,4.93,3.7371647,42626.0,0.722905,1.23,0.39619938,0.22,2020-07-18 21:35:00
351.55466,4.87,3.9167717,44860.0,0.67775345,1.2,0.3598355,0.23,2020-07-18 21:40:00
354.16034,5.22,2.9687877,44950.0,0.6921256,1.31,0.5998831,0.54,2020-07-18 21:45:00
356.4803,5.58,2.670468,47094.0,0.6741805,1.42,0.7664129,0.07,2020-07-18 21:50:00
351.16064,5.23,2.8748217,41021.0,0.738599,1.29,0.56937397,0.26,2020-07-18 22:00:00
352.13965,5.24,3.166528,39845.0,0.767017,1.3,0.53655845,0.18,2020-07-18 22:05:00
352.6303,5.03,3.3361654,35599.0,0.8622306,1.25,0.47421628,0.03,2020-07-18 22:10:00
353.1368,5.02,3.3587053,35954.0,0.8575404,1.25,0.47129175,0.07,2020-07-18 22:15:00
355.85565,5.44,3.3011665,44384.0,0.71144986,1.38,0.54777473,0.12,2020-07-18 22:20:00
352.31638,5.01,3.3360605,35388.0,0.8649701,1.25,0.44870633,0.26,2020-07-18 22:25:00
351.21472,4.87,3.2056513,34848.0,0.86985177,1.2,0.4913617,0.38,2020-07-18 22:30:00
352.9497,5.08,3.1415122,39142.0,0.78639764,1.27,0.55990666,0.17,2020-07-18 22:35:00
353.22382,5.18,2.9675746,41014.0,0.7523202,1.29,0.5526682,0.21,2020-07-18 22:40:00
356.322,5.24,2.9812415,45266.0,0.70043725,1.33,0.61909336,0.13,2020-07-18 22:45:00
353.3513,4.86,2.764507,34892.0,0.8853128,1.21,0.4456042,0.12,2020-07-18 22:50:00
354.07324,5.05,3.0360172,38447.0,0.8085737,1.27,0.55145,0.16,2020-07-18 22:55:00
353.86432,4.94,3.203951,34842.0,0.8905966,1.24,0.48000696,0.16,2020-07-18 23:00:00
351.65363,4.74,3.280625,32763.0,0.92881227,1.17,0.46982205,0.05,2020-07-18 23:05:00
352.70923,4.87,3.1644747,34202.0,0.89807427,1.21,0.510545,0.03,2020-07-18 23:10:00
351.81277,4.72,3.1344056,33411.0,0.9120818,1.17,0.4983106,0.04,2020-07-18 23:15:00
351.52893,4.75,3.1502063,36019.0,0.84391826,1.17,0.50515,0.05,2020-07-18 23:20:00
351.32596,4.75,3.1029341,33127.0,0.91594446,1.17,0.518514,0.02,2020-07-18 23:25:00
347.31876,5.07,2.6371386,40772.0,0.71809226,1.23,0.70243055,0.28,2020-07-18 23:30:00
346.82877,5.41,1.4685367,41995.0,0.69412225,1.3,0.8247765,0.15,2020-07-18 23:35:00
344.4408,5.62,1.4275154,48942.0,0.58292305,1.34,1.0640835,0.17,2020-07-18 23:40:00
345.81995,5.65,1.5244671,49156.0,0.58765006,1.35,1.0835027,0.06,2020-07-18 23:45:00
343.91348,5.66,1.471394,51064.0,0.55604094,1.34,1.1376706,0.11,2020-07-18 23:50:00
345.02716,5.81,1.8996315,49790.0,0.57603705,1.38,1.0899051,0.23,2020-07-18 23:55:00
347.7271,5.19,2.1976578,48719.0,0.6031599,1.25,0.8739016,0.1,2020-07-19 00:00:00
348.33673,5.1,1.9405669,49487.0,0.59704596,1.24,0.8881795,0.1,2020-07-19 00:05:00
347.1407,5.59,2.2592256,47432.0,0.6162791,1.35,0.8954226,0.02,2020-07-19 00:20:00
343.0258,5.0,1.291743,39338.0,0.7160035,1.18,0.77232176,0.33,2020-07-19 00:35:00
344.32443,5.16,1.4954264,42320.0,0.6734268,1.23,0.69897,0.25,2020-07-19 00:40:00
345.51675,5.02,1.4508619,39141.0,0.73599964,1.2,0.69460523,0.14,2020-07-19 00:45:00
347.23624,5.14,1.5707959,40963.0,0.71421546,1.24,0.6821451,0.28,2020-07-19 00:50:00
351.0237,4.52,3.1306548,35482.0,0.8528636,1.11,0.4297523,0.2,2020-07-19 00:55:00
353.71997,4.02,3.6505616,26616.0,1.1643667,1.01,0.28780174,0.04,2020-07-19 01:00:00
353.22205,3.99,3.574647,26804.0,1.1511408,1.0,0.30319607,0.07,2020-07-19 01:05:00
349.4289,4.18,3.3922853,27386.0,1.0894383,1.02,0.372912,0.11,2020-07-19 01:10:00
346.1078,4.71,3.2280335,30625.0,0.9456798,1.13,0.4756712,0.1,2020-07-19 01:15:00
346.82343,4.55,3.205776,31508.0,0.92510676,1.1,0.47129175,0.08,2020-07-19 01:20:00
345.8077,4.65,3.151603,32283.0,0.89469206,1.11,0.4983106,0.06,2020-07-19 01:25:00
347.01758,4.45,3.2265925,32144.0,0.90838385,1.07,0.4578819,0.04,2020-07-19 01:30:00
347.8409,4.32,3.3507311,28259.0,1.0409178,1.05,0.39794004,0.07,2020-07-19 01:35:00
342.14682,3.9,2.7388136,24906.0,1.1219015,0.91,0.42813483,0.18,2020-07-19 01:40:00
342.8042,4.57,2.94017,32818.0,0.8565282,1.07,0.5403295,0.11,2020-07-19 01:45:00
344.20657,4.74,2.896291,31638.0,0.89983773,1.12,0.5646661,0.03,2020-07-19 01:50:00
342.10233,4.81,2.8247657,33852.0,0.82508487,1.12,0.60959446,0.11,2020-07-19 01:55:00
340.00076,4.72,2.544209,35298.0,0.7762508,1.09,0.6972294,0.17,2020-07-19 02:00:00
339.3009,4.73,2.601615,36434.0,0.7472389,1.09,0.6683859,0.12,2020-07-19 02:05:00
340.10214,4.87,2.7482722,31524.0,0.8699892,1.13,0.6063814,0.07,2020-07-19 02:10:00
342.2006,4.99,2.818865,27107.0,1.0313114,1.17,0.6063814,0.09,2020-07-19 02:15:00
343.0312,5.13,2.425799,33197.0,0.84849626,1.21,0.7664129,0.16,2020-07-19 02:20:00
344.11246,5.0,2.2739835,34806.0,0.8172396,1.19,0.7895807,0.07,2020-07-19 02:25:00
344.01065,5.01,1.9987496,33552.0,0.8470033,1.19,0.80550086,0.08,2020-07-19 02:30:00
343.13107,4.73,2.304322,35872.0,0.78593516,1.11,0.7209858,0.17,2020-07-19 02:35:00
343.61667,4.79,2.230112,36373.0,0.77852964,1.13,0.7234557,0.01,2020-07-19 02:40:00
348.31433,4.65,2.3341165,33218.0,0.8892801,1.13,0.6785184,0.06,2020-07-19 02:45:00
345.41882,4.85,1.9903266,37222.0,0.77326185,1.16,0.85491306,0.26,2020-07-19 02:50:00
343.91733,4.98,2.1069648,40418.0,0.7025252,1.18,0.8162413,0.19,2020-07-19 02:55:00
344.71228,4.69,2.2420304,34883.0,0.8198687,1.11,0.6794279,0.08,2020-07-19 03:00:00
348.82373,4.79,2.0986903,34915.0,0.8499153,1.17,0.7299743,0.12,2020-07-19 03:05:00
347.2558,4.7,1.8809838,39079.0,0.7487791,1.13,0.8142476,0.18,2020-07-19 03:10:00
343.50955,5.04,1.8400272,41279.0,0.685336,1.19,0.84385544,0.23,2020-07-19 03:15:00
344.61172,5.15,1.5995936,42106.0,0.678609,1.22,0.89042103,0.21,2020-07-19 03:20:00
347.4105,4.98,1.5723549,43899.0,0.6674897,1.2,0.8331471,0.2,2020-07-19 03:25:00
354.6107,4.65,2.3899164,35652.0,0.87609,1.17,0.64836,0.08,2020-07-19 03:30:00
354.7379,4.52,2.441905,30030.0,1.0412675,1.14,0.6589649,0.32,2020-07-19 03:35:00
351.66104,4.83,2.1851087,34262.0,0.888234,1.19,0.8299467,0.49,2020-07-19 03:40:00
349.0387,4.82,2.9487116,29418.0,1.0106658,1.17,0.54530716,0.35,2020-07-19 03:45:00
350.93323,4.6,3.3251317,20931.0,1.4446051,1.13,0.38738984,0.08,2020-07-19 03:50:00
349.92288,4.8,3.4488692,18954.0,1.5810304,1.18,0.39269698,0.01,2020-07-19 03:55:00
349.92288,4.8,3.398529,18954.0,1.5810304,1.18,0.40993312,0.02,2020-07-19 04:00:00
350.12692,4.66,3.40912,20264.0,1.4815079,1.14,0.39269698,0.01,2020-07-19 04:05:00
347.4197,4.86,3.1819806,25713.0,1.1396785,1.17,0.48429987,0.16,2020-07-19 04:10:00
346.22964,4.97,2.9191952,27674.0,1.0476692,1.19,0.55990666,0.04,2020-07-19 04:15:00
343.9274,5.35,2.7112727,31537.0,0.9004423,1.27,0.6812413,0.04,2020-07-19 04:25:00
345.43134,5.21,2.713319,31590.0,0.911225,1.25,0.666518,0.06,2020-07-19 04:30:00
344.52454,5.22,2.7603261,33051.0,0.86384714,1.24,0.6627579,0.04,2020-07-19 04:35:00
342.93402,5.37,2.6161995,33522.0,0.8395291,1.26,0.7209858,0.03,2020-07-19 04:40:00
342.9463,5.38,2.6976657,34620.0,0.81299335,1.26,0.70070374,0.08,2020-07-19 04:45:00
341.2694,5.44,2.4778419,34597.0,0.8012146,1.26,0.77742684,0.04,2020-07-19 04:50:00
342.13492,5.26,2.63323,32004.0,0.87298626,1.23,0.70842093,0.13,2020-07-19 04:55:00
341.3747,5.42,2.565872,34220.0,0.8108198,1.26,0.73957235,0.02,2020-07-19 05:00:00
341.6825,5.51,2.518134,30963.0,0.8986274,1.29,0.7611759,0.02,2020-07-19 05:05:00
342.90295,5.51,2.5670412,26932.0,1.0446591,1.3,0.7259117,0.06,2020-07-19 05:10:00
342.49652,5.6,2.5905404,27884.0,1.0052749,1.31,0.7331973,0.07,2020-07-19 05:15:00
344.36984,5.34,2.6163526,24647.0,1.1567789,1.27,0.69460523,0.05,2020-07-19 05:20:00
342.1809,5.64,2.507369,28924.0,0.96635145,1.32,0.7701153,0.01,2020-07-19 05:25:00
341.68503,5.63,2.4824584,29668.0,0.9378741,1.31,0.76789767,0.04,2020-07-19 05:30:00
341.38843,5.54,2.5091434,25425.0,1.0914347,1.29,0.74663424,0.01,2020-07-19 05:35:00
341.58893,5.55,2.497939,26490.0,1.0494711,1.3,0.7551123,0.02,2020-07-19 05:40:00
340.36118,5.46,2.393115,30603.0,0.89829814,1.27,0.7874605,0.04,2020-07-19 05:45:00
342.29663,5.41,2.3710334,34174.0,0.8187564,1.27,0.79726756,0.04,2020-07-19 05:50:00
343.02188,5.51,2.2415173,34753.0,0.8104379,1.29,0.81954396,0.02,2020-07-19 05:55:00
342.9577,5.68,2.4010205,41847.0,0.6726586,1.34,0.84385544,0.01,2020-07-19 06:00:00
343.8862,5.75,2.2554376,46757.0,0.6071105,1.36,0.85612446,0.02,2020-07-19 06:05:00
341.02298,5.32,2.2565682,32776.0,0.8438296,1.24,0.8615344,0.14,2020-07-19 06:10:00
338.74164,5.43,2.223758,34854.0,0.77711165,1.24,0.8149132,0.18,2020-07-19 06:15:00
335.57928,5.59,2.650547,31621.0,0.8319169,1.26,0.7032914,0.12,2020-07-19 06:20:00
344.32214,5.48,2.61874,37911.0,0.75173,1.3,0.6901961,0.16,2020-07-19 06:25:00
336.52756,6.04,2.1442015,34602.0,0.7669538,1.37,0.88309336,0.23,2020-07-19 06:30:00
335.23822,6.15,1.9246298,37268.0,0.7036305,1.38,1.058426,0.11,2020-07-19 06:35:00
340.21768,5.71,2.0538256,35029.0,0.7837663,1.32,0.92737037,0.12,2020-07-19 06:40:00
339.1658,5.71,2.129695,38215.0,0.7115315,1.31,0.8597386,0.17,2020-07-19 06:45:00
336.6726,5.9,1.1957006,40327.0,0.65895706,1.34,1.4055172,0.44,2020-07-19 06:50:00
336.0662,5.99,1.6006248,41571.0,0.6356605,1.35,1.1872387,0.18,2020-07-19 06:55:00
336.76306,5.83,2.1337526,38614.0,0.6887655,1.32,0.924796,0.14,2020-07-19 07:00:00
338.27094,5.84,2.0379157,40512.0,0.6656907,1.34,0.9420081,0.05,2020-07-19 07:05:00
337.22394,5.92,2.0994284,40271.0,0.6632432,1.35,0.952308,0.05,2020-07-19 07:10:00
337.25098,5.83,2.0366886,40875.0,0.65360564,1.33,1.0047512,0.2,2020-07-19 07:15:00
337.14166,5.81,2.1971118,37987.0,0.7025873,1.32,0.9036325,0.05,2020-07-19 07:20:00
337.6883,5.75,2.351021,41213.0,0.6508656,1.31,0.877947,0.08,2020-07-19 07:25:00
337.15784,5.82,2.4272618,39554.0,0.6748539,1.32,0.8280151,0.06,2020-07-19 07:30:00
337.04904,5.66,2.4291768,35334.0,0.75469416,1.29,0.8122447,0.04,2020-07-19 07:35:00
336.73425,5.7,2.494554,34822.0,0.76356643,1.29,0.7846173,0.04,2020-07-19 07:40:00
337.53516,5.66,2.3269937,36315.0,0.73760915,1.29,0.79934055,0.08,2020-07-19 07:45:00
338.40387,5.71,2.3978531,40898.0,0.66021484,1.31,0.8698182,0.07,2020-07-19 08:10:00
340.15695,5.8,2.3724458,38725.0,0.70856816,1.34,0.8488047,0.06,2020-07-19 08:20:00
339.33353,5.64,2.4653397,41847.0,0.65077674,1.3,0.8286599,0.11,2020-07-19 08:25:00
339.33115,5.65,2.3536568,35394.0,0.76940894,1.3,0.8149132,0.2,2020-07-19 08:30:00
339.35287,5.54,2.6535447,30946.0,0.8801747,1.27,0.71683776,0.01,2020-07-19 08:40:00
339.6433,5.65,2.6103065,33462.0,0.8161652,1.3,0.7387806,0.11,2020-07-19 08:45:00
340.4654,5.94,2.6629684,36142.0,0.7613533,1.38,0.7520485,0.05,2020-07-19 08:50:00
339.01758,6.37,2.1149468,43010.0,0.6313461,1.47,0.9542425,0.2,2020-07-19 08:55:00
339.21948,6.51,2.4545062,41979.0,0.6480519,1.5,0.8388491,0.16,2020-07-19 09:00:00
338.7295,6.68,2.4670224,42663.0,0.6347989,1.53,0.8573325,0.16,2020-07-19 09:05:00
340.8152,6.6,2.7392883,40039.0,0.6894511,1.53,0.8169038,0.28,2020-07-19 09:10:00
340.11578,7.04,3.0837314,43454.0,0.6312183,1.63,0.71600336,0.01,2020-07-19 09:25:00
339.80377,7.03,3.729209,41544.0,0.65835524,1.62,0.55022836,0.09,2020-07-19 09:30:00
340.10306,7.37,3.3697624,41847.0,0.65538204,1.7,0.6702459,0.13,2020-07-19 09:35:00
339.90353,7.23,3.3096979,42854.0,0.63881344,1.67,0.664642,0.06,2020-07-19 09:40:00
340.0045,7.02,3.2901065,43378.0,0.6316805,1.62,0.6304279,0.11,2020-07-19 09:45:00
339.90045,7.31,3.1053822,41348.0,0.662062,1.69,0.66558105,0.16,2020-07-19 09:50:00
339.4029,7.54,2.9746091,43603.0,0.6249658,1.74,0.7535831,0.08,2020-07-19 09:55:00
338.81918,7.52,3.0192382,40818.0,0.6640395,1.73,0.6857418,0.14,2020-07-19 10:00:00
339.8158,7.47,2.9858665,39043.0,0.7006051,1.72,0.677607,0.06,2020-07-19 10:05:00
340.43362,7.58,3.0821745,38227.0,0.719618,1.76,0.69983774,0.05,2020-07-19 10:10:00
340.44043,7.64,3.3345764,37424.0,0.7351044,1.77,0.64738303,0.1,2020-07-19 10:15:00
342.1265,7.51,3.3289938,34779.0,0.80326974,1.76,0.61909336,0.05,2020-07-19 10:20:00
340.8286,7.7,2.941054,37236.0,0.74144155,1.79,0.6374898,0.09,2020-07-19 10:25:00
341.0264,7.75,3.0381079,39285.0,0.7040403,1.8,0.6702459,0.23,2020-07-19 10:30:00
345.81277,8.1,3.6518624,34508.0,0.83704257,1.94,0.61172336,0.03,2020-07-19 11:10:00
345.98016,9.87,3.9392512,37852.0,0.76424533,2.37,0.61804813,0.22,2020-07-19 11:15:00
344.97818,8.51,3.9065459,36444.0,0.78663725,2.03,0.56937397,0.23,2020-07-19 11:20:00
346.68735,10.53,3.8838897,42508.0,0.68487525,2.53,0.65030754,0.07,2020-07-19 11:25:00
344.5338,10.51,3.432987,43517.0,0.6561437,2.49,0.72672725,0.17,2020-07-19 11:30:00
345.09723,10.69,3.4139276,41912.0,0.68474466,2.55,0.74663424,0.03,2020-07-19 11:35:00
345.97708,10.23,3.6294491,38464.0,0.75206447,2.45,0.70500803,0.39,2020-07-19 11:40:00
344.61847,11.08,4.261467,42486.0,0.6725806,2.63,0.6053051,0.13,2020-07-19 11:50:00
344.67767,8.54,4.29893,34558.0,0.8273206,2.03,0.4941546,0.19,2020-07-19 11:55:00
339.24338,8.0,4.0576963,39340.0,0.6916761,1.84,0.65321255,0.41,2020-07-19 12:00:00
341.93478,9.21,3.504554,40614.0,0.6866649,2.16,0.6866363,0.25,2020-07-19 12:05:00
345.2122,8.29,3.9666612,33563.0,0.8559661,1.97,0.5289167,0.08,2020-07-19 12:10:00
344.2798,9.14,4.035418,36540.0,0.77963674,2.17,0.570543,0.07,2020-07-19 12:15:00
345.083,8.74,4.584954,36630.0,0.7833835,2.08,0.510545,0.17,2020-07-19 12:20:00
343.00058,10.87,4.782656,41530.0,0.67805696,2.56,0.53019977,0.02,2020-07-19 12:25:00
343.00058,10.87,4.6766977,41530.0,0.67805696,2.56,0.5352942,0.06,2020-07-19 12:30:00
344.311,11.08,4.353183,41847.0,0.68095607,2.63,0.6201361,0.03,2020-07-19 12:40:00
342.97263,11.86,4.2660756,45808.0,0.6145774,2.79,0.6954817,0.15,2020-07-19 12:45:00
342.49396,11.85,4.176901,44607.0,0.62838626,2.78,0.6866363,0.04,2020-07-19 12:50:00
342.45825,11.83,4.273301,43498.0,0.6441981,2.77,0.664642,0.1,2020-07-19 12:55:00
343.16257,11.73,4.392061,41639.0,0.6772767,2.76,0.6294097,0.02,2020-07-19 13:00:00
342.55334,12.03,4.037685,44366.0,0.6321408,2.82,0.7315888,0.05,2020-07-19 13:20:00
347.0157,12.41,3.6526837,41474.0,0.7040218,2.99,0.7058637,0.09,2020-07-19 13:25:00
349.87738,12.14,4.249294,38420.0,0.7796649,2.97,0.66370094,0.02,2020-07-19 13:35:00
347.67764,11.88,4.0185695,39455.0,0.7444514,2.87,0.6866363,0.04,2020-07-19 13:40:00
346.8653,11.65,4.2414856,38803.0,0.75146824,2.8,0.65705585,0.06,2020-07-19 13:45:00
346.82535,11.72,4.2419925,39478.0,0.7383548,2.82,0.65609825,0.1,2020-07-19 13:50:00
344.38464,12.62,3.3955412,40632.0,0.7017853,3.0,0.8864907,0.22,2020-07-19 13:55:00
341.6507,12.36,3.3759887,38521.0,0.7221033,2.89,0.9036325,0.33,2020-07-19 14:00:00
337.71698,11.12,3.7558222,33561.0,0.7994762,2.54,0.70927,0.21,2020-07-19 14:05:00
338.3166,11.39,3.5518165,31701.0,0.8510707,2.61,0.7323938,0.15,2020-07-19 14:10:00
342.004,12.87,2.3455915,41670.0,0.66968536,3.01,1.0951694,0.21,2020-07-19 14:15:00
341.09253,13.27,2.2365599,42166.0,0.6563326,3.09,1.2024884,0.37,2020-07-19 14:20:00
341.00723,12.79,2.194493,41847.0,0.6608212,2.97,1.1574569,0.05,2020-07-19 14:25:00
342.26358,12.64,1.5515798,41488.0,0.6742137,2.96,1.2027607,0.31,2020-07-19 14:30:00
337.83307,12.02,3.3600447,39960.0,0.6721706,2.74,0.8864907,0.23,2020-07-19 14:40:00
328.27777,11.51,3.1724753,35386.0,0.69419813,2.48,0.83632416,0.11,2020-07-19 14:50:00
330.82574,11.23,3.207538,37413.0,0.67258203,2.46,0.7895807,0.09,2020-07-19 14:55:00
329.75726,11.14,3.1705048,36162.0,0.68887734,2.42,0.79934055,0.13,2020-07-19 15:00:00
328.22195,11.59,3.2068365,33969.0,0.7227737,2.5,0.8450981,0.12,2020-07-19 15:05:00
327.2745,11.78,3.2808077,34167.0,0.71214753,2.52,0.8488047,0.1,2020-07-19 15:10:00
327.38684,11.67,3.0173168,34336.0,0.7093999,2.5,0.92012334,0.19,2020-07-19 15:15:00
328.8734,12.05,3.0923293,35725.0,0.6915021,2.61,0.9380191,0.03,2020-07-19 15:20:00
328.95807,11.62,2.9907525,33390.0,0.7404528,2.51,0.9268567,0.02,2020-07-19 15:25:00
330.1063,11.7,3.232352,33990.0,0.7353149,2.55,0.8954226,0.15,2020-07-19 15:30:00
328.33307,11.54,3.109598,31727.0,0.7746644,2.49,0.8981765,0.05,2020-07-19 15:40:00
328.37253,11.64,3.1384869,33127.0,0.7422034,2.51,0.9132839,0.04,2020-07-19 15:55:00
327.93808,11.21,3.4115245,32564.0,0.7519302,2.41,0.87621784,0.25,2020-07-19 16:10:00
327.93808,11.21,3.195841,32564.0,0.7519302,2.41,0.87621784,0.03,2020-07-19 16:15:00
329.06744,11.21,3.2409103,32155.0,0.7696879,2.42,0.8419848,0.06,2020-07-19 16:30:00
329.0686,11.27,3.220233,33608.0,0.7364194,2.44,0.8744818,0.04,2020-07-19 16:35:00
328.81625,11.27,2.0748253,29994.0,0.8231831,2.44,0.8573325,0.29,2020-07-19 16:40:00
327.7349,10.9,1.8182135,28789.0,0.8488886,2.34,0.97081167,0.25,2020-07-19 16:50:00
323.9209,10.88,1.8725383,28476.0,0.82750905,2.28,0.9827234,0.13,2020-07-19 16:55:00
323.02603,10.73,1.4192251,29080.0,0.8033729,2.24,0.96707976,0.09,2020-07-19 17:00:00
324.25256,10.65,1.3089691,28139.0,0.84009165,2.24,0.948413,0.1,2020-07-19 17:05:00
322.50162,10.92,1.7961626,30469.0,0.7628811,2.27,1.1192559,0.1,2020-07-19 17:10:00
324.59042,10.71,1.8503243,29149.0,0.8136162,2.26,1.0034605,0.28,2020-07-19 17:15:00
329.7538,10.79,1.6836271,29473.0,0.84519273,2.35,0.8597386,0.09,2020-07-19 17:20:00
329.73074,10.94,1.7627819,29557.0,0.8426072,2.38,0.8621314,0.09,2020-07-19 17:25:00
325.13727,10.91,2.5531354,28361.0,0.8406157,2.31,1.0145205,0.09,2020-07-19 17:30:00
326.32675,10.68,3.3577523,30192.0,0.7986641,2.28,0.8337844,0.34,2020-07-19 17:35:00
325.65222,9.29,3.714512,19500.0,1.2286379,1.97,0.60959446,0.12,2020-07-19 17:40:00
326.66595,9.32,3.7441955,19690.0,1.2286125,1.99,0.5998831,0.05,2020-07-19 17:45:00
325.0952,9.22,3.6851323,19328.0,1.2329835,1.95,0.61489725,0.16,2020-07-19 17:50:00
326.24905,8.98,3.2896657,18107.0,1.3307228,1.91,0.6211763,0.24,2020-07-19 18:00:00
327.5183,8.94,3.9804647,18740.0,1.3014095,1.92,0.53655845,0.01,2020-07-19 18:10:00
327.5183,8.94,4.0277786,18740.0,1.3014095,1.92,0.53147894,0.02,2020-07-19 18:15:00
327.67358,8.65,3.9035625,18107.0,1.3488942,1.86,0.5490033,0.05,2020-07-19 18:25:00
323.86102,9.94,3.4210086,23219.0,1.014281,2.08,0.74115163,0.22,2020-07-19 18:30:00
324.361,9.83,3.4897993,24079.0,0.98276305,2.07,0.69810057,0.09,2020-07-19 18:35:00
322.6686,9.61,3.4105864,22609.0,1.0297542,2.0,0.673942,0.11,2020-07-19 18:40:00
326.08676,10.36,2.6312165,27477.0,0.87557244,2.21,0.83122975,0.31,2020-07-19 18:45:00
325.5272,10.54,2.8357186,26170.0,0.9143989,2.23,0.8175654,0.11,2020-07-19 18:50:00
327.74005,11.19,3.03768,29016.0,0.8422889,2.4,0.91062444,0.06,2020-07-19 18:55:00
329.3607,10.45,3.0914884,29247.0,0.84856683,2.27,0.80618,0.17,2020-07-19 19:00:00
329.75217,9.97,3.3387723,29717.0,0.8382401,2.17,0.75663614,0.06,2020-07-19 19:05:00
329.81506,10.24,3.292628,28760.0,0.86664724,2.23,0.75281644,0.05,2020-07-19 19:10:00
330.99112,10.62,3.0953028,29362.0,0.858337,2.33,0.77232176,0.06,2020-07-19 19:15:00
331.24268,10.97,2.7014625,28288.0,0.89303464,2.41,0.8182259,0.04,2020-07-19 19:20:00
330.6744,11.95,2.648509,29628.0,0.84809977,2.62,0.9222063,0.12,2020-07-19 19:25:00
336.70508,12.19,3.0564194,30539.0,0.8704196,2.76,0.877947,0.12,2020-07-19 19:30:00
340.58575,12.37,3.5016854,25944.0,1.0617915,2.87,0.75434834,0.19,2020-07-19 19:35:00
344.3775,10.19,3.5041118,32199.0,0.88552755,2.42,0.6222141,0.09,2020-07-19 19:40:00
342.02518,9.82,2.579651,37812.0,0.7381563,2.3,0.6304279,0.23,2020-07-19 19:45:00
345.22644,8.98,2.8096619,39986.0,0.7185635,2.14,0.5646661,0.11,2020-07-19 19:50:00
337.2195,10.46,2.316916,36612.0,0.72949773,2.38,0.73078233,0.25,2020-07-19 19:55:00
343.3094,9.5,2.1169317,41445.0,0.6813536,2.24,0.69983774,0.3,2020-07-19 20:00:00
340.50458,9.34,1.5654392,40476.0,0.6800744,2.17,0.6344773,0.18,2020-07-19 20:05:00
339.11752,9.44,1.7334936,36834.0,0.7378815,2.17,0.56110144,0.15,2020-07-19 20:10:00
341.40167,9.91,2.4611583,40903.0,0.67850965,2.31,0.63948655,0.09,2020-07-19 20:15:00
343.3399,10.14,3.3067958,41320.0,0.6836039,2.39,0.7032914,0.2,2020-07-19 20:20:00
339.04126,10.57,3.3571565,45717.0,0.5940919,2.43,0.7923917,0.26,2020-07-19 20:25:00
341.95206,10.23,3.8233626,40802.0,0.6836086,2.39,0.6493349,0.2,2020-07-19 20:30:00
341.5773,9.5,3.853453,38542.0,0.7212274,2.22,0.5987905,0.37,2020-07-19 20:35:00
343.1118,8.81,4.5447774,35358.0,0.79722077,2.08,0.4313638,0.08,2020-07-19 20:40:00
346.17395,8.9,4.65157,36903.0,0.7852662,2.14,0.43616268,0.1,2020-07-19 20:45:00
349.28116,10.11,4.361571,40413.0,0.73729,2.46,0.5763414,0.06,2020-07-19 20:50:00
348.978,9.86,4.4486966,39032.0,0.7613156,2.4,0.54777473,0.13,2020-07-19 20:55:00
351.03586,8.14,4.275734,32232.0,0.93896,2.0,0.46538287,0.29,2020-07-19 21:00:00
353.15637,8.08,4.379349,31185.0,0.9888512,2.01,0.44404483,0.37,2020-07-19 21:05:00
351.06732,8.04,4.5822372,32545.0,0.93018913,1.98,0.38381538,0.2,2020-07-19 21:10:00
354.2014,8.1,4.32613,30699.0,1.0137877,2.03,0.45484486,0.05,2020-07-19 21:15:00
352.83597,8.43,4.610824,31205.0,0.985429,2.1,0.40140057,0.15,2020-07-19 21:20:00
351.1743,9.06,4.5597696,34507.0,0.8781328,2.23,0.46538287,0.2,2020-07-19 21:25:00
352.28854,8.34,4.8180804,31301.0,0.97766954,2.07,0.37839794,0.15,2020-07-19 21:30:00
351.72235,8.89,4.107627,30398.0,1.001684,2.2,0.519828,0.23,2020-07-19 21:35:00
349.46313,7.52,4.504453,36427.0,0.8192949,1.84,0.4065402,0.15,2020-07-19 21:40:00
350.12582,8.04,4.33532,39004.0,0.7696901,1.97,0.47275648,0.03,2020-07-19 21:45:00
349.9349,7.74,4.388952,38595.0,0.7765269,1.89,0.45484486,0.1,2020-07-19 21:50:00
349.89474,7.99,4.0362606,39336.0,0.7616267,1.96,0.5263393,0.02,2020-07-19 21:55:00
346.1265,8.3,4.0668783,43068.0,0.6725718,1.99,0.53781915,0.06,2020-07-19 22:00:00
346.9821,9.22,4.3311543,39285.0,0.7430265,2.22,0.53019977,0.14,2020-07-19 22:05:00
346.71368,8.48,4.531865,39153.0,0.7437377,2.04,0.44715804,0.11,2020-07-19 22:10:00
343.41684,7.34,4.3821115,41260.0,0.68507576,1.74,0.41830128,0.11,2020-07-19 22:15:00
345.0385,6.47,4.6953063,42715.0,0.67151636,1.54,0.31597033,0.13,2020-07-19 22:20:00
346.01077,6.56,4.5891175,38804.0,0.74570096,1.57,0.31806332,0.1,2020-07-19 22:25:00
342.4484,6.7,4.4400225,44674.0,0.6271841,1.57,0.3944517,0.05,2020-07-19 22:30:00
342.48108,6.54,4.5393944,42560.0,0.6585325,1.53,0.35410845,0.04,2020-07-19 22:35:00
341.9757,6.27,4.494819,43874.0,0.6358801,1.47,0.3443923,0.05,2020-07-19 22:40:00
340.44595,6.0,4.5102882,46393.0,0.59301907,1.39,0.33041382,0.05,2020-07-19 22:45:00
339.2264,5.84,4.597543,49561.0,0.5489457,1.35,0.3138672,0.07,2020-07-19 22:50:00
339.7064,5.52,4.549879,46562.0,0.58688015,1.27,0.2855573,0.06,2020-07-19 22:55:00
338.9017,5.62,4.4434896,50679.0,0.5352378,1.29,0.32428244,0.02,2020-07-19 23:00:00
337.65686,5.6,4.2805023,53825.0,0.4982137,1.28,0.34830487,0.04,2020-07-19 23:05:00
349.90436,6.49,1.0863701,35151.0,0.8523773,1.59,0.40823996,0.05,2020-07-19 23:10:00
350.83533,6.16,4.1373787,34877.0,0.86620903,1.52,0.37839794,0.06,2020-07-19 23:15:00
352.32245,5.51,4.335043,33627.0,0.91031635,1.37,0.2922561,0.02,2020-07-19 23:20:00
351.63193,5.1,4.2877736,33821.0,0.89958394,1.26,0.26951295,0.06,2020-07-19 23:25:00
348.4828,5.31,4.141147,34595.0,0.8551698,1.29,0.3201463,0.06,2020-07-19 23:30:00
348.0468,5.47,4.031935,36425.0,0.8090469,1.32,0.36172783,0.03,2020-07-19 23:35:00
346.60492,5.35,4.0249968,35554.0,0.81822395,1.29,0.346353,0.1,2020-07-19 23:40:00
347.40085,5.3,3.870142,37389.0,0.7836424,1.28,0.35602587,0.09,2020-07-19 23:45:00
347.01468,4.9,3.8829627,34974.0,0.8348583,1.18,0.33645976,0.03,2020-07-19 23:50:00
344.4424,5.26,3.8159401,36342.0,0.78503746,1.25,0.376577,0.11,2020-07-19 23:55:00
344.93375,5.4,3.816923,36873.0,0.77717334,1.29,0.41830128,0.09,2020-07-20 00:00:00
339.72357,5.46,3.9254174,44252.0,0.6176132,1.26,0.3944517,0.02,2020-07-20 00:05:00
343.2858,4.87,4.0586452,41800.0,0.6754225,1.15,0.2764618,0.14,2020-07-20 00:10:00
348.12384,4.71,4.084079,38934.0,0.75743157,1.14,0.26481783,0.14,2020-07-20 00:15:00
348.0974,4.65,4.2692738,32496.0,0.907277,1.12,0.22530928,0.1,2020-07-20 00:20:00
346.8922,4.9,4.3656497,33949.0,0.8591201,1.18,0.21484385,0.04,2020-07-20 00:25:00
345.9968,4.85,4.10781,34735.0,0.8329506,1.16,0.24303806,0.11,2020-07-20 00:30:00
346.91138,5.06,4.1961293,33709.0,0.86538565,1.22,0.26007143,0.05,2020-07-20 00:35:00
344.98175,4.67,4.394974,31720.0,0.9038187,1.11,0.19312459,0.11,2020-07-20 00:40:00
344.26266,4.35,4.654525,28338.0,1.0051349,1.03,0.11394334,0.02,2020-07-20 00:45:00
343.2477,4.39,4.684613,27143.0,1.039786,1.04,0.1105897,0.07,2020-07-20 00:50:00
343.35736,4.59,4.429763,30078.0,0.93925756,1.08,0.18469143,0.09,2020-07-20 00:55:00
345.43655,4.78,4.4353805,31369.0,0.917688,1.14,0.20951504,0.02,2020-07-20 01:00:00
344.5839,4.85,4.4296837,32159.0,0.8882841,1.15,0.21748395,0.05,2020-07-20 01:05:00
343.9564,5.08,4.3440766,30465.0,0.93237174,1.2,0.25042,0.08,2020-07-20 01:10:00
343.6857,4.94,4.3173833,30256.0,0.93651426,1.17,0.23552847,0.08,2020-07-20 01:15:00
345.12094,4.93,2.8327725,36142.0,0.7942327,1.18,0.23044895,0.18,2020-07-20 01:20:00
349.37125,4.9,4.6405816,32533.0,0.91660875,1.2,0.17897695,0.06,2020-07-20 01:25:00
347.67676,3.93,2.2738733,45406.0,0.64687717,0.95,0.73798734,0.04,2020-07-20 04:45:00
347.99326,3.79,1.9627787,40316.0,0.7306135,0.92,0.8375884,0.14,2020-07-20 04:50:00
348.38947,4.04,1.5732132,47114.0,0.6274132,0.98,1.1152776,0.08,2020-07-20 04:55:00
349.83798,3.93,1.6917151,41672.0,0.7185694,0.96,0.978637,0.09,2020-07-20 05:00:00
351.02072,3.98,2.2446382,44097.0,0.6862258,0.98,0.7419391,0.28,2020-07-20 05:05:00
350.9801,3.83,1.6643918,45843.0,0.6598522,0.94,0.8241258,0.45,2020-07-20 05:10:00
352.66257,3.66,2.573111,48531.0,0.6326531,0.91,0.48855072,0.76,2020-07-20 05:15:00
351.10803,3.84,3.0325072,47757.0,0.6341256,0.95,0.4771213,0.39,2020-07-20 05:20:00
349.1702,3.7,3.6207595,36122.0,0.82405853,0.9,0.2787536,0.02,2020-07-20 05:25:00
349.67575,3.64,3.7611701,31171.0,0.9592576,0.89,0.23044895,0.01,2020-07-20 05:30:00
349.79816,3.37,3.7178757,30857.0,0.97007537,0.83,0.20412001,0.05,2020-07-20 05:35:00
348.12704,3.1,3.900218,36173.0,0.81526786,0.75,0.14612804,0.04,2020-07-20 05:40:00
349.30414,2.92,3.8476486,33004.0,0.90298766,0.71,0.12057395,0.02,2020-07-20 05:45:00
348.58722,3.09,3.76497,36020.0,0.8221045,0.75,0.17318627,0.02,2020-07-20 05:50:00
350.32977,3.17,3.6622531,37637.0,0.7990929,0.78,0.21218762,0.02,2020-07-20 05:55:00
348.93314,3.08,3.4015436,36760.0,0.80804634,0.75,0.30535138,0.46,2020-07-20 06:00:00
349.03214,3.43,2.3392735,43402.0,0.6849919,0.83,0.59659714,0.05,2020-07-20 06:05:00
348.55002,3.3,2.394786,41329.0,0.71626145,0.8,0.5646661,0.05,2020-07-20 06:10:00
351.35123,3.35,2.5917368,40842.0,0.74309,0.83,0.5403295,0.04,2020-07-20 06:15:00
353.14935,3.24,2.5016994,37335.0,0.8259118,0.81,0.5440681,0.07,2020-07-20 06:20:00
351.64734,3.18,2.2803948,44494.0,0.68388945,0.79,0.6374898,0.09,2020-07-20 06:25:00
349.54178,3.01,2.3955166,39127.0,0.7632931,0.74,0.5587086,0.05,2020-07-20 06:30:00
347.87912,2.92,2.258163,43863.0,0.67084676,0.71,0.6404815,0.21,2020-07-20 06:35:00
353.74377,3.14,2.5865421,45097.0,0.68734676,0.79,0.46089786,0.08,2020-07-20 06:40:00
347.78766,3.17,2.869338,32048.0,0.9174139,0.77,0.34830487,0.1,2020-07-20 06:45:00
353.8239,3.34,2.6655955,42423.0,0.7311868,0.83,0.46834734,0.13,2020-07-20 06:50:00
352.18066,3.39,2.9191952,40643.0,0.75222987,0.84,0.4199558,0.13,2020-07-20 06:55:00
353.7795,3.42,3.0510817,51878.0,0.59769124,0.86,0.43616268,0.03,2020-07-20 07:00:00
355.9228,3.31,2.9843256,48593.0,0.65020776,0.84,0.43616268,0.04,2020-07-20 07:05:00
355.65958,3.32,2.9215405,46998.0,0.6707278,0.84,0.44870633,0.06,2020-07-20 07:10:00
353.67075,3.86,2.8698606,48376.0,0.6403456,0.97,0.5550945,0.04,2020-07-20 07:15:00
354.79272,3.82,2.8691638,46478.0,0.6730991,0.96,0.5237465,0.01,2020-07-20 07:20:00
357.75046,3.91,2.5440323,44518.0,0.72113204,1.0,0.6304279,0.22,2020-07-20 07:25:00
356.24548,4.06,2.3811972,48662.0,0.65111995,1.03,0.69810057,0.1,2020-07-20 07:30:00
356.76102,4.14,2.3696623,47504.0,0.6700016,1.05,0.70927,0.17,2020-07-20 07:35:00
357.4543,4.14,2.0862887,49786.0,0.6431667,1.06,0.83569056,0.11,2020-07-20 07:40:00
356.87488,4.21,2.172395,51298.0,0.62106496,1.07,0.81888545,0.09,2020-07-20 07:45:00
359.07953,4.15,2.4487138,47501.0,0.6836927,1.07,0.70500803,0.03,2020-07-20 07:50:00
359.0389,4.24,2.281162,45281.0,0.7169598,1.09,0.7596679,0.03,2020-07-20 07:55:00
358.4153,4.29,2.3348022,47029.0,0.6865858,1.1,0.75815463,0.06,2020-07-20 08:00:00
358.91022,4.34,2.2300448,50154.0,0.64657736,1.12,0.80413944,0.01,2020-07-20 08:05:00
358.65216,4.35,2.2163258,41987.0,0.7706175,1.12,0.7795965,0.04,2020-07-20 08:10:00
359.0377,4.3,2.1610415,47979.0,0.67663586,1.11,0.80753505,0.05,2020-07-20 08:15:00
359.48038,4.31,2.1490695,45107.0,0.72248375,1.12,0.8169038,0.05,2020-07-20 08:20:00
358.76096,4.3,2.050829,49942.0,0.6484818,1.1,0.8633229,0.07,2020-07-20 08:25:00
357.30685,4.21,2.0435998,52510.0,0.60901916,1.08,0.8790959,0.08,2020-07-20 08:30:00
357.85736,4.51,2.1558526,50353.0,0.63815916,1.16,0.8567289,0.03,2020-07-20 08:35:00
357.20258,4.49,2.074295,44597.0,0.71642816,1.15,0.87040395,0.04,2020-07-20 08:40:00
359.18307,4.42,1.9465867,49497.0,0.6567115,1.14,0.94101423,0.07,2020-07-20 08:45:00
357.22403,4.29,1.624223,50202.0,0.6365589,1.09,1.0948204,0.09,2020-07-20 08:50:00
357.0922,4.32,1.6977632,45523.0,0.70118016,1.1,1.0228406,0.11,2020-07-20 08:55:00
358.90088,4.36,2.0778112,46329.0,0.6999033,1.12,0.8633229,0.04,2020-07-20 09:00:00
359.49646,4.44,1.9894974,49122.0,0.6635238,1.15,0.9180303,0.12,2020-07-20 09:05:00
361.2206,4.28,2.2048357,48119.0,0.6875186,1.12,0.806858,0.03,2020-07-20 09:10:00
360.41318,4.3,2.0754037,45053.0,0.7292088,1.12,0.8426092,0.03,2020-07-20 09:15:00
359.97485,4.32,2.0635164,45268.0,0.7230015,1.12,0.8615344,0.06,2020-07-20 09:20:00
358.72382,4.4,1.833412,44953.0,0.72021997,1.13,0.96988165,0.12,2020-07-20 09:25:00
358.3506,4.42,1.7416371,37501.0,0.86054486,1.13,0.9921115,0.02,2020-07-20 09:30:00
357.0549,4.6,1.699441,37671.0,0.84705615,1.17,1.0350293,0.03,2020-07-20 09:35:00
358.17426,4.34,1.7080106,36650.0,0.8791784,1.12,0.99299514,0.08,2020-07-20 09:40:00
358.6805,4.19,1.5525786,35707.0,0.9063736,1.08,1.0406023,0.04,2020-07-20 09:45:00
358.61017,4.25,1.5399026,36739.0,0.8803756,1.1,1.1136092,0.08,2020-07-20 09:50:00
360.09195,4.44,1.7927353,36148.0,0.90632904,1.15,0.96567196,0.05,2020-07-20 09:55:00
361.02994,4.42,1.8533753,32645.0,1.0117439,1.15,0.9242793,0.03,2020-07-20 10:00:00
359.27777,4.41,1.8096961,35780.0,0.90922123,1.14,0.948413,0.05,2020-07-20 10:05:00
356.5415,4.11,2.0415926,38230.0,0.83093995,1.05,0.8331471,0.11,2020-07-20 10:10:00
354.10626,4.21,2.0756924,38320.0,0.81148916,1.05,0.8331471,0.07,2020-07-20 10:15:00
355.33908,4.28,2.2885804,38608.0,0.81419694,1.08,0.7512791,0.02,2020-07-20 10:20:00
355.39893,4.43,2.2379677,36839.0,0.85374194,1.12,0.77232176,0.06,2020-07-20 10:25:00
355.4347,4.3,2.359555,31087.0,1.0120261,1.09,0.69196516,0.09,2020-07-20 10:30:00
355.86047,4.31,2.4338448,30359.0,1.0401635,1.09,0.6748612,0.05,2020-07-20 10:35:00
355.3549,4.19,2.386839,31472.0,0.99894726,1.05,0.6848454,0.03,2020-07-20 10:40:00
354.4807,4.27,2.3367927,30864.0,1.0108455,1.07,0.7151674,0.04,2020-07-20 10:45:00
355.45438,4.26,2.42858,29814.0,1.0554196,1.08,0.6618127,0.08,2020-07-20 10:50:00
354.473,4.12,2.432653,30027.0,1.0389522,1.04,0.6608655,0.01,2020-07-20 10:55:00
353.5524,4.06,2.285454,32678.0,0.94697034,1.02,0.70927,0.05,2020-07-20 11:00:00
352.4291,4.11,2.3811553,31594.0,0.96980655,1.02,0.6884199,0.11,2020-07-20 11:05:00
351.61618,4.19,2.369346,31649.0,0.96118635,1.03,0.6972294,0.05,2020-07-20 11:10:00
350.26584,4.2,2.4592886,32495.0,0.9250154,1.03,0.6757783,0.13,2020-07-20 11:15:00
351.9707,3.93,2.394264,32303.0,0.94468534,0.97,0.6444386,0.07,2020-07-20 11:20:00
349.6755,4.2,2.1618743,31256.0,0.95664674,1.03,0.74429303,0.13,2020-07-20 11:25:00
350.16528,4.22,2.0613346,34076.0,0.8813101,1.03,0.8095597,0.09,2020-07-20 11:30:00
347.95926,4.35,2.031871,38485.0,0.7651413,1.06,0.87621784,0.14,2020-07-20 11:35:00
347.47064,4.73,1.865851,40344.0,0.72669864,1.14,0.9804579,0.01,2020-07-20 11:40:00
350.23676,4.31,2.1827047,37728.0,0.7965067,1.06,0.7944881,0.08,2020-07-20 11:45:00
348.1453,4.23,2.3987913,42288.0,0.697491,1.03,0.7315888,0.09,2020-07-20 11:50:00
349.20068,4.09,2.5854595,39109.0,0.7613271,0.99,0.6138419,0.09,2020-07-20 11:55:00
352.27945,4.11,2.8208156,38444.0,0.7959521,1.02,0.5490033,0.03,2020-07-20 12:00:00
353.4195,3.86,2.7551043,37157.0,0.83184594,0.97,0.53781915,0.08,2020-07-20 12:05:00
352.1015,3.75,2.7840438,36925.0,0.827393,0.93,0.51719594,0.19,2020-07-20 12:10:00
351.05923,3.63,3.131597,38163.0,0.7931987,0.9,0.40823996,0.08,2020-07-20 12:15:00
351.4364,3.47,2.9731128,45789.0,0.6633077,0.86,0.4502491,0.05,2020-07-20 12:20:00
347.4243,3.52,3.0424662,49056.0,0.59739393,0.85,0.44715804,0.09,2020-07-20 12:25:00
347.9563,3.62,2.978758,49146.0,0.59914714,0.88,0.48144266,0.06,2020-07-20 12:30:00
348.82117,3.63,3.0326886,48922.0,0.60655975,0.88,0.45484486,0.05,2020-07-20 12:35:00
351.9415,3.6,3.0641475,50210.0,0.60761374,0.9,0.43775058,0.05,2020-07-20 12:40:00
350.456,3.9,2.9849455,53384.0,0.5640119,0.96,0.53019977,0.04,2020-07-20 12:45:00
350.456,3.9,2.7891395,53384.0,0.5640119,0.96,0.5538831,0.09,2020-07-20 12:50:00
354.14774,3.83,2.2552605,47334.0,0.65719354,0.96,0.7331973,0.19,2020-07-20 12:55:00
353.24442,3.83,2.3540816,45474.0,0.6786572,0.96,0.673942,0.11,2020-07-20 13:00:00
353.2466,4.01,2.000625,46099.0,0.6694692,1.0,0.82020146,0.11,2020-07-20 13:05:00
353.94696,3.94,2.0741503,41183.0,0.7540182,0.99,0.76267856,0.17,2020-07-20 13:10:00
354.1431,3.96,2.023487,34869.0,0.8920913,1.0,0.7846173,0.07,2020-07-20 13:15:00
352.3944,4.19,1.9211714,42081.0,0.7278979,1.04,0.8773714,0.13,2020-07-20 13:20:00
353.18597,4.12,1.7251667,44874.0,0.6873773,1.03,0.97220284,0.08,2020-07-20 13:25:00
357.44238,3.75,2.004445,48880.0,0.65501976,0.96,0.79726756,0.1,2020-07-20 13:30:00
352.6626,3.96,1.1394736,43831.0,0.7004928,0.98,1.1682028,0.17,2020-07-20 13:35:00
355.5928,3.87,1.5508063,48985.0,0.64314467,0.98,0.96754795,0.1,2020-07-20 13:40:00
355.1855,3.97,1.7114029,46500.0,0.6751019,1.0,0.9489018,0.13,2020-07-20 13:45:00
355.06708,3.75,1.6960542,47518.0,0.6599535,0.94,0.87215626,0.24,2020-07-20 13:50:00
356.42014,3.68,1.0572606,40639.0,0.7808555,0.94,0.9420081,0.42,2020-07-20 13:55:00
356.93192,3.55,0.87840766,36974.0,0.86209893,0.9,0.8976271,0.11,2020-07-20 14:00:00
356.3474,3.78,1.0223013,37317.0,0.84982795,0.96,0.952308,0.17,2020-07-20 14:05:00
355.48938,3.75,1.5562454,37209.0,0.84592235,0.95,1.0700378,0.14,2020-07-20 14:10:00
354.0368,3.89,1.7381887,33981.0,0.9145486,0.97,0.9334873,0.02,2020-07-20 14:15:00
351.7368,3.56,1.6335543,38579.0,0.7893692,0.88,0.95568776,0.06,2020-07-20 14:20:00
352.08737,3.71,1.5237454,40574.0,0.7528877,0.92,1.0588055,0.14,2020-07-20 14:25:00
353.8183,3.71,1.4216892,37435.0,0.82857245,0.93,1.0704074,0.09,2020-07-20 14:30:00
354.02817,4.07,1.3156747,34025.0,0.9132965,1.02,1.1829851,0.09,2020-07-20 14:35:00
350.42023,4.22,1.0440785,35878.0,0.83894426,1.04,1.3939261,0.13,2020-07-20 14:40:00
347.31845,3.97,0.7447147,38169.0,0.76706165,0.96,1.476252,0.13,2020-07-20 14:45:00
346.27875,4.04,1.195366,37378.0,0.776018,0.97,1.2720739,0.35,2020-07-20 14:50:00
348.6605,4.14,1.8977091,34331.0,0.8631147,1.01,0.88195497,0.07,2020-07-20 14:55:00
347.45148,4.07,1.9345284,34596.0,0.8472915,0.98,0.86805636,0.01,2020-07-20 15:00:00
347.1482,4.05,1.9821956,34316.0,0.8518859,0.97,0.84073323,0.05,2020-07-20 15:05:00
340.41443,4.06,1.0938921,36427.0,0.75504446,0.94,1.3142887,0.22,2020-07-20 15:10:00
337.54248,4.52,1.1506519,40862.0,0.6555744,1.03,1.3443923,0.02,2020-07-20 15:20:00
337.6435,3.99,1.3449907,38365.0,0.6988933,0.91,1.2237555,0.29,2020-07-20 15:25:00
334.6497,3.95,1.9925361,39518.0,0.6599489,0.89,0.8286599,0.03,2020-07-20 15:30:00
335.2008,3.89,1.9152024,39847.0,0.6578612,0.87,0.8674675,0.05,2020-07-20 15:35:00
334.38943,3.81,1.885842,42418.0,0.6133427,0.85,0.8813847,0.03,2020-07-20 15:40:00
334.5604,3.66,1.851594,39995.0,0.6515364,0.82,0.8739016,0.01,2020-07-20 15:45:00
332.69537,3.9,1.7649362,42939.0,0.5963962,0.86,0.9425041,0.04,2020-07-20 15:50:00
335.03476,3.63,1.7956057,42095.0,0.6217696,0.81,0.8965262,0.02,2020-07-20 15:55:00
334.0682,3.79,1.6537834,43068.0,0.60228115,0.85,0.99387693,0.03,2020-07-20 16:00:00
335.10788,3.87,1.8008053,40984.0,0.63905853,0.87,0.92788345,0.03,2020-07-20 16:05:00
335.0586,3.84,1.7635475,40595.0,0.644887,0.86,0.93601084,0.05,2020-07-20 16:10:00
334.21588,3.84,1.7032616,42514.0,0.61096954,0.86,0.97127587,0.02,2020-07-20 16:15:00
334.59857,3.82,1.7939342,39114.0,0.66644835,0.85,0.9122221,0.02,2020-07-20 16:20:00
333.29367,4.08,1.7930421,43933.0,0.5861719,0.91,0.95279247,0.03,2020-07-20 16:25:00
334.72556,3.7,1.8021654,42099.0,0.61992615,0.83,0.90579593,0.02,2020-07-20 16:30:00
335.24542,3.77,1.7746267,40852.0,0.641943,0.85,0.924796,0.03,2020-07-20 16:35:00
333.90363,3.73,1.7743168,44242.0,0.5854004,0.83,0.9258276,0.02,2020-07-20 16:40:00
334.90253,3.7,1.7781732,41057.0,0.6367063,0.83,0.9180303,0.03,2020-07-20 16:45:00
331.85434,3.98,1.8022763,52318.0,0.48563913,0.88,0.97127587,0.03,2020-07-20 16:50:00
335.81497,3.59,1.8549933,40670.0,0.64823216,0.81,0.86687785,0.03,2020-07-20 16:55:00
334.32388,3.79,1.8415754,40200.0,0.6467886,0.85,0.897077,0.03,2020-07-20 17:00:00
333.9516,3.67,1.7836479,45850.0,0.5651226,0.82,0.92376196,0.03,2020-07-20 17:05:00
335.5202,3.54,1.708157,36138.0,0.7275342,0.8,0.91275334,0.04,2020-07-20 17:10:00
335.08218,3.63,1.7579534,39461.0,0.6635646,0.82,0.9074114,0.06,2020-07-20 17:15:00
336.537,3.64,1.7666636,36736.0,0.7224644,0.82,0.87564,0.05,2020-07-20 17:20:00
337.95877,3.65,1.7604829,33998.0,0.79096013,0.83,0.892651,0.08,2020-07-20 17:25:00
333.12366,4.0,1.9016045,46069.0,0.5581067,0.89,0.9074114,0.01,2020-07-20 17:30:00
332.50687,4.09,1.9107329,47728.0,0.5356083,0.91,0.9143432,0.06,2020-07-20 17:35:00
334.68747,3.82,1.9195311,38891.0,0.6708242,0.86,0.85430604,0.09,2020-07-20 17:40:00
331.34262,4.3,1.9771949,46082.0,0.5487154,0.95,0.90200293,0.06,2020-07-20 17:45:00
331.99258,3.84,1.9709134,45849.0,0.55487865,0.85,0.85248,0.05,2020-07-20 17:50:00
332.8388,3.73,1.9868317,35811.0,0.7160661,0.83,0.8095597,0.02,2020-07-20 17:55:00
330.87244,3.85,2.1085067,41309.0,0.6094161,0.84,0.7930916,0.04,2020-07-20 18:00:00
331.18945,3.66,2.1049702,41071.0,0.6147777,0.8,0.7656686,0.01,2020-07-20 18:05:00
331.11755,3.68,2.0719557,43008.0,0.5866925,0.81,0.7881684,0.03,2020-07-20 18:10:00
331.8392,3.69,2.098428,47141.0,0.53889525,0.81,0.7846173,0.01,2020-07-20 18:15:00
331.2252,3.84,2.136352,41807.0,0.60415757,0.84,0.7715875,0.03,2020-07-20 18:20:00
333.49155,4.09,2.024253,39388.0,0.65501976,0.91,0.8299467,0.03,2020-07-20 18:25:00
334.1911,4.16,2.0217566,37888.0,0.68540865,0.93,0.83442074,0.07,2020-07-20 18:30:00
333.7881,3.97,2.1615734,37278.0,0.6940126,0.89,0.7558749,0.03,2020-07-20 18:35:00
334.9719,4.2,2.199227,33257.0,0.7865443,0.94,0.7664129,0.03,2020-07-20 18:40:00
335.3904,4.06,2.1306336,32898.0,0.7982243,0.92,0.77742684,0.06,2020-07-20 18:45:00
334.4654,4.15,2.1069646,36470.0,0.7138792,0.93,0.79934055,0.05,2020-07-20 18:50:00
336.26138,4.23,2.064316,34928.0,0.75792617,0.96,0.80618,0.05,2020-07-20 18:55:00
335.26785,4.25,2.1704836,33690.0,0.77857286,0.95,0.7781513,0.06,2020-07-20 19:00:00
333.89404,4.35,2.4533446,35690.0,0.72560877,0.97,0.6589649,0.18,2020-07-20 19:05:00
331.8946,3.79,2.646016,34171.0,0.7438256,0.84,0.55630255,0.07,2020-07-20 19:10:00
333.0818,3.76,2.5686378,33535.0,0.7664041,0.84,0.56937397,0.14,2020-07-20 19:15:00
332.10303,3.73,2.4447699,38042.0,0.66944396,0.82,0.6314438,0.11,2020-07-20 19:20:00
332.9078,3.76,2.397603,34694.0,0.7395974,0.83,0.6263404,0.1,2020-07-20 19:25:00
337.707,4.12,2.0554805,34310.0,0.78195125,0.94,0.76267856,0.06,2020-07-20 19:30:00
334.81055,3.96,2.085066,36985.0,0.70620257,0.89,0.781037,0.26,2020-07-20 19:35:00
335.59625,4.05,2.3310943,35368.0,0.7438979,0.91,0.70415056,0.13,2020-07-20 19:40:00
333.28543,3.87,2.331051,36359.0,0.70822376,0.86,0.6794279,0.08,2020-07-20 19:45:00
335.2763,4.16,1.7219465,35846.0,0.73180217,0.94,0.8998205,0.29,2020-07-20 19:50:00
338.15646,4.4,1.9708627,32789.0,0.8216189,1.01,0.8293038,0.41,2020-07-20 19:55:00
336.74863,5.04,1.466322,34773.0,0.76474416,1.14,0.9973864,0.26,2020-07-20 20:00:00
338.5378,4.27,2.0184646,35947.0,0.7520725,0.98,0.8162413,0.05,2020-07-20 20:05:00
340.32486,4.3,1.9119884,31223.0,0.88016796,0.99,0.86093664,0.09,2020-07-20 20:10:00
338.94574,4.36,1.7718352,36172.0,0.7502016,1.0,0.9547248,0.08,2020-07-20 20:15:00
339.17014,4.08,1.9360011,34341.0,0.79183066,0.94,0.95999485,0.15,2020-07-20 20:20:00
337.94904,4.1,2.0721729,32247.0,0.8338343,0.94,0.7979597,0.02,2020-07-20 20:25:00
339.36484,4.25,2.1222866,31285.0,0.8707329,0.98,0.78604126,0.05,2020-07-20 20:30:00
342.91293,5.02,1.865315,31553.0,0.89174765,1.18,0.90633506,0.15,2020-07-20 20:35:00
340.71262,4.72,1.2985376,33343.0,0.8271326,1.1,1.1254814,0.26,2020-07-20 20:40:00
341.1557,4.96,1.5489997,32121.0,0.86208016,1.16,1.0799046,0.22,2020-07-20 20:45:00
342.91586,5.07,2.0644855,30765.0,0.91461265,1.19,0.7331973,0.19,2020-07-20 20:50:00
344.9866,5.16,2.418946,31414.0,0.91266274,1.23,0.71683776,0.05,2020-07-20 20:55:00
344.64133,5.27,2.5630841,31270.0,0.9140121,1.25,0.7075702,0.12,2020-07-20 21:00:00
343.35477,5.05,2.9171562,27604.0,1.0234143,1.19,0.5774918,0.03,2020-07-20 21:05:00
343.21704,4.95,2.95205,27523.0,1.0251449,1.17,0.5670264,0.02,2020-07-20 21:10:00
343.2264,5.16,2.8504736,25806.0,1.0934458,1.21,0.6031444,0.04,2020-07-20 21:15:00
342.72476,5.19,2.8726296,26346.0,1.0661685,1.22,0.6031444,0.04,2020-07-20 21:20:00
346.03406,5.96,2.9364946,25171.0,1.1498249,1.43,0.6324573,0.18,2020-07-20 21:25:00
347.2519,6.71,3.2934632,20994.0,1.3937559,1.62,0.5921768,0.12,2020-07-20 21:30:00
345.04953,6.78,3.552309,20631.0,1.3904644,1.61,0.5237465,0.07,2020-07-20 21:35:00
345.45312,7.07,3.4983568,17630.0,1.6330831,1.69,0.54282546,0.04,2020-07-20 21:40:00
345.7443,7.47,3.2715898,20080.0,1.4375929,1.79,0.6374898,0.02,2020-07-20 21:50:00
347.20706,6.98,3.1170657,20845.0,1.4031545,1.68,0.6414741,0.14,2020-07-20 21:55:00
349.40442,7.03,2.6493394,28456.0,1.0482447,1.72,0.770852,0.12,2020-07-20 22:00:00
347.21066,6.73,1.9343991,32356.0,0.9039961,1.62,1.0553783,0.22,2020-07-20 22:05:00
346.6347,6.83,1.9780294,30257.0,0.9617251,1.64,1.0232525,0.15,2020-07-20 22:10:00
347.738,6.39,2.2110856,31316.0,0.9384408,1.55,0.93094903,0.09,2020-07-20 22:15:00
347.20178,6.48,2.3100216,38075.0,0.7681514,1.56,0.8221681,0.27,2020-07-20 22:20:00
345.7803,6.55,2.4063873,31564.0,0.91484666,1.56,0.83122975,0.05,2020-07-20 22:25:00
342.76,6.55,2.2087553,35208.0,0.79806495,1.54,0.91009057,0.26,2020-07-20 22:30:00
340.88086,5.66,2.8925073,42203.0,0.65449125,1.31,0.6693169,0.1,2020-07-20 22:35:00
340.7453,5.41,3.0673442,41826.0,0.65957326,1.26,0.6031444,0.04,2020-07-20 22:40:00
338.65714,5.41,3.084542,40414.0,0.66967946,1.24,0.580925,0.05,2020-07-20 22:45:00
339.3797,5.73,3.0388322,40214.0,0.6774901,1.32,0.6063814,0.11,2020-07-20 22:50:00
338.70367,5.87,2.909364,31796.0,0.8515538,1.35,0.5998831,0.05,2020-07-20 22:55:00
342.1642,6.41,3.3268304,33035.0,0.8459666,1.5,0.5797836,0.06,2020-07-20 23:00:00
342.76422,6.38,3.509202,30524.0,0.9205656,1.5,0.54282546,0.06,2020-07-20 23:05:00
341.09064,6.55,3.657786,32093.0,0.86232036,1.53,0.5132176,0.06,2020-07-20 23:10:00
339.21234,6.46,3.496541,35369.0,0.7691139,1.49,0.55022836,0.08,2020-07-20 23:15:00
338.7744,6.43,3.586837,34284.0,0.79026985,1.48,0.5289167,0.05,2020-07-20 23:20:00
339.91696,6.25,3.540819,31170.0,0.8783792,1.45,0.519828,0.08,2020-07-20 23:25:00
338.2161,6.69,3.1863618,34428.0,0.78293407,1.53,0.6211763,0.2,2020-07-20 23:30:00
338.0402,6.8,2.9277465,33144.0,0.8119491,1.55,0.7058637,0.12,2020-07-20 23:35:00
340.18268,6.86,2.9555035,32721.0,0.8387812,1.59,0.71600336,0.1,2020-07-20 23:40:00
340.62656,6.54,3.0694299,30721.0,0.8970216,1.52,0.6693169,0.04,2020-07-20 23:45:00
337.10645,6.97,2.9781034,36201.0,0.7370103,1.58,0.73639655,0.03,2020-07-20 23:50:00
338.94403,6.4,3.617803,34475.0,0.7871171,1.47,0.51587385,0.05,2020-07-21 00:00:00
339.59753,5.82,3.57259,34500.0,0.7912773,1.35,0.48855072,0.03,2020-07-21 00:05:00
343.35736,7.12,2.164463,28896.0,0.97767824,1.69,0.59106463,0.13,2020-07-21 00:10:00
350.65033,7.44,2.6240807,25620.0,1.1772525,1.83,0.53147894,0.1,2020-07-21 00:15:00
349.25836,7.26,2.465218,28162.0,1.0578102,1.77,0.56937397,0.24,2020-07-21 00:20:00
351.33228,7.4,2.7515996,29233.0,1.0380114,1.83,0.62531245,0.21,2020-07-21 00:25:00
349.36026,7.16,2.0753314,30341.0,0.98273337,1.75,0.69372696,0.05,2020-07-21 00:30:00
350.06415,7.8,2.737773,25944.0,1.1565112,1.91,0.7846173,0.49,2020-07-21 00:35:00
351.58853,7.7,3.969937,21168.0,1.4367508,1.9,0.48000696,0.19,2020-07-21 00:40:00
351.63745,7.72,3.7141082,23851.0,1.2756832,1.91,0.5550945,0.36,2020-07-21 00:45:00
350.98007,7.81,2.8810241,27465.0,1.1013871,1.92,0.7788745,0.11,2020-07-21 00:50:00
349.84238,7.43,2.9112368,29795.0,1.0050478,1.82,0.75815463,0.16,2020-07-21 00:55:00
350.466,7.73,2.9564,28795.0,1.045733,1.9,0.7558749,0.17,2020-07-21 01:00:00
350.5145,7.58,2.9279685,28617.0,1.0526909,1.86,0.76267856,0.07,2020-07-21 01:05:00
350.92346,7.94,2.853822,28778.0,1.0506083,1.96,0.7853298,0.18,2020-07-21 01:10:00
352.471,8.36,2.8894808,27092.0,1.1313822,2.08,0.7656686,0.22,2020-07-21 01:15:00
348.07523,7.7,2.444688,30331.0,0.9718446,1.87,0.88479537,0.2,2020-07-21 01:20:00
347.58273,7.35,2.1094313,34585.0,0.84855825,1.78,0.93901974,0.25,2020-07-21 01:25:00
350.51184,6.96,2.3358297,35103.0,0.85816455,1.71,0.7937904,0.2,2020-07-21 01:30:00
352.3857,7.31,2.2921169,32022.0,0.9564775,1.82,0.8450981,0.13,2020-07-21 01:35:00
349.88193,6.92,1.751742,34740.0,0.8622895,1.69,1.0511526,0.19,2020-07-21 01:40:00
347.59897,6.95,2.3030849,32955.0,0.8906584,1.68,0.91855454,0.23,2020-07-21 01:45:00
348.90524,7.35,2.0821621,34327.0,0.86510307,1.79,0.92839587,0.09,2020-07-21 01:50:00
350.1738,7.51,2.3268218,32400.0,0.9269689,1.84,0.9143432,0.11,2020-07-21 01:55:00
350.4503,6.63,2.5809107,32669.0,0.92159784,1.63,0.79169065,0.12,2020-07-21 02:00:00
349.53406,6.51,2.3677204,30797.0,0.96968263,1.59,0.9074114,0.19,2020-07-21 02:05:00
348.10995,6.28,2.1268992,33303.0,0.8853912,1.52,0.9609462,0.04,2020-07-21 02:10:00
349.44272,6.08,2.1675794,31308.0,0.95308006,1.48,0.9324738,0.21,2020-07-21 02:15:00
348.34006,6.05,1.8400272,31457.0,0.9392788,1.47,0.9552066,0.17,2020-07-21 02:20:00
344.99866,6.28,2.0296552,29721.0,0.9647558,1.49,0.9754318,0.15,2020-07-21 02:25:00
342.9044,6.33,2.2682374,31614.0,0.88995785,1.49,0.79588,0.06,2020-07-21 02:30:00
355.76752,6.53,3.587339,29185.0,1.0811259,1.65,0.519828,0.46,2020-07-21 02:35:00
354.0992,5.91,4.3555365,23573.0,1.3190655,1.48,0.29446626,0.08,2020-07-21 02:40:00
352.90988,6.45,4.162427,24993.0,1.2311593,1.61,0.37474835,0.09,2020-07-21 02:45:00
353.25052,5.87,3.6727238,23552.0,1.3104161,1.46,0.41830128,0.11,2020-07-21 02:50:00
350.94263,5.92,3.484566,31217.0,0.9686884,1.46,0.50242716,0.09,2020-07-21 02:55:00
356.68542,5.62,2.1029978,42323.0,0.7515244,1.43,0.85430604,0.74,2020-07-21 03:00:00
350.59335,5.06,1.8050207,35401.0,0.8515567,1.25,1.2314696,1.07,2020-07-21 03:05:00
342.48816,4.96,3.5512393,30264.0,0.92614836,1.17,0.4199558,0.27,2020-07-21 03:10:00
341.47354,4.66,3.9527586,30182.0,0.9201268,1.09,0.2922561,0.06,2020-07-21 03:15:00
341.28613,4.48,3.9830263,28038.0,0.9887955,1.04,0.26481783,0.03,2020-07-21 03:20:00
341.30685,4.71,4.0956807,29939.0,0.9261863,1.1,0.28330123,0.23,2020-07-21 03:25:00
342.34048,4.61,3.9247167,28641.0,0.9773172,1.08,0.29446626,0.12,2020-07-21 03:30:00
339.42685,4.56,3.9933693,29462.0,0.92513657,1.05,0.27184162,0.03,2020-07-21 03:35:00
338.57907,4.54,3.9405077,31686.0,0.85353196,1.04,0.29003462,0.02,2020-07-21 03:40:00
340.18408,4.33,4.120595,28970.0,0.94739777,1.0,0.22530928,0.13,2020-07-21 03:45:00
341.8293,4.06,4.3293185,23676.0,1.1767799,0.95,0.13672057,0.06,2020-07-21 03:50:00
341.98294,4.28,3.908785,29828.0,0.9353774,1.0,0.24551268,0.12,2020-07-21 03:55:00
344.63837,4.54,3.5659642,37370.0,0.7647951,1.08,0.3138672,0.19,2020-07-21 04:00:00
353.08746,4.67,2.3671925,31944.0,0.96476936,1.17,0.30319607,0.41,2020-07-21 04:05:00
353.53174,4.59,4.116807,28576.0,1.0827081,1.14,0.24303806,0.06,2020-07-21 04:10:00
350.9721,4.32,4.136484,38792.0,0.7797345,1.06,0.24303806,0.04,2020-07-21 04:15:00
350.6029,4.35,4.1429214,38561.0,0.78183943,1.07,0.24303806,0.06,2020-07-21 04:20:00
351.2204,4.16,4.209525,36172.0,0.8380549,1.03,0.20412001,0.04,2020-07-21 04:25:00
347.19635,3.78,4.313954,36824.0,0.7942089,0.91,0.14612804,0.09,2020-07-21 04:30:00
343.94504,3.63,4.470682,34688.0,0.8187785,0.86,0.08990512,0.02,2020-07-21 04:35:00
345.7696,3.91,4.329018,37088.0,0.7785116,0.94,0.15533602,0.05,2020-07-21 04:40:00
346.57785,3.66,4.377191,35896.0,0.81023145,0.88,0.11394334,0.09,2020-07-21 04:45:00
346.0096,3.5,4.3203354,36671.0,0.789067,0.84,0.1105897,0.11,2020-07-21 04:50:00
345.64465,3.76,4.1899405,34647.0,0.83242345,0.9,0.16136801,0.1,2020-07-21 04:55:00
345.21103,3.77,4.131646,35122.0,0.8179627,0.9,0.17609127,0.03,2020-07-21 05:00:00
347.27374,3.76,3.9827254,32007.0,0.91437006,0.91,0.19589968,0.07,2020-07-21 05:05:00
345.54794,3.51,3.8355443,31428.0,0.91688484,0.84,0.19865711,0.05,2020-07-21 05:10:00
345.83307,3.65,3.7312331,30568.0,0.9451041,0.87,0.22271647,0.07,2020-07-21 05:15:00
346.2352,3.5,3.6173608,32260.0,0.89878017,0.84,0.23299614,0.03,2020-07-21 05:20:00
346.57883,3.42,3.3945398,28397.0,1.0242041,0.82,0.26951295,0.09,2020-07-21 05:25:00
346.79944,3.34,3.4844365,29609.0,0.9842276,0.8,0.25285304,0.02,2020-07-21 05:30:00
344.6357,3.35,3.487535,31266.0,0.9140826,0.8,0.26007143,0.03,2020-07-21 05:35:00
345.47482,3.36,3.445722,28019.0,1.0277628,0.8,0.26007143,0.04,2020-07-21 05:40:00
346.5391,3.37,3.4210815,31537.0,0.9218995,0.81,0.26951295,0.03,2020-07-21 05:45:00
346.64102,3.24,3.4722183,28884.0,1.007498,0.78,0.23552847,0.04,2020-07-21 05:50:00
348.2035,3.51,3.3555179,33579.0,0.8788484,0.85,0.30535138,0.06,2020-07-21 05:55:00
344.61115,4.87,3.3562777,37166.0,0.7688038,1.16,0.46089786,0.04,2020-07-21 06:00:00
344.9043,4.74,3.2542434,38305.0,0.74792063,1.13,0.45939252,0.03,2020-07-21 06:05:00
343.00888,4.65,3.3707714,35689.0,0.78908974,1.09,0.43933272,0.05,2020-07-21 06:10:00
340.84613,4.66,3.537697,33411.0,0.8264564,1.08,0.39619938,0.01,2020-07-21 06:30:00
341.15198,4.73,3.5468297,33982.0,0.8148413,1.1,0.40823996,0.02,2020-07-21 06:35:00
332.21997,3.5,3.0929923,27680.0,0.921059,0.78,0.26007143,0.04,2020-07-21 06:40:00
338.22147,4.31,3.0144982,32770.0,0.8225874,0.99,0.3598355,0.01,2020-07-21 06:45:00
336.51523,4.82,2.8378336,37220.0,0.71292615,1.09,0.45178646,0.09,2020-07-21 06:50:00
325.244,3.1,3.5902646,24497.0,0.9742039,0.66,0.18752073,0.04,2020-07-21 06:55:00
328.32706,4.36,3.627961,34848.0,0.705245,0.94,0.34830487,0.01,2020-07-21 07:00:00
330.56378,3.99,3.7457707,30356.0,0.8268988,0.87,0.27415785,0.01,2020-07-21 07:20:00
329.73474,4.04,3.7696686,31450.0,0.79191995,0.88,0.2787536,0.01,2020-07-21 07:25:00
329.4348,3.86,3.794483,29282.0,0.84814644,0.84,0.24551268,0.01,2020-07-21 07:45:00
330.22284,3.78,3.801973,27966.0,0.8946875,0.82,0.23044895,0.01,2020-07-21 07:55:00
330.40915,4.03,3.7904353,30356.0,0.82569516,0.88,0.26951295,0.02,2020-07-21 08:00:00
330.40915,4.03,3.802223,30356.0,0.82569516,0.88,0.26717174,0.03,2020-07-21 08:05:00
329.9049,3.97,3.8270223,29282.0,0.85191983,0.86,0.25285304,0.02,2020-07-21 08:10:00
329.2044,3.83,3.8453867,28926.0,0.85671693,0.83,0.23044895,0.02,2020-07-21 08:15:00
327.50485,4.15,3.8349574,30077.0,0.81076235,0.89,0.26481783,0.06,2020-07-21 08:20:00
329.20694,4.59,4.004223,32700.0,0.7578589,0.99,0.2787536,0.05,2020-07-21 08:25:00
331.2314,5.13,3.9012177,32564.0,0.77568763,1.13,0.35024804,0.01,2020-07-21 08:30:00
330.06854,4.97,3.9217854,30909.0,0.80832285,1.08,0.32633585,0.01,2020-07-21 08:35:00
323.20023,4.53,3.9762042,28757.0,0.81376106,0.95,0.25767857,0.23,2020-07-21 08:40:00
326.34174,5.28,4.3455377,31025.0,0.77733153,1.12,0.2624511,0.1,2020-07-21 08:45:00
326.93585,5.28,4.514543,32574.0,0.7445708,1.13,0.23804612,0.01,2020-07-21 08:50:00
327.0266,5.48,4.515573,33923.0,0.7155798,1.17,0.2552725,0.01,2020-07-21 08:55:00
340.58856,4.35,4.4320426,65442.0,0.42095026,1.01,0.25042,0.02,2020-07-21 09:25:00
339.11087,4.22,4.5566983,61603.0,0.44117117,0.97,0.20139715,0.05,2020-07-21 09:30:00
341.55447,4.46,4.4833694,63233.0,0.4395136,1.04,0.24797328,0.01,2020-07-21 09:35:00
341.29373,4.42,4.466867,62118.0,0.44634038,1.03,0.23804612,0.02,2020-07-21 09:40:00
342.55615,4.32,4.446493,60605.0,0.46277162,1.01,0.22271647,0.09,2020-07-21 09:45:00
341.9775,4.46,4.472438,59022.0,0.4726891,1.05,0.23299614,0.08,2020-07-21 09:50:00
336.8708,4.02,4.543446,48931.0,0.5440823,0.91,0.14612804,0.07,2020-07-21 09:55:00
332.9187,4.03,4.623202,41896.0,0.6125215,0.9,0.12385166,0.03,2020-07-21 10:00:00
333.52673,4.29,4.7252936,39780.0,0.6487781,0.96,0.12710482,0.05,2020-07-21 10:05:00
333.59793,4.29,4.701596,40209.0,0.6422827,0.96,0.13353892,0.01,2020-07-21 10:10:00
334.3943,3.95,4.3236327,42318.0,0.61481994,0.88,0.11394334,0.07,2020-07-21 10:15:00
340.52148,3.56,5.0748105,39107.0,0.7039901,0.83,-0.017728778,0.04,2020-07-21 10:25:00
339.78894,3.21,5.0957437,32206.0,0.8491272,0.74,-0.08092192,0.01,2020-07-21 10:30:00
339.91476,3.19,5.0424595,38644.0,0.7084806,0.74,-0.05551733,0.02,2020-07-21 10:35:00
339.3094,3.77,4.991763,41011.0,0.66389555,0.87,0.02118928,0.03,2020-07-21 10:40:00
343.19107,3.42,4.92517,42680.0,0.6609282,0.8,0.008600163,0.06,2020-07-21 10:45:00
341.6955,3.52,4.863682,44854.0,0.62040174,0.82,0.0293838,0.04,2020-07-21 10:50:00
343.6605,3.11,4.748863,44114.0,0.6421703,0.73,-0.013228253,0.06,2020-07-21 10:55:00
342.85547,3.31,4.6859574,42725.0,0.6582243,0.78,0.017033322,0.04,2020-07-21 11:00:00
358.0481,3.36,4.2395988,85146.0,0.37801623,0.86,0.25042,0.11,2020-07-21 11:45:00
362.2279,3.1,4.1065435,76037.0,0.43887502,0.81,0.18752073,0.06,2020-07-21 11:50:00
361.63058,3.14,4.1695204,76551.0,0.43369433,0.82,0.1818436,0.03,2020-07-21 11:55:00
332.3482,3.25,4.6040854,29190.0,0.87446237,0.72,0.0,0.03,2020-07-21 12:00:00
335.7194,3.47,4.6189504,34761.0,0.75775284,0.78,0.041392695,0.04,2020-07-21 12:05:00
335.35422,3.43,4.5571265,37246.0,0.70480484,0.78,0.05690485,0.04,2020-07-21 12:30:00
329.17877,2.95,4.504154,28553.0,0.8676981,0.64,-0.026872149,0.06,2020-07-21 12:35:00
330.76917,2.75,4.6574454,29123.0,0.86357594,0.6,-0.08092192,0.02,2020-07-21 12:40:00
327.47614,2.98,4.635871,29153.0,0.83623093,0.64,-0.0409586,0.1,2020-07-21 12:45:00
328.66983,3.15,4.512383,35335.0,0.69778806,0.68,0.02118928,0.02,2020-07-21 12:50:00
331.71545,3.58,4.638976,38363.0,0.66143364,0.79,0.06069783,0.04,2020-07-21 12:55:00
326.03784,3.06,4.6762056,27725.0,0.86733514,0.65,-0.0409586,0.04,2020-07-21 13:00:00
325.54288,3.2,4.6752324,25842.0,0.92614377,0.68,-0.022276402,0.03,2020-07-21 13:05:00
326.05597,3.31,4.643124,27043.0,0.88936263,0.7,-0.0043648016,0.01,2020-07-21 13:10:00
327.7431,3.09,4.5798473,33082.0,0.7387873,0.66,-0.008773916,0.02,2020-07-21 13:15:00
323.3134,3.6,4.3857613,37086.0,0.63168955,0.75,0.12710482,0.19,2020-07-21 13:20:00
319.02997,4.01,4.039938,39237.0,0.5727786,0.81,0.23299614,0.06,2020-07-21 13:25:00
321.32382,3.19,4.511862,25293.0,0.9085906,0.66,0.0,0.09,2020-07-21 13:30:00
324.30298,2.83,4.6499677,25208.0,0.93822527,0.59,-0.08092192,0.02,2020-07-21 13:35:00
324.1585,2.58,4.6472783,22303.0,1.0589607,0.54,-0.13076828,0.04,2020-07-21 13:40:00
325.67056,2.67,4.5325603,23896.0,1.002789,0.57,-0.08092192,0.03,2020-07-21 13:45:00
325.36337,2.69,4.5049973,28206.0,0.84706634,0.57,-0.06550154,0.05,2020-07-21 13:50:00
326.5025,3.47,4.5313244,34609.0,0.6979026,0.74,0.05690485,0.03,2020-07-21 13:55:00
325.14603,2.65,4.5452943,22254.0,1.0713894,0.56,-0.09691001,0.05,2020-07-21 14:00:00
325.40744,2.58,4.433802,21154.0,1.1299244,0.54,-0.08092192,0.03,2020-07-21 14:05:00
325.37573,2.56,4.3712697,20307.0,1.1766967,0.54,-0.08092192,0.02,2020-07-21 14:10:00
331.22244,3.56,4.3291802,34745.0,0.72693515,0.78,0.10720996,0.02,2020-07-21 14:15:00
332.80606,3.76,4.279977,42273.0,0.6064199,0.84,0.15836251,0.02,2020-07-21 14:20:00
326.18277,3.29,4.2290187,31054.0,0.7754287,0.7,0.08990512,0.02,2020-07-21 14:25:00
327.46475,3.46,4.214309,30628.0,0.7958732,0.74,0.11394334,0.03,2020-07-21 14:30:00
324.59915,2.74,4.239717,24974.0,0.9497111,0.58,-0.0043648016,0.05,2020-07-21 14:35:00
323.70126,2.68,4.3633246,27805.0,0.84569126,0.56,-0.036212165,0.02,2020-07-21 14:40:00
322.22144,2.22,4.357947,19295.0,1.201421,0.46,-0.16115092,0.03,2020-07-21 14:45:00
322.56305,2.54,4.34319,19783.0,1.1756563,0.53,-0.08618615,0.02,2020-07-21 14:50:00
324.116,2.54,4.269063,17637.0,1.3385702,0.54,-0.07058106,0.03,2020-07-21 14:55:00
326.26187,2.1,4.2333674,23005.0,1.0475262,0.45,-0.10237289,0.09,2020-07-21 15:00:00
323.29547,3.14,4.077916,30303.0,0.7729533,0.65,0.07554698,0.07,2020-07-21 15:15:00
320.27856,2.89,4.165357,26175.0,0.86911404,0.59,0.017033322,0.03,2020-07-21 15:20:00
320.48166,3.14,4.271838,31486.0,0.72394085,0.65,0.05690485,0.09,2020-07-21 15:25:00
319.03406,2.7,4.2776628,28881.0,0.77819365,0.55,-0.017728778,0.02,2020-07-21 15:30:00
318.1274,2.59,4.3163524,23429.0,0.95082086,0.52,-0.05551733,0.03,2020-07-21 15:35:00
316.61642,2.54,4.340472,20605.0,1.0652298,0.51,-0.07572073,0.02,2020-07-21 15:40:00
317.1293,3.02,4.2507057,24607.0,0.89648986,0.61,0.02118928,0.03,2020-07-21 15:45:00
316.83588,2.8,4.2834797,25950.0,0.8476474,0.57,-0.013228253,0.03,2020-07-21 15:50:00
332.66373,4.21,2.8528755,48592.0,0.52685773,0.94,0.55990666,0.13,2020-07-21 15:55:00
329.6423,4.09,3.024351,43363.0,0.5738569,0.9,0.45636603,0.36,2020-07-21 16:00:00
324.15115,3.48,3.4949393,35303.0,0.6689611,0.73,0.22788674,0.13,2020-07-21 16:05:00
326.43652,3.52,2.9149787,35013.0,0.68941605,0.76,0.3324385,0.2,2020-07-21 16:10:00
325.43112,3.33,3.38476,33125.0,0.721746,0.71,0.23044895,0.23,2020-07-21 16:15:00
321.2328,3.02,3.7674127,27644.0,0.8305861,0.62,0.10037054,0.23,2020-07-21 16:20:00
321.7503,3.01,3.7484663,27360.0,0.8434234,0.63,0.08635984,0.16,2020-07-21 16:25:00
317.83948,2.91,3.6179552,23194.0,0.957751,0.59,0.09342169,0.25,2020-07-21 16:30:00
317.92493,3.07,3.6869905,28744.0,0.7734717,0.62,0.12385166,0.09,2020-07-21 16:35:00
321.59268,3.18,3.1297283,31663.0,0.7276913,0.66,0.20139715,0.17,2020-07-21 16:40:00
326.66376,3.61,2.9596283,35758.0,0.67651623,0.78,0.29003462,0.08,2020-07-21 16:45:00
325.8939,3.68,2.3793068,36683.0,0.6546312,0.79,0.5276299,0.7,2020-07-21 16:50:00
336.37457,4.99,1.9657824,48969.0,0.541171,1.13,0.8893017,0.38,2020-07-21 16:55:00
341.51562,4.7,1.9951441,44432.0,0.62526846,1.1,0.67302096,0.25,2020-07-21 17:00:00
334.5445,4.62,2.467914,44570.0,0.5845714,1.03,0.64738303,0.13,2020-07-21 17:05:00
336.466,4.63,2.6216407,43195.0,0.61403,1.05,0.6211763,0.25,2020-07-21 17:10:00
338.60953,5.2,1.8517559,52802.0,0.5123402,1.19,1.4356853,0.61,2020-07-21 17:15:00
330.91333,4.85,2.070507,39340.0,0.6401642,1.06,0.7151674,0.25,2020-07-21 17:20:00
332.98013,4.78,2.200909,41643.0,0.6165971,1.06,0.83122975,0.29,2020-07-21 17:25:00
334.90497,4.92,2.0912197,41883.0,0.62416345,1.1,0.8555192,0.13,2020-07-21 17:30:00
333.91263,4.91,2.0876062,42084.0,0.6154705,1.09,0.8444772,0.15,2020-07-21 17:35:00
333.61432,4.91,2.1408644,48220.0,0.53565943,1.09,0.8597386,0.3,2020-07-21 17:40:00
334.86276,4.87,1.866119,46757.0,0.5588808,1.09,0.9196011,0.26,2020-07-21 17:45:00
339.42688,5.05,2.0428658,50078.0,0.54427856,1.17,0.8591383,0.28,2020-07-21 17:50:00
332.7068,4.97,1.810939,43828.0,0.5843614,1.1,1.0187005,0.2,2020-07-21 17:55:00
337.1465,5.0,1.8087288,50326.0,0.5303498,1.14,0.88986176,0.33,2020-07-21 18:00:00
334.64893,4.67,1.8477284,47856.0,0.5449614,1.05,0.9116902,0.35,2020-07-21 18:05:00
333.90134,5.03,1.4109926,44376.0,0.58362037,1.12,1.1947918,0.52,2020-07-21 18:10:00
337.33118,4.92,2.2445712,45692.0,0.58513343,1.12,0.8585372,0.4,2020-07-21 18:15:00
337.2712,4.73,1.7989441,49538.0,0.53940654,1.07,0.8234742,0.16,2020-07-21 18:20:00
342.50854,5.22,1.25499,53008.0,0.5288664,1.22,1.0930713,0.07,2020-07-21 18:25:00
333.5238,5.03,1.8168654,43130.0,0.5983697,1.12,1.0394142,0.01,2020-07-21 18:45:00
334.42603,5.04,1.6253616,44156.0,0.5894021,1.13,1.0972574,0.12,2020-07-21 18:55:00
332.00134,4.79,2.0531197,37899.0,0.6713297,1.06,0.85612446,0.27,2020-07-21 19:00:00
331.30176,4.57,1.8484048,36957.0,0.6839352,1.0,0.701568,0.11,2020-07-21 19:05:00
325.2414,4.4,1.4614035,28907.0,0.82556057,0.93,0.7944881,0.11,2020-07-21 19:10:00
334.2223,5.03,1.392767,42486.0,0.61140865,1.12,1.0008677,0.16,2020-07-21 19:15:00
335.62964,4.61,2.1325104,41057.0,0.64101934,1.03,0.8585372,0.04,2020-07-21 19:25:00
334.70157,4.67,1.8501081,42166.0,0.6188031,1.04,0.94151145,0.11,2020-07-21 19:30:00
331.00223,4.98,1.7799438,49141.0,0.5129143,1.09,0.9513375,0.1,2020-07-21 19:35:00
332.01526,4.9,1.8002499,41876.0,0.6076521,1.08,0.9365138,0.11,2020-07-21 19:40:00
329.144,4.96,1.718895,40784.0,0.6072784,1.07,0.9795484,0.14,2020-07-21 19:45:00
329.32928,4.96,1.3116401,42263.0,0.58705413,1.08,1.0606978,0.1,2020-07-21 19:50:00
329.75482,5.0,1.2714165,42188.0,0.59046656,1.09,1.0503798,0.11,2020-07-21 19:55:00
327.5687,4.94,1.3395895,41857.0,0.5829394,1.06,1.0017338,0.09,2020-07-21 20:00:00
318.7253,4.49,1.9035231,44760.0,0.5006116,0.91,0.6599162,0.3,2020-07-21 20:05:00
327.907,4.94,2.4186153,46091.0,0.53109366,1.07,0.7315888,0.1,2020-07-21 20:10:00
321.43652,4.52,2.3596184,44432.0,0.5177818,0.93,0.6702459,0.1,2020-07-21 20:15:00
320.72485,4.57,2.5579093,44432.0,0.51422143,0.94,0.67302096,0.09,2020-07-21 20:45:00
321.14944,4.27,2.640928,42073.0,0.5452946,0.88,0.62531245,0.09,2020-07-21 20:50:00
327.12766,4.51,2.666852,51481.0,0.4719795,0.96,0.6493349,0.03,2020-07-21 20:55:00
320.9438,4.42,2.3379905,36537.0,0.62666535,0.91,0.61804813,0.03,2020-07-21 21:00:00
318.76425,4.24,2.4321392,34017.0,0.6589616,0.86,0.5797836,0.08,2020-07-21 21:05:00
324.89667,4.48,2.4793952,38235.0,0.6220955,0.95,0.67117286,0.05,2020-07-21 21:10:00
326.13232,4.57,2.241205,37425.0,0.6431147,0.98,0.651278,0.08,2020-07-21 21:15:00
329.95493,4.53,2.1536248,37630.0,0.6632392,0.99,0.7176705,0.14,2020-07-21 21:20:00
322.9422,4.5,2.3406622,36225.0,0.6443953,0.94,0.5763414,0.11,2020-07-21 21:50:00
327.06293,4.65,2.3412178,35053.0,0.6927512,1.0,0.60097295,0.08,2020-07-21 21:55:00
328.5111,4.84,2.4704857,27116.0,0.9079249,1.04,0.6493349,0.12,2020-07-21 22:00:00
332.2457,4.79,2.7775168,30772.0,0.8287098,1.06,0.5843312,0.07,2020-07-21 22:05:00
329.32425,4.83,2.6702435,28245.0,0.8783676,1.05,0.6138419,0.08,2020-07-21 22:10:00
330.92883,4.52,2.3278532,22770.0,1.1061805,0.99,0.5352942,0.12,2020-07-21 22:15:00
325.61823,5.21,2.5941472,26427.0,0.90629494,1.1,0.6314438,0.04,2020-07-21 22:25:00
326.91055,4.88,2.3157938,29238.0,0.8293252,1.04,0.54777473,0.09,2020-07-21 22:30:00
326.2011,5.12,2.9039629,23874.0,1.008812,1.09,0.51719594,0.11,2020-07-21 22:35:00
330.76123,4.83,2.9768944,23141.0,1.0867311,1.06,0.45178646,0.14,2020-07-21 22:40:00
330.05554,5.0,2.565346,26935.0,0.92746955,1.09,0.5998831,0.36,2020-07-21 22:45:00
327.03217,5.17,2.3271227,21289.0,1.1403025,1.11,0.5587086,0.32,2020-07-21 22:50:00
324.8452,4.96,3.477643,21498.0,1.1058749,1.04,0.40140057,0.09,2020-07-21 22:55:00
325.80237,5.01,3.6000278,21840.0,1.0985734,1.06,0.40312052,0.09,2020-07-21 23:00:00
323.58832,4.75,3.6393132,23539.0,0.9978723,0.99,0.35218254,0.06,2020-07-21 23:05:00
320.83096,4.85,3.2931747,21900.0,1.0443574,1.0,0.41329977,0.17,2020-07-21 23:10:00
322.23004,5.4,3.127603,20819.0,1.1135668,1.12,0.53019977,0.1,2020-07-21 23:15:00
323.54007,6.32,2.7462518,26935.0,0.87165445,1.32,0.7803173,0.24,2020-07-21 23:25:00
322.3754,5.88,2.8057976,25641.0,0.90542173,1.22,0.666518,0.15,2020-07-21 23:30:00
320.08582,5.51,2.178325,19161.0,1.1850356,1.13,0.61804813,0.12,2020-07-21 23:35:00
320.49188,5.59,3.212429,21129.0,1.0789087,1.15,0.510545,0.08,2020-07-21 23:40:00
320.30792,5.9,3.3486865,24384.0,0.9332167,1.21,0.51587385,0.06,2020-07-21 23:45:00
320.37393,5.92,3.3095315,23471.0,0.97014,1.22,0.5250448,0.13,2020-07-21 23:50:00
320.87875,6.32,3.0359347,20427.0,1.1201859,1.3,0.53402615,0.03,2020-07-21 23:55:00
320.16513,6.17,3.0920706,21747.0,1.0449252,1.27,0.57518786,0.57,2020-07-22 00:00:00
320.5078,5.62,3.3948932,19804.0,1.1512719,1.16,0.39794004,0.17,2020-07-22 00:05:00
317.86716,5.7,3.379038,16636.0,1.3356637,1.15,0.3944517,0.18,2020-07-22 00:10:00
316.38962,5.28,3.1857338,14606.0,1.4993937,1.06,0.28103337,0.09,2020-07-22 00:15:00
316.53583,5.29,3.4883952,14222.0,1.5420945,1.06,0.34044415,0.22,2020-07-22 00:20:00
318.69647,6.39,3.6454494,22593.0,0.99150455,1.3,0.4329693,0.16,2020-07-22 00:25:00
314.8027,6.27,4.125215,18359.0,1.1743563,1.24,0.30535138,0.13,2020-07-22 00:30:00
315.1352,6.38,4.3077955,18725.0,1.1551924,1.27,0.2988531,0.25,2020-07-22 00:35:00
315.61505,5.21,3.6393132,16727.0,1.299317,1.04,0.30103,0.18,2020-07-22 00:40:00
316.70984,6.21,3.5714984,17655.0,1.2443626,1.24,0.29003462,0.08,2020-07-22 00:45:00
320.8454,6.76,3.7759898,18699.0,1.2233076,1.39,0.33041382,0.07,2020-07-22 00:50:00
317.82275,6.16,4.072702,20396.0,1.0889604,1.25,0.3096302,0.19,2020-07-22 00:55:00
317.88403,6.53,4.191766,20539.0,1.082028,1.32,0.31597033,0.14,2020-07-22 01:00:00
318.4909,7.03,4.480056,20044.0,1.1153517,1.43,0.3096302,0.03,2020-07-22 01:05:00
318.7561,6.91,4.4070168,20933.0,1.070755,1.41,0.32221928,0.05,2020-07-22 01:10:00
320.0141,7.17,4.374906,20807.0,1.0905288,1.47,0.35024804,0.05,2020-07-22 01:15:00
323.81107,7.37,4.317974,19922.0,1.1815724,1.55,0.35602587,0.09,2020-07-22 01:20:00
323.50366,7.58,4.4059277,19453.0,1.2064868,1.59,0.32633585,0.11,2020-07-22 01:25:00
320.52612,7.79,4.6014996,19242.0,1.1851077,1.6,0.32633585,0.05,2020-07-22 01:30:00
319.79184,7.42,4.4470773,18212.0,1.243225,1.52,0.32221928,0.09,2020-07-22 01:35:00
319.13583,7.42,4.736634,18847.0,1.1936829,1.51,0.2988531,0.02,2020-07-22 01:40:00
318.68585,7.46,4.6621346,22218.0,1.0081348,1.52,0.33645976,0.07,2020-07-22 01:45:00
317.17166,7.81,4.437578,18740.0,1.1776465,1.57,0.3944517,0.08,2020-07-22 01:50:00
315.60684,6.63,4.463071,18107.0,1.2001941,1.32,0.30319607,0.03,2020-07-22 01:55:00
316.22562,7.36,4.347367,21156.0,1.0335048,1.47,0.3856063,0.08,2020-07-22 02:00:00
314.80276,8.0,4.077389,22328.0,0.96560466,1.58,0.47856653,0.04,2020-07-22 02:05:00
314.71973,8.52,4.1042175,22536.0,0.95590705,1.69,0.50515,0.01,2020-07-22 02:10:00
314.47156,8.5,3.892056,21475.0,1.0006745,1.68,0.5403295,0.1,2020-07-22 02:15:00
311.76276,8.45,3.6739624,22692.0,0.9218435,1.64,0.5831988,0.05,2020-07-22 02:20:00
312.16223,8.47,3.451029,22456.0,0.93525255,1.65,0.6074551,0.04,2020-07-22 02:25:00
311.8133,8.57,3.5511124,27509.0,0.760807,1.67,0.6294097,0.08,2020-07-22 02:30:00
312.22818,8.73,3.3832233,25674.0,0.8185652,1.7,0.667453,0.12,2020-07-22 02:35:00
312.13815,9.15,3.3497162,31175.0,0.67352,1.78,0.7489629,0.17,2020-07-22 02:40:00
311.7841,8.8,3.090647,31636.0,0.6613647,1.71,0.76342803,0.11,2020-07-22 02:45:00
309.60098,8.28,1.731069,20862.0,0.98122144,1.59,0.6866363,0.17,2020-07-22 02:50:00
311.38586,8.19,3.1160872,20063.0,1.0387207,1.59,0.6159501,0.23,2020-07-22 02:55:00
309.53406,8.09,3.36354,14664.0,1.395013,1.55,0.54157925,0.05,2020-07-22 03:00:00
308.17615,8.18,3.6463406,14018.0,1.4394628,1.55,0.53655845,0.06,2020-07-22 03:05:00
310.3368,8.05,3.5277328,16427.0,1.2553765,1.55,0.53147894,0.09,2020-07-22 03:10:00
309.87054,7.97,3.862965,13343.0,1.5383174,1.53,0.4927604,0.03,2020-07-22 03:15:00
311.47137,7.67,3.949329,13237.0,1.5757099,1.49,0.46239802,0.01,2020-07-22 03:20:00
310.55328,8.04,3.8156912,13844.0,1.4928405,1.55,0.510545,0.1,2020-07-22 03:25:00
311.36264,8.4,3.4911602,13978.0,1.4905578,1.63,0.5998831,0.04,2020-07-22 03:30:00
309.12555,8.05,3.7449434,13560.0,1.5023996,1.54,0.53019977,0.17,2020-07-22 03:35:00
306.25974,7.7,3.967581,13437.0,1.4728236,1.44,0.4578819,0.02,2020-07-22 03:40:00
306.64,7.56,4.007331,12783.0,1.5541683,1.42,0.4424798,0.01,2020-07-22 03:45:00
305.08887,7.38,4.0658827,12374.0,1.5803906,1.38,0.4199558,0.08,2020-07-22 03:50:00
303.98682,7.31,4.174913,12547.0,1.5411404,1.35,0.39093512,0.07,2020-07-22 03:55:00
303.73007,7.46,4.064554,12034.0,1.602617,1.38,0.42160395,0.06,2020-07-22 04:00:00
304.46893,6.95,4.214653,11291.0,1.7210447,1.29,0.35602587,0.08,2020-07-22 04:05:00
305.52145,7.53,4.047617,12741.0,1.5416528,1.41,0.42813483,0.1,2020-07-22 04:10:00
305.01688,7.51,4.013303,12817.0,1.5246462,1.4,0.41830128,0.06,2020-07-22 04:15:00
305.0879,7.85,3.9546049,12720.0,1.5373865,1.46,0.46834734,0.02,2020-07-22 04:20:00
306.07297,7.6,4.091418,12545.0,1.5745547,1.42,0.4232459,0.01,2020-07-22 04:25:00
306.1812,6.78,4.165441,11355.0,1.7414831,1.27,0.35218254,0.01,2020-07-22 04:30:00
306.0761,7.17,4.157896,12372.0,1.596623,1.34,0.38381538,0.01,2020-07-22 04:35:00
305.623,7.23,4.187517,12372.0,1.5892763,1.35,0.38381538,0.02,2020-07-22 04:40:00
305.57135,7.02,4.3055544,11594.0,1.6950307,1.31,0.3424227,0.08,2020-07-22 04:45:00
305.62222,6.36,4.439493,10947.0,1.7961425,1.19,0.27184162,0.03,2020-07-22 04:50:00
304.57178,6.35,4.37871,11044.0,1.7613868,1.18,0.27184162,0.06,2020-07-22 04:55:00
306.0646,6.9,4.338594,11551.0,1.7099047,1.3,0.33041382,0.01,2020-07-22 05:00:00
305.1792,7.11,4.3372803,11689.0,1.6745473,1.32,0.3424227,0.01,2020-07-22 05:05:00
305.1792,7.11,4.3292494,11689.0,1.6745473,1.32,0.3424227,0.01,2020-07-22 05:10:00
304.9227,6.83,4.3584633,11190.0,1.7446482,1.27,0.32221928,0.01,2020-07-22 05:20:00
302.58954,6.78,4.3794746,11632.0,1.6386987,1.24,0.3096302,0.02,2020-07-22 05:40:00
303.59415,6.76,4.367379,11447.0,1.6824527,1.25,0.31175387,0.02,2020-07-22 05:45:00
302.50812,6.81,4.372116,11618.0,1.6392992,1.24,0.3096302,0.04,2020-07-22 05:50:00
301.68536,6.49,4.343432,11463.0,1.6474386,1.18,0.2855573,0.04,2020-07-22 05:55:00
301.83923,6.92,4.3541017,12042.0,1.5707184,1.26,0.32633585,0.02,2020-07-22 06:00:00
302.49393,7.05,4.310847,12502.0,1.5231642,1.29,0.3384565,0.05,2020-07-22 06:05:00
300.896,7.65,4.1673975,13510.0,1.3864691,1.38,0.40483373,0.03,2020-07-22 06:10:00
300.34814,7.75,4.091259,13951.0,1.3350465,1.4,0.43933272,0.08,2020-07-22 06:15:00
300.52255,7.26,4.239269,12978.0,1.437735,1.31,0.36921585,0.06,2020-07-22 06:20:00
300.1252,7.73,4.093519,12662.0,1.4675591,1.39,0.41497335,0.05,2020-07-22 06:25:00
299.50668,7.85,4.15679,13599.0,1.3576937,1.41,0.40483373,0.05,2020-07-22 06:30:00
300.21805,7.26,4.4207015,12055.0,1.5429391,1.3,0.3344538,0.2,2020-07-22 06:35:00
299.01297,7.52,4.1566334,12132.0,1.5140696,1.35,0.40823996,0.23,2020-07-22 06:40:00
299.0299,7.05,4.320856,12720.0,1.4443345,1.26,0.30535138,0.17,2020-07-22 06:45:00
300.94354,6.8,4.537235,11858.0,1.5804026,1.23,0.29003462,0.02,2020-07-22 06:55:00
301.21942,6.85,4.526864,11986.0,1.5679915,1.25,0.29003462,0.01,2020-07-22 07:00:00
297.52704,7.11,4.471812,12920.0,1.3998471,1.26,0.31806332,0.01,2020-07-22 07:05:00
297.41476,6.97,4.4695525,12541.0,1.440458,1.23,0.3096302,0.05,2020-07-22 07:10:00
297.3008,7.46,4.034811,14170.0,1.2733413,1.32,0.42488167,0.29,2020-07-22 07:15:00
294.07062,8.25,3.5031414,17087.0,1.020656,1.43,0.6138419,0.08,2020-07-22 07:20:00
294.94186,8.88,3.4965413,18740.0,0.9392368,1.55,0.6404815,0.09,2020-07-22 07:25:00
294.7638,9.07,3.424164,17898.0,0.9815754,1.58,0.69460523,0.05,2020-07-22 07:30:00
296.56497,9.45,3.0795617,19595.0,0.9137325,1.66,0.7767012,0.08,2020-07-22 07:35:00
296.00803,9.62,2.7790105,21104.0,0.84344774,1.68,0.8615344,0.04,2020-07-22 07:40:00
295.80017,9.14,2.5533116,21115.0,0.84116703,1.6,0.77524626,0.13,2020-07-22 07:45:00
299.28653,8.55,3.2603374,20430.0,0.90166724,1.53,0.67302096,0.03,2020-07-22 07:50:00
301.0547,8.66,3.3761072,20813.0,0.90145403,1.57,0.67302096,0.02,2020-07-22 07:55:00
303.2112,8.54,3.3245301,18433.0,1.040716,1.57,0.666518,0.04,2020-07-22 08:00:00
300.26926,8.62,3.1800785,19119.0,0.97337776,1.55,0.70671785,0.11,2020-07-22 08:05:00
299.24078,9.17,3.191144,19429.0,0.9476707,1.64,0.7387806,0.04,2020-07-22 08:10:00
301.89456,8.86,3.2472758,19824.0,0.95467037,1.62,0.7101174,0.06,2020-07-22 08:15:00
301.9418,8.89,3.208208,20262.0,0.93448853,1.62,0.72672725,0.05,2020-07-22 08:20:00
300.84372,8.64,3.3129745,19170.0,0.97658145,1.56,0.68394715,0.04,2020-07-22 08:25:00
299.7747,8.69,3.4015582,20488.0,0.9036878,1.56,0.6693169,0.03,2020-07-22 08:30:00
299.3885,8.19,3.5472383,21578.0,0.85460204,1.47,0.60852605,0.07,2020-07-22 08:35:00
299.04736,8.46,3.4768953,20935.0,0.87772965,1.51,0.62531245,0.11,2020-07-22 08:40:00
299.73083,8.26,3.621864,20173.0,0.9173809,1.49,0.5763414,0.01,2020-07-22 08:45:00
298.4695,8.53,3.5528862,20216.0,0.90349054,1.52,0.61278385,0.04,2020-07-22 08:50:00
297.44128,8.66,3.4747806,20889.0,0.8650389,1.53,0.6444386,0.03,2020-07-22 08:55:00
297.17734,9.02,3.4489129,19949.0,0.90329975,1.59,0.6693169,0.02,2020-07-22 09:00:00
297.28125,8.96,3.4770677,19820.0,0.91016906,1.59,0.6589649,0.02,2020-07-22 09:05:00
296.6662,9.04,3.440378,20151.0,0.88946545,1.59,0.67302096,0.01,2020-07-22 09:10:00
295.79416,9.14,3.4465344,20129.0,0.88231504,1.6,0.67302096,0.02,2020-07-22 09:15:00
295.9172,9.11,3.5348125,19982.0,0.88995725,1.6,0.65609825,0.05,2020-07-22 09:20:00
295.9806,8.89,3.351507,21658.0,0.82163566,1.56,0.66558105,0.11,2020-07-22 09:25:00
295.4716,9.16,3.4583955,20957.0,0.84458166,1.6,0.65801144,0.06,2020-07-22 09:30:00
295.20972,8.92,3.5235353,23711.0,0.7444269,1.56,0.60852605,0.1,2020-07-22 09:35:00
296.7913,9.26,3.767479,22026.0,0.8148168,1.63,0.60852605,0.04,2020-07-22 09:40:00
297.4051,9.06,3.6989727,22944.0,0.78726256,1.6,0.61909336,0.03,2020-07-22 09:45:00
292.81296,8.69,3.6316938,21036.0,0.8180648,1.49,0.5998831,0.04,2020-07-22 09:50:00
295.88614,9.31,3.745317,21440.0,0.8291658,1.63,0.61489725,0.04,2020-07-22 09:55:00
295.47903,8.58,4.1020603,21148.0,0.8370194,1.5,0.4969297,0.08,2020-07-22 10:00:00
295.10422,7.63,4.248541,18808.0,0.93744576,1.33,0.41161972,0.14,2020-07-22 10:05:00
295.66895,8.47,3.8944705,20154.0,0.8800599,1.48,0.50379074,0.14,2020-07-22 10:10:00
294.52582,8.01,4.0718546,21213.0,0.82610303,1.39,0.47129175,0.1,2020-07-22 10:15:00
293.80682,8.55,3.8796263,21314.0,0.8159565,1.47,0.5352942,0.08,2020-07-22 10:20:00
294.58536,8.78,3.8895373,20820.0,0.84222645,1.52,0.54777473,0.07,2020-07-22 10:25:00
295.12512,8.07,4.054158,19819.0,0.8898213,1.41,0.48000696,0.03,2020-07-22 10:30:00
294.8374,8.48,3.9020123,20506.0,0.8574028,1.47,0.53147894,0.05,2020-07-22 10:35:00
294.74905,8.86,3.744062,21083.0,0.83315957,1.54,0.5831988,0.05,2020-07-22 10:40:00
294.44278,8.56,3.7697346,19677.0,0.88980776,1.48,0.56110144,0.03,2020-07-22 10:45:00
293.6682,8.75,3.807637,19442.0,0.89320886,1.51,0.56937397,0.01,2020-07-22 10:50:00
293.4315,8.6,3.7667758,20120.0,0.8609456,1.48,0.5575072,0.04,2020-07-22 10:55:00
291.32706,8.9,3.7651427,20434.0,0.8289327,1.51,0.570543,0.03,2020-07-22 11:00:00
285.9136,8.55,3.759641,19308.0,0.8275172,1.4,0.53907615,0.04,2020-07-22 11:05:00
290.629,8.28,3.8642204,20068.0,0.837771,1.4,0.5118834,0.07,2020-07-22 11:10:00
291.21695,8.69,3.6651466,21241.0,0.7965016,1.47,0.5575072,0.07,2020-07-22 11:15:00
289.86414,8.61,3.7385826,19967.0,0.83512956,1.45,0.54282546,0.03,2020-07-22 11:20:00
287.096,8.21,3.883877,19511.0,0.82949585,1.35,0.51454777,0.03,2020-07-22 11:25:00
287.50854,8.62,3.9448574,20162.0,0.80630875,1.42,0.5250448,0.05,2020-07-22 11:30:00
287.2992,8.57,3.9645681,19899.0,0.81511533,1.42,0.519828,0.03,2020-07-22 11:35:00
285.61243,8.42,3.9766946,19047.0,0.8361088,1.38,0.5010593,0.02,2020-07-22 11:40:00
284.57562,8.61,3.997174,19602.0,0.8032898,1.39,0.51587385,0.01,2020-07-22 11:55:00
284.67633,9.12,4.0059333,18954.0,0.8316684,1.48,0.5440681,0.03,2020-07-22 12:05:00
284.88205,8.15,4.204295,19820.0,0.7971207,1.32,0.45178646,0.01,2020-07-22 12:15:00
288.819,7.34,4.2987676,19385.0,0.8505842,1.22,0.372912,0.06,2020-07-22 12:35:00
286.8587,7.78,4.256865,19076.0,0.84623,1.28,0.41497335,0.07,2020-07-22 12:40:00
285.7231,8.2,4.117147,19242.0,0.82863444,1.34,0.46538287,0.02,2020-07-22 12:45:00
287.12274,7.55,3.4046,19249.0,0.8410298,1.24,0.5327544,0.22,2020-07-22 12:50:00
287.25455,8.03,2.8207269,26914.0,0.60236806,1.33,0.73957235,0.35,2020-07-22 12:55:00
284.84445,8.29,2.3076396,23517.0,0.67153287,1.34,0.99782306,0.47,2020-07-22 13:00:00
285.72943,8.0,2.5722558,24679.0,0.6461234,1.31,0.73479986,0.67,2020-07-22 13:05:00
284.36655,7.92,2.7540152,23735.0,0.661896,1.28,0.774517,0.29,2020-07-22 13:10:00
285.31305,6.77,2.7206433,20772.0,0.7641756,1.1,0.60852605,0.14,2020-07-22 13:15:00
284.74588,7.09,2.7328007,21626.0,0.72946596,1.15,0.6541766,0.17,2020-07-22 13:20:00
283.1425,6.7,3.1787105,20468.0,0.7573061,1.07,0.55990666,0.18,2020-07-22 13:25:00
281.9056,7.06,2.7658813,21283.0,0.718448,1.12,0.7126497,0.14,2020-07-22 13:30:00
284.21158,7.73,2.487951,25413.0,0.6171435,1.25,0.73798734,0.08,2020-07-22 13:35:00
289.44574,7.64,2.8003392,26680.0,0.62219703,1.28,0.81090426,0.23,2020-07-22 13:45:00
287.6652,8.27,3.3993528,25425.0,0.6404873,1.37,0.6541766,0.02,2020-07-22 14:00:00
288.4449,7.87,3.3709643,29016.0,0.56596994,1.31,0.65705585,0.02,2020-07-22 14:05:00
289.79373,8.32,3.3745518,27707.0,0.6013797,1.4,0.6821451,0.07,2020-07-22 14:15:00
289.24606,8.51,3.2892096,25924.0,0.6389676,1.42,0.67209786,0.05,2020-07-22 14:20:00
288.1923,8.35,3.2431774,28762.0,0.569413,1.39,0.69196516,0.04,2020-07-22 14:25:00
290.07855,8.12,2.7622817,28638.0,0.58361137,1.37,0.6910815,0.08,2020-07-22 14:30:00
287.3923,7.87,3.1552022,25449.0,0.63799554,1.3,0.67209786,0.05,2020-07-22 14:35:00
286.14767,7.18,3.2597544,23546.0,0.68030465,1.17,0.5932861,0.05,2020-07-22 14:40:00
287.58215,7.92,3.2714217,26355.0,0.6173311,1.31,0.6314438,0.08,2020-07-22 14:45:00
286.48172,7.97,3.42755,27165.0,0.59181803,1.31,0.61278385,0.12,2020-07-22 14:50:00
289.44827,8.11,3.412023,27067.0,0.6133178,1.36,0.60852605,0.08,2020-07-22 14:55:00
292.3441,8.33,3.5406356,30114.0,0.5686116,1.42,0.6074551,0.05,2020-07-22 15:05:00
293.86398,8.41,3.604081,31267.0,0.55655575,1.45,0.60097295,0.07,2020-07-22 15:10:00
292.47928,7.38,3.823153,26175.0,0.6551227,1.26,0.4913617,0.07,2020-07-22 15:15:00
297.2876,9.32,3.8489606,33117.0,0.5447579,1.65,0.5774918,0.09,2020-07-22 15:20:00
297.15762,9.28,3.966787,35126.0,0.51290226,1.64,0.5820634,0.01,2020-07-22 15:25:00
299.62155,9.73,3.9932568,33127.0,0.5580138,1.75,0.59659714,0.03,2020-07-22 15:30:00
298.32483,9.16,3.9781907,33885.0,0.5382151,1.63,0.5843312,0.06,2020-07-22 15:35:00
298.6702,9.36,4.0192537,33803.0,0.5414674,1.67,0.5728716,0.09,2020-07-22 15:40:00
301.86838,9.91,4.153709,34558.0,0.54749346,1.81,0.5440681,0.12,2020-07-22 15:45:00
302.14874,8.86,4.377796,33278.0,0.57019764,1.62,0.47275648,0.12,2020-07-22 15:55:00
302.59387,9.13,4.555052,30228.0,0.6306136,1.67,0.46389303,0.04,2020-07-22 16:00:00
303.06616,9.06,4.583721,31021.0,0.6174837,1.67,0.4409091,0.09,2020-07-22 16:05:00
298.15826,8.44,3.9950218,35973.0,0.50609446,1.5,0.50242716,0.11,2020-07-22 16:10:00
294.78735,8.8,3.8102624,34621.0,0.5075708,1.53,0.4927604,0.06,2020-07-22 16:15:00
296.26047,9.57,4.211757,34911.0,0.5112263,1.68,0.4983106,0.06,2020-07-22 16:20:00
296.79376,9.56,4.4716997,36019.0,0.4982821,1.68,0.519828,0.07,2020-07-22 16:25:00
297.82843,9.64,4.2361655,39488.0,0.45945898,1.71,0.53402615,0.1,2020-07-22 16:30:00
297.89612,9.53,4.4758577,36222.0,0.50124115,1.69,0.50242716,0.05,2020-07-22 16:35:00
296.52228,9.56,4.4138646,33360.0,0.53646785,1.68,0.4969297,0.06,2020-07-22 16:40:00
297.1001,9.44,4.693069,34270.0,0.52539694,1.67,0.45939252,0.02,2020-07-22 16:45:00
300.1552,9.64,4.630432,33696.0,0.5516386,1.74,0.46686766,0.02,2020-07-22 16:50:00
301.72546,9.37,3.3559947,37458.0,0.5043624,1.7,0.50515,0.47,2020-07-22 16:55:00
302.925,8.92,4.9645343,30078.0,0.63591987,1.63,0.3673559,0.08,2020-07-22 17:00:00
301.65192,9.41,4.9314094,34272.0,0.5508309,1.71,0.41830128,0.02,2020-07-22 17:05:00
302.25433,9.69,4.836476,35341.0,0.53749716,1.77,0.42488167,0.06,2020-07-22 17:10:00
301.5672,9.45,4.827691,28201.0,0.6688264,1.72,0.4199558,0.13,2020-07-22 17:15:00
302.2193,9.78,4.4235053,32905.0,0.5770805,1.79,0.50242716,0.11,2020-07-22 17:20:00
302.44638,9.7,3.8007631,32121.0,0.59254944,1.78,0.48429987,0.13,2020-07-22 17:25:00
301.74005,9.24,4.8397727,31823.0,0.5937607,1.69,0.42160395,0.02,2020-07-22 17:30:00
304.7023,9.39,4.6626816,38116.0,0.5110379,1.74,0.4871384,0.14,2020-07-22 17:35:00
278.40466,8.17,4.429481,4371.0,3.364747,1.27,0.3598355,0.2,2020-07-22 17:40:00
306.2513,9.51,3.3880527,45308.0,0.43675813,1.79,0.71683776,0.34,2020-07-22 17:45:00
304.43237,9.42,3.440465,39286.0,0.4944522,1.75,0.6159501,0.13,2020-07-22 17:50:00
302.71695,9.5,4.1039615,36599.0,0.52149886,1.74,0.5831988,0.06,2020-07-22 17:55:00
300.81866,9.18,4.1921234,36316.0,0.51537097,1.66,0.55145,0.03,2020-07-22 18:00:00
301.01923,9.18,4.2356224,36612.0,0.51226604,1.66,0.5587086,0.04,2020-07-22 18:05:00
301.32574,9.42,4.2198105,36803.0,0.51122475,1.71,0.53781915,0.05,2020-07-22 18:10:00
302.66367,9.54,4.2804675,36666.0,0.5202608,1.75,0.5526682,0.06,2020-07-22 18:15:00
301.06247,9.11,4.3091297,36552.0,0.5133364,1.65,0.51454777,0.06,2020-07-22 18:20:00
303.64117,9.43,4.1555266,36730.0,0.5245936,1.74,0.54282546,0.07,2020-07-22 18:25:00
303.81396,9.61,3.1577525,39015.0,0.49474517,1.77,0.60422605,0.07,2020-07-22 18:30:00
300.9893,9.52,3.4466214,40278.0,0.4654968,1.73,0.65609825,0.21,2020-07-22 18:35:00
303.77927,9.27,3.6403983,41328.0,0.46688965,1.71,0.62838894,0.05,2020-07-22 18:40:00
297.8424,9.66,3.7999606,39507.0,0.45930502,1.71,0.6608655,0.05,2020-07-22 18:45:00
294.9884,9.6,3.9759903,40787.0,0.43175384,1.67,0.6242821,0.09,2020-07-22 18:50:00
294.9149,9.92,3.9921045,40644.0,0.4329369,1.72,0.62838894,0.03,2020-07-22 18:55:00
291.25403,8.93,4.0168147,38666.0,0.43772823,1.52,0.55630255,0.07,2020-07-22 19:00:00
292.45465,8.69,3.9930563,37511.0,0.45702168,1.49,0.57170886,0.02,2020-07-22 19:05:00
293.40164,8.82,3.9251626,42166.0,0.41068012,1.52,0.5854607,0.12,2020-07-22 19:10:00
291.511,8.54,3.0418744,37814.0,0.44882128,1.45,0.6364879,0.31,2020-07-22 19:15:00
288.1184,8.89,3.5514083,39857.0,0.41057745,1.48,0.5932861,0.13,2020-07-22 19:20:00
309.96634,8.77,4.5817575,34235.0,0.6001324,1.68,0.4297523,0.07,2020-07-22 19:25:00
308.19867,8.63,4.440698,31938.0,0.6319427,1.64,0.4424798,0.14,2020-07-22 19:30:00
305.8178,8.79,4.4854655,32217.0,0.6115273,1.64,0.46389303,0.05,2020-07-22 19:35:00
307.6888,8.44,4.4828897,30508.0,0.6581626,1.6,0.43775058,0.07,2020-07-22 19:40:00
308.60318,8.6,4.378596,32004.0,0.6332197,1.64,0.46834734,0.06,2020-07-22 19:45:00
307.65964,8.41,4.2044854,31999.0,0.6273103,1.59,0.48144266,0.07,2020-07-22 19:50:00
302.42065,8.59,4.0641484,35749.0,0.53227335,1.57,0.510545,0.08,2020-07-22 19:55:00
303.7131,8.21,4.3191895,29282.0,0.65851164,1.51,0.45484486,0.02,2020-07-22 20:00:00
305.1135,8.15,4.370286,30902.0,0.6329902,1.52,0.44404483,0.05,2020-07-22 20:10:00
305.68326,8.14,4.355514,26744.0,0.7356641,1.52,0.42160395,0.05,2020-07-22 20:15:00
304.82693,8.1,4.3699083,28057.0,0.6951396,1.51,0.4265113,0.05,2020-07-22 20:20:00
303.04016,7.98,4.3558125,28095.0,0.6816105,1.46,0.42813483,0.04,2020-07-22 20:25:00
301.79843,7.95,4.438761,27622.0,0.6844774,1.45,0.39619938,0.14,2020-07-22 20:30:00
299.52637,7.67,4.102792,27362.0,0.67491615,1.37,0.44870633,0.16,2020-07-22 20:35:00
296.37616,9.0,3.9001923,40289.0,0.44352373,1.58,0.5786392,0.06,2020-07-22 20:40:00
295.13428,8.43,3.7057388,34470.0,0.5116643,1.47,0.53907615,0.15,2020-07-22 20:45:00
290.2636,9.22,3.8416274,34820.0,0.48094994,1.56,0.6053051,0.08,2020-07-22 20:50:00
296.4722,8.68,3.9312084,36188.0,0.49428415,1.52,0.5682018,0.35,2020-07-22 20:55:00
294.8532,7.96,3.2566547,30044.0,0.58530277,1.38,0.52113813,0.37,2020-07-22 21:00:00
291.1451,9.23,3.5288668,35307.0,0.47881454,1.57,0.677607,0.09,2020-07-22 21:05:00
292.64154,9.46,3.4570074,35758.0,0.48038116,1.62,0.6757783,0.03,2020-07-22 21:10:00
290.68954,7.71,3.5091166,31684.0,0.53097117,1.31,0.5843312,0.03,2020-07-22 21:15:00
291.47522,8.71,3.5764928,36099.0,0.4699644,1.48,0.6324573,0.08,2020-07-22 21:20:00
285.0183,8.44,3.5624852,33760.0,0.46867493,1.38,0.65513843,0.05,2020-07-22 21:25:00
283.7131,7.37,3.4913895,30366.0,0.5136664,1.19,0.5998831,0.02,2020-07-22 21:30:00
287.13278,9.15,3.539237,37197.0,0.43527034,1.51,0.69810057,0.01,2020-07-22 21:35:00
288.6018,9.34,3.6553934,34968.0,0.47043043,1.56,0.67302096,0.02,2020-07-22 21:40:00
289.36914,9.04,3.7259898,33415.0,0.4963803,1.51,0.6414741,0.01,2020-07-22 21:45:00
288.83017,9.01,3.7374055,34270.0,0.48119542,1.5,0.6414741,0.03,2020-07-22 21:50:00
288.22025,9.02,3.7684612,34558.0,0.47405532,1.5,0.6304279,0.02,2020-07-22 21:55:00
289.03442,9.11,3.720672,34268.0,0.4822836,1.52,0.6414741,0.05,2020-07-22 22:00:00
288.65057,8.34,3.6756086,33021.0,0.49843016,1.39,0.587711,0.11,2020-07-22 22:05:00
293.72217,7.6,3.8426163,33481.0,0.5189719,1.31,0.49968714,0.11,2020-07-22 22:10:00
290.85477,8.11,4.079473,28506.0,0.5912115,1.37,0.48855072,0.07,2020-07-22 22:15:00
293.4188,8.03,4.3068085,26111.0,0.66331774,1.39,0.4409091,0.07,2020-07-22 22:20:00
293.82196,8.07,4.3940983,23184.0,0.7502625,1.39,0.41329977,0.1,2020-07-22 22:25:00
298.69843,8.64,4.003011,19506.0,0.93861425,1.54,0.4969297,0.04,2020-07-22 22:30:00
298.99152,8.88,4.0180345,21800.0,0.8424126,1.59,0.53147894,0.04,2020-07-22 22:35:00
298.05997,8.56,4.0930552,21022.0,0.8651441,1.52,0.5010593,0.02,2020-07-22 22:40:00
298.578,8.79,4.0554657,21156.0,0.8643243,1.57,0.51454777,0.07,2020-07-22 22:45:00
300.15018,9.16,4.006919,23242.0,0.79971784,1.65,0.5575072,0.05,2020-07-22 22:50:00
300.40683,9.04,4.0240526,19819.0,0.94033825,1.63,0.53655845,0.07,2020-07-22 22:55:00
299.81665,8.75,4.0616007,18980.0,0.9759127,1.57,0.50920254,0.03,2020-07-22 23:00:00
297.81717,9.04,3.9422836,20518.0,0.88414955,1.6,0.53781915,0.02,2020-07-22 23:05:00
300.04565,8.93,3.9080174,21744.0,0.85388625,1.61,0.55022836,0.14,2020-07-22 23:10:00
303.0246,9.04,3.843709,22150.0,0.8644147,1.66,0.5786392,0.08,2020-07-22 23:15:00
304.42538,8.97,3.970617,16934.0,1.1470215,1.66,0.53402615,0.02,2020-07-22 23:20:00
305.53696,8.83,3.8952665,16745.0,1.1732041,1.65,0.54530716,0.08,2020-07-22 23:25:00
305.53018,8.96,3.7118862,18281.0,1.0745554,1.67,0.59769523,0.08,2020-07-22 23:30:00
305.02664,9.26,3.7343004,17530.0,1.1148511,1.72,0.57518786,0.07,2020-07-22 23:35:00
309.18143,9.69,3.582583,18478.0,1.1031499,1.85,0.65224636,0.07,2020-07-22 23:40:00
308.50195,9.59,3.5703921,18083.0,1.1195531,1.82,0.6589649,0.04,2020-07-22 23:45:00
307.22168,9.46,3.529816,19341.0,1.0332704,1.78,0.666518,0.06,2020-07-22 23:50:00
307.27936,9.33,3.076134,20739.0,0.96418154,1.76,0.70671785,0.13,2020-07-22 23:55:00
307.1112,9.09,3.357797,19394.0,1.0292935,1.72,0.6794279,0.03,2020-07-23 00:00:00
